WARNING - 2024-08-05 04:29:21 --> [DEPRECATED] Creation of dynamic property App\Controllers\Home::$db is deprecated in APPPATH\Controllers\BaseController.php on line 57.
 1 SYSTEMPATH\CodeIgniter.php(904): App\Controllers\BaseController->initController(Object(CodeIgniter\HTTP\IncomingRequest), Object(CodeIgniter\HTTP\Response), Object(CodeIgniter\Log\Logger))
 2 SYSTEMPATH\CodeIgniter.php(500): CodeIgniter\CodeIgniter->createController()
 3 SYSTEMPATH\CodeIgniter.php(355): CodeIgniter\CodeIgniter->handleRequest(null, Object(Config\Cache), false)
 4 SYSTEMPATH\Boot.php(312): CodeIgniter\CodeIgniter->run()
 5 SYSTEMPATH\Boot.php(67): CodeIgniter\Boot::runCodeIgniter(Object(CodeIgniter\CodeIgniter))
 6 FCPATH\index.php(56): CodeIgniter\Boot::bootWeb(Object(Config\Paths))
 7 SYSTEMPATH\Commands\Server\rewrite.php(49): require_once('C:\\xampp\\htdocs\\siput_umkm\\public\\index.php')
WARNING - 2024-08-05 04:35:22 --> [DEPRECATED] Creation of dynamic property App\Controllers\Home::$db is deprecated in APPPATH\Controllers\BaseController.php on line 57.
 1 SYSTEMPATH\CodeIgniter.php(904): App\Controllers\BaseController->initController(Object(CodeIgniter\HTTP\IncomingRequest), Object(CodeIgniter\HTTP\Response), Object(CodeIgniter\Log\Logger))
 2 SYSTEMPATH\CodeIgniter.php(500): CodeIgniter\CodeIgniter->createController()
 3 SYSTEMPATH\CodeIgniter.php(355): CodeIgniter\CodeIgniter->handleRequest(null, Object(Config\Cache), false)
 4 SYSTEMPATH\Boot.php(312): CodeIgniter\CodeIgniter->run()
 5 SYSTEMPATH\Boot.php(67): CodeIgniter\Boot::runCodeIgniter(Object(CodeIgniter\CodeIgniter))
 6 FCPATH\index.php(56): CodeIgniter\Boot::bootWeb(Object(Config\Paths))
 7 SYSTEMPATH\Commands\Server\rewrite.php(49): require_once('C:\\xampp\\htdocs\\siput_umkm\\public\\index.php')
WARNING - 2024-08-05 05:10:43 --> [DEPRECATED] Creation of dynamic property App\Controllers\Home::$db is deprecated in APPPATH\Controllers\BaseController.php on line 57.
 1 SYSTEMPATH\CodeIgniter.php(904): App\Controllers\BaseController->initController(Object(CodeIgniter\HTTP\IncomingRequest), Object(CodeIgniter\HTTP\Response), Object(CodeIgniter\Log\Logger))
 2 SYSTEMPATH\CodeIgniter.php(500): CodeIgniter\CodeIgniter->createController()
 3 SYSTEMPATH\CodeIgniter.php(355): CodeIgniter\CodeIgniter->handleRequest(null, Object(Config\Cache), false)
 4 SYSTEMPATH\Boot.php(312): CodeIgniter\CodeIgniter->run()
 5 SYSTEMPATH\Boot.php(67): CodeIgniter\Boot::runCodeIgniter(Object(CodeIgniter\CodeIgniter))
 6 FCPATH\index.php(56): CodeIgniter\Boot::bootWeb(Object(Config\Paths))
 7 SYSTEMPATH\Commands\Server\rewrite.php(49): require_once('C:\\xampp\\htdocs\\siput_umkm\\public\\index.php')
WARNING - 2024-08-05 05:17:04 --> [DEPRECATED] Creation of dynamic property App\Controllers\Home::$db is deprecated in APPPATH\Controllers\BaseController.php on line 57.
 1 SYSTEMPATH\CodeIgniter.php(904): App\Controllers\BaseController->initController(Object(CodeIgniter\HTTP\IncomingRequest), Object(CodeIgniter\HTTP\Response), Object(CodeIgniter\Log\Logger))
 2 SYSTEMPATH\CodeIgniter.php(500): CodeIgniter\CodeIgniter->createController()
 3 SYSTEMPATH\CodeIgniter.php(355): CodeIgniter\CodeIgniter->handleRequest(null, Object(Config\Cache), false)
 4 SYSTEMPATH\Boot.php(312): CodeIgniter\CodeIgniter->run()
 5 SYSTEMPATH\Boot.php(67): CodeIgniter\Boot::runCodeIgniter(Object(CodeIgniter\CodeIgniter))
 6 FCPATH\index.php(56): CodeIgniter\Boot::bootWeb(Object(Config\Paths))
 7 SYSTEMPATH\Commands\Server\rewrite.php(49): require_once('C:\\xampp\\htdocs\\siput_umkm\\public\\index.php')
WARNING - 2024-08-05 14:22:43 --> [DEPRECATED] Creation of dynamic property App\Controllers\Home::$db is deprecated in APPPATH\Controllers\BaseController.php on line 57.
 1 SYSTEMPATH\CodeIgniter.php(904): App\Controllers\BaseController->initController(Object(CodeIgniter\HTTP\IncomingRequest), Object(CodeIgniter\HTTP\Response), Object(CodeIgniter\Log\Logger))
 2 SYSTEMPATH\CodeIgniter.php(500): CodeIgniter\CodeIgniter->createController()
 3 SYSTEMPATH\CodeIgniter.php(355): CodeIgniter\CodeIgniter->handleRequest(null, Object(Config\Cache), false)
 4 SYSTEMPATH\Boot.php(312): CodeIgniter\CodeIgniter->run()
 5 SYSTEMPATH\Boot.php(67): CodeIgniter\Boot::runCodeIgniter(Object(CodeIgniter\CodeIgniter))
 6 FCPATH\index.php(56): CodeIgniter\Boot::bootWeb(Object(Config\Paths))
 7 SYSTEMPATH\Commands\Server\rewrite.php(49): require_once('C:\\xampp\\htdocs\\siput_umkm\\public\\index.php')
WARNING - 2024-08-05 14:23:34 --> [DEPRECATED] Creation of dynamic property App\Controllers\Auth::$db is deprecated in APPPATH\Controllers\BaseController.php on line 57.
 1 SYSTEMPATH\CodeIgniter.php(904): App\Controllers\BaseController->initController(Object(CodeIgniter\HTTP\IncomingRequest), Object(CodeIgniter\HTTP\Response), Object(CodeIgniter\Log\Logger))
 2 SYSTEMPATH\CodeIgniter.php(500): CodeIgniter\CodeIgniter->createController()
 3 SYSTEMPATH\CodeIgniter.php(355): CodeIgniter\CodeIgniter->handleRequest(null, Object(Config\Cache), false)
 4 SYSTEMPATH\Boot.php(312): CodeIgniter\CodeIgniter->run()
 5 SYSTEMPATH\Boot.php(67): CodeIgniter\Boot::runCodeIgniter(Object(CodeIgniter\CodeIgniter))
 6 FCPATH\index.php(56): CodeIgniter\Boot::bootWeb(Object(Config\Paths))
 7 SYSTEMPATH\Commands\Server\rewrite.php(49): require_once('C:\\xampp\\htdocs\\siput_umkm\\public\\index.php')
INFO - 2024-08-05 14:23:34 --> Session: Class initialized using 'CodeIgniter\Session\Handlers\FileHandler' driver.
INFO - 2024-08-05 14:25:25 --> CSRF token verified.
WARNING - 2024-08-05 14:25:25 --> [DEPRECATED] Creation of dynamic property App\Controllers\Auth::$db is deprecated in APPPATH\Controllers\BaseController.php on line 57.
 1 SYSTEMPATH\CodeIgniter.php(904): App\Controllers\BaseController->initController(Object(CodeIgniter\HTTP\IncomingRequest), Object(CodeIgniter\HTTP\Response), Object(CodeIgniter\Log\Logger))
 2 SYSTEMPATH\CodeIgniter.php(500): CodeIgniter\CodeIgniter->createController()
 3 SYSTEMPATH\CodeIgniter.php(355): CodeIgniter\CodeIgniter->handleRequest(null, Object(Config\Cache), false)
 4 SYSTEMPATH\Boot.php(312): CodeIgniter\CodeIgniter->run()
 5 SYSTEMPATH\Boot.php(67): CodeIgniter\Boot::runCodeIgniter(Object(CodeIgniter\CodeIgniter))
 6 FCPATH\index.php(56): CodeIgniter\Boot::bootWeb(Object(Config\Paths))
 7 SYSTEMPATH\Commands\Server\rewrite.php(49): require_once('C:\\xampp\\htdocs\\siput_umkm\\public\\index.php')
ERROR - 2024-08-05 14:25:29 --> Error connecting to the database: mysqli_sql_exception: No connection could be made because the target machine actively refused it in C:\xampp\htdocs\siput_umkm\system\Database\MySQLi\Connection.php:186
Stack trace:
#0 C:\xampp\htdocs\siput_umkm\system\Database\MySQLi\Connection.php(186): mysqli->real_connect('localhost', 'root', Object(SensitiveParameterValue), 'siput', 3306, '', 0)
#1 C:\xampp\htdocs\siput_umkm\system\Database\BaseConnection.php(421): CodeIgniter\Database\MySQLi\Connection->connect(false)
#2 C:\xampp\htdocs\siput_umkm\system\Database\BaseConnection.php(604): CodeIgniter\Database\BaseConnection->initialize()
#3 C:\xampp\htdocs\siput_umkm\system\Database\BaseBuilder.php(1767): CodeIgniter\Database\BaseConnection->query('SELECT *\nFROM `...', Array, false)
#4 C:\xampp\htdocs\siput_umkm\app\Controllers\Auth.php(23): CodeIgniter\Database\BaseBuilder->getWhere(Array)
#5 C:\xampp\htdocs\siput_umkm\system\CodeIgniter.php(933): App\Controllers\Auth->loginProcess()
#6 C:\xampp\htdocs\siput_umkm\system\CodeIgniter.php(509): CodeIgniter\CodeIgniter->runController(Object(App\Controllers\Auth))
#7 C:\xampp\htdocs\siput_umkm\system\CodeIgniter.php(355): CodeIgniter\CodeIgniter->handleRequest(NULL, Object(Config\Cache), false)
#8 C:\xampp\htdocs\siput_umkm\system\Boot.php(312): CodeIgniter\CodeIgniter->run()
#9 C:\xampp\htdocs\siput_umkm\system\Boot.php(67): CodeIgniter\Boot::runCodeIgniter(Object(CodeIgniter\CodeIgniter))
#10 C:\xampp\htdocs\siput_umkm\public\index.php(56): CodeIgniter\Boot::bootWeb(Object(Config\Paths))
#11 C:\xampp\htdocs\siput_umkm\system\Commands\Server\rewrite.php(49): require_once('C:\\xampp\\htdocs...')
#12 {main}

Next CodeIgniter\Database\Exceptions\DatabaseException: No connection could be made because the target machine actively refused it in C:\xampp\htdocs\siput_umkm\system\Database\MySQLi\Connection.php:231
Stack trace:
#0 C:\xampp\htdocs\siput_umkm\system\Database\BaseConnection.php(421): CodeIgniter\Database\MySQLi\Connection->connect(false)
#1 C:\xampp\htdocs\siput_umkm\system\Database\BaseConnection.php(604): CodeIgniter\Database\BaseConnection->initialize()
#2 C:\xampp\htdocs\siput_umkm\system\Database\BaseBuilder.php(1767): CodeIgniter\Database\BaseConnection->query('SELECT *\nFROM `...', Array, false)
#3 C:\xampp\htdocs\siput_umkm\app\Controllers\Auth.php(23): CodeIgniter\Database\BaseBuilder->getWhere(Array)
#4 C:\xampp\htdocs\siput_umkm\system\CodeIgniter.php(933): App\Controllers\Auth->loginProcess()
#5 C:\xampp\htdocs\siput_umkm\system\CodeIgniter.php(509): CodeIgniter\CodeIgniter->runController(Object(App\Controllers\Auth))
#6 C:\xampp\htdocs\siput_umkm\system\CodeIgniter.php(355): CodeIgniter\CodeIgniter->handleRequest(NULL, Object(Config\Cache), false)
#7 C:\xampp\htdocs\siput_umkm\system\Boot.php(312): CodeIgniter\CodeIgniter->run()
#8 C:\xampp\htdocs\siput_umkm\system\Boot.php(67): CodeIgniter\Boot::runCodeIgniter(Object(CodeIgniter\CodeIgniter))
#9 C:\xampp\htdocs\siput_umkm\public\index.php(56): CodeIgniter\Boot::bootWeb(Object(Config\Paths))
#10 C:\xampp\htdocs\siput_umkm\system\Commands\Server\rewrite.php(49): require_once('C:\\xampp\\htdocs...')
#11 {main}
CRITICAL - 2024-08-05 14:25:29 --> CodeIgniter\Database\Exceptions\DatabaseException: Unable to connect to the database.
Main connection [MySQLi]: No connection could be made because the target machine actively refused it
[Method: POST, Route: auth/loginProcess]
in SYSTEMPATH\Database\BaseConnection.php on line 457.
 1 SYSTEMPATH\Database\BaseConnection.php(604): CodeIgniter\Database\BaseConnection->initialize()
 2 SYSTEMPATH\Database\BaseBuilder.php(1767): CodeIgniter\Database\BaseConnection->query('SELECT *
FROM `users`
WHERE `username` = :username:', [...], false)
 3 APPPATH\Controllers\Auth.php(23): CodeIgniter\Database\BaseBuilder->getWhere([...])
 4 SYSTEMPATH\CodeIgniter.php(933): App\Controllers\Auth->loginProcess()
 5 SYSTEMPATH\CodeIgniter.php(509): CodeIgniter\CodeIgniter->runController(Object(App\Controllers\Auth))
 6 SYSTEMPATH\CodeIgniter.php(355): CodeIgniter\CodeIgniter->handleRequest(null, Object(Config\Cache), false)
 7 SYSTEMPATH\Boot.php(312): CodeIgniter\CodeIgniter->run()
 8 SYSTEMPATH\Boot.php(67): CodeIgniter\Boot::runCodeIgniter(Object(CodeIgniter\CodeIgniter))
 9 FCPATH\index.php(56): CodeIgniter\Boot::bootWeb(Object(Config\Paths))
10 SYSTEMPATH\Commands\Server\rewrite.php(49): require_once('C:\\xampp\\htdocs\\siput_umkm\\public\\index.php')
WARNING - 2024-08-05 14:27:23 --> [DEPRECATED] Creation of dynamic property App\Controllers\Auth::$db is deprecated in APPPATH\Controllers\BaseController.php on line 57.
 1 SYSTEMPATH\CodeIgniter.php(904): App\Controllers\BaseController->initController(Object(CodeIgniter\HTTP\IncomingRequest), Object(CodeIgniter\HTTP\Response), Object(CodeIgniter\Log\Logger))
 2 SYSTEMPATH\CodeIgniter.php(500): CodeIgniter\CodeIgniter->createController()
 3 SYSTEMPATH\CodeIgniter.php(355): CodeIgniter\CodeIgniter->handleRequest(null, Object(Config\Cache), false)
 4 SYSTEMPATH\Boot.php(312): CodeIgniter\CodeIgniter->run()
 5 SYSTEMPATH\Boot.php(67): CodeIgniter\Boot::runCodeIgniter(Object(CodeIgniter\CodeIgniter))
 6 FCPATH\index.php(56): CodeIgniter\Boot::bootWeb(Object(Config\Paths))
 7 SYSTEMPATH\Commands\Server\rewrite.php(49): require_once('C:\\xampp\\htdocs\\siput_umkm\\public\\index.php')
INFO - 2024-08-05 14:27:23 --> Session: Class initialized using 'CodeIgniter\Session\Handlers\FileHandler' driver.
INFO - 2024-08-05 14:27:32 --> CSRF token verified.
WARNING - 2024-08-05 14:27:32 --> [DEPRECATED] Creation of dynamic property App\Controllers\Auth::$db is deprecated in APPPATH\Controllers\BaseController.php on line 57.
 1 SYSTEMPATH\CodeIgniter.php(904): App\Controllers\BaseController->initController(Object(CodeIgniter\HTTP\IncomingRequest), Object(CodeIgniter\HTTP\Response), Object(CodeIgniter\Log\Logger))
 2 SYSTEMPATH\CodeIgniter.php(500): CodeIgniter\CodeIgniter->createController()
 3 SYSTEMPATH\CodeIgniter.php(355): CodeIgniter\CodeIgniter->handleRequest(null, Object(Config\Cache), false)
 4 SYSTEMPATH\Boot.php(312): CodeIgniter\CodeIgniter->run()
 5 SYSTEMPATH\Boot.php(67): CodeIgniter\Boot::runCodeIgniter(Object(CodeIgniter\CodeIgniter))
 6 FCPATH\index.php(56): CodeIgniter\Boot::bootWeb(Object(Config\Paths))
 7 SYSTEMPATH\Commands\Server\rewrite.php(49): require_once('C:\\xampp\\htdocs\\siput_umkm\\public\\index.php')
INFO - 2024-08-05 14:27:34 --> Session: Class initialized using 'CodeIgniter\Session\Handlers\FileHandler' driver.
INFO - 2024-08-05 14:27:35 --> Session: Class initialized using 'CodeIgniter\Session\Handlers\FileHandler' driver.
WARNING - 2024-08-05 14:27:35 --> [DEPRECATED] Creation of dynamic property App\Controllers\Admin::$db is deprecated in APPPATH\Controllers\AdminBaseController.php on line 57.
 1 SYSTEMPATH\CodeIgniter.php(904): App\Controllers\AdminBaseController->initController(Object(CodeIgniter\HTTP\IncomingRequest), Object(CodeIgniter\HTTP\Response), Object(CodeIgniter\Log\Logger))
 2 SYSTEMPATH\CodeIgniter.php(500): CodeIgniter\CodeIgniter->createController()
 3 SYSTEMPATH\CodeIgniter.php(355): CodeIgniter\CodeIgniter->handleRequest(null, Object(Config\Cache), false)
 4 SYSTEMPATH\Boot.php(312): CodeIgniter\CodeIgniter->run()
 5 SYSTEMPATH\Boot.php(67): CodeIgniter\Boot::runCodeIgniter(Object(CodeIgniter\CodeIgniter))
 6 FCPATH\index.php(56): CodeIgniter\Boot::bootWeb(Object(Config\Paths))
 7 SYSTEMPATH\Commands\Server\rewrite.php(49): require_once('C:\\xampp\\htdocs\\siput_umkm\\public\\index.php')
INFO - 2024-08-05 15:00:18 --> Session: Class initialized using 'CodeIgniter\Session\Handlers\FileHandler' driver.
WARNING - 2024-08-05 15:00:18 --> [DEPRECATED] Creation of dynamic property App\Controllers\Admin::$db is deprecated in APPPATH\Controllers\AdminBaseController.php on line 57.
 1 SYSTEMPATH\CodeIgniter.php(904): App\Controllers\AdminBaseController->initController(Object(CodeIgniter\HTTP\IncomingRequest), Object(CodeIgniter\HTTP\Response), Object(CodeIgniter\Log\Logger))
 2 SYSTEMPATH\CodeIgniter.php(500): CodeIgniter\CodeIgniter->createController()
 3 SYSTEMPATH\CodeIgniter.php(355): CodeIgniter\CodeIgniter->handleRequest(null, Object(Config\Cache), false)
 4 SYSTEMPATH\Boot.php(312): CodeIgniter\CodeIgniter->run()
 5 SYSTEMPATH\Boot.php(67): CodeIgniter\Boot::runCodeIgniter(Object(CodeIgniter\CodeIgniter))
 6 FCPATH\index.php(56): CodeIgniter\Boot::bootWeb(Object(Config\Paths))
 7 SYSTEMPATH\Commands\Server\rewrite.php(49): require_once('C:\\xampp\\htdocs\\siput_umkm\\public\\index.php')
INFO - 2024-08-05 15:41:15 --> Session: Class initialized using 'CodeIgniter\Session\Handlers\FileHandler' driver.
WARNING - 2024-08-05 15:41:15 --> [DEPRECATED] Creation of dynamic property App\Controllers\Admin::$db is deprecated in APPPATH\Controllers\AdminBaseController.php on line 57.
 1 SYSTEMPATH\CodeIgniter.php(904): App\Controllers\AdminBaseController->initController(Object(CodeIgniter\HTTP\IncomingRequest), Object(CodeIgniter\HTTP\Response), Object(CodeIgniter\Log\Logger))
 2 SYSTEMPATH\CodeIgniter.php(500): CodeIgniter\CodeIgniter->createController()
 3 SYSTEMPATH\CodeIgniter.php(355): CodeIgniter\CodeIgniter->handleRequest(null, Object(Config\Cache), false)
 4 SYSTEMPATH\Boot.php(312): CodeIgniter\CodeIgniter->run()
 5 SYSTEMPATH\Boot.php(67): CodeIgniter\Boot::runCodeIgniter(Object(CodeIgniter\CodeIgniter))
 6 FCPATH\index.php(56): CodeIgniter\Boot::bootWeb(Object(Config\Paths))
 7 SYSTEMPATH\Commands\Server\rewrite.php(49): require_once('C:\\xampp\\htdocs\\siput_umkm\\public\\index.php')
WARNING - 2024-08-05 15:41:29 --> [DEPRECATED] Creation of dynamic property App\Controllers\AdminArtikel::$db is deprecated in APPPATH\Controllers\BaseController.php on line 57.
 1 SYSTEMPATH\CodeIgniter.php(904): App\Controllers\BaseController->initController(Object(CodeIgniter\HTTP\IncomingRequest), Object(CodeIgniter\HTTP\Response), Object(CodeIgniter\Log\Logger))
 2 SYSTEMPATH\CodeIgniter.php(500): CodeIgniter\CodeIgniter->createController()
 3 SYSTEMPATH\CodeIgniter.php(355): CodeIgniter\CodeIgniter->handleRequest(null, Object(Config\Cache), false)
 4 SYSTEMPATH\Boot.php(312): CodeIgniter\CodeIgniter->run()
 5 SYSTEMPATH\Boot.php(67): CodeIgniter\Boot::runCodeIgniter(Object(CodeIgniter\CodeIgniter))
 6 FCPATH\index.php(56): CodeIgniter\Boot::bootWeb(Object(Config\Paths))
 7 SYSTEMPATH\Commands\Server\rewrite.php(49): require_once('C:\\xampp\\htdocs\\siput_umkm\\public\\index.php')
INFO - 2024-08-05 15:41:30 --> Session: Class initialized using 'CodeIgniter\Session\Handlers\FileHandler' driver.
WARNING - 2024-08-05 15:44:57 --> [DEPRECATED] Creation of dynamic property App\Controllers\AdminArtikel::$db is deprecated in APPPATH\Controllers\BaseController.php on line 57.
 1 SYSTEMPATH\CodeIgniter.php(904): App\Controllers\BaseController->initController(Object(CodeIgniter\HTTP\IncomingRequest), Object(CodeIgniter\HTTP\Response), Object(CodeIgniter\Log\Logger))
 2 SYSTEMPATH\CodeIgniter.php(500): CodeIgniter\CodeIgniter->createController()
 3 SYSTEMPATH\CodeIgniter.php(355): CodeIgniter\CodeIgniter->handleRequest(null, Object(Config\Cache), false)
 4 SYSTEMPATH\Boot.php(312): CodeIgniter\CodeIgniter->run()
 5 SYSTEMPATH\Boot.php(67): CodeIgniter\Boot::runCodeIgniter(Object(CodeIgniter\CodeIgniter))
 6 FCPATH\index.php(56): CodeIgniter\Boot::bootWeb(Object(Config\Paths))
 7 SYSTEMPATH\Commands\Server\rewrite.php(49): require_once('C:\\xampp\\htdocs\\siput_umkm\\public\\index.php')
INFO - 2024-08-05 15:44:58 --> Session: Class initialized using 'CodeIgniter\Session\Handlers\FileHandler' driver.
WARNING - 2024-08-05 15:45:31 --> [DEPRECATED] Creation of dynamic property App\Controllers\AdminArtikel::$db is deprecated in APPPATH\Controllers\BaseController.php on line 57.
 1 SYSTEMPATH\CodeIgniter.php(904): App\Controllers\BaseController->initController(Object(CodeIgniter\HTTP\IncomingRequest), Object(CodeIgniter\HTTP\Response), Object(CodeIgniter\Log\Logger))
 2 SYSTEMPATH\CodeIgniter.php(500): CodeIgniter\CodeIgniter->createController()
 3 SYSTEMPATH\CodeIgniter.php(355): CodeIgniter\CodeIgniter->handleRequest(null, Object(Config\Cache), false)
 4 SYSTEMPATH\Boot.php(312): CodeIgniter\CodeIgniter->run()
 5 SYSTEMPATH\Boot.php(67): CodeIgniter\Boot::runCodeIgniter(Object(CodeIgniter\CodeIgniter))
 6 FCPATH\index.php(56): CodeIgniter\Boot::bootWeb(Object(Config\Paths))
 7 SYSTEMPATH\Commands\Server\rewrite.php(49): require_once('C:\\xampp\\htdocs\\siput_umkm\\public\\index.php')
INFO - 2024-08-05 15:45:31 --> Session: Class initialized using 'CodeIgniter\Session\Handlers\FileHandler' driver.
WARNING - 2024-08-05 15:48:17 --> [DEPRECATED] Creation of dynamic property App\Controllers\AdminArtikel::$db is deprecated in APPPATH\Controllers\BaseController.php on line 57.
 1 SYSTEMPATH\CodeIgniter.php(904): App\Controllers\BaseController->initController(Object(CodeIgniter\HTTP\IncomingRequest), Object(CodeIgniter\HTTP\Response), Object(CodeIgniter\Log\Logger))
 2 SYSTEMPATH\CodeIgniter.php(500): CodeIgniter\CodeIgniter->createController()
 3 SYSTEMPATH\CodeIgniter.php(355): CodeIgniter\CodeIgniter->handleRequest(null, Object(Config\Cache), false)
 4 SYSTEMPATH\Boot.php(312): CodeIgniter\CodeIgniter->run()
 5 SYSTEMPATH\Boot.php(67): CodeIgniter\Boot::runCodeIgniter(Object(CodeIgniter\CodeIgniter))
 6 FCPATH\index.php(56): CodeIgniter\Boot::bootWeb(Object(Config\Paths))
 7 SYSTEMPATH\Commands\Server\rewrite.php(49): require_once('C:\\xampp\\htdocs\\siput_umkm\\public\\index.php')
INFO - 2024-08-05 15:48:17 --> Session: Class initialized using 'CodeIgniter\Session\Handlers\FileHandler' driver.
WARNING - 2024-08-05 15:48:31 --> [DEPRECATED] Creation of dynamic property App\Controllers\AdminArtikel::$db is deprecated in APPPATH\Controllers\BaseController.php on line 57.
 1 SYSTEMPATH\CodeIgniter.php(904): App\Controllers\BaseController->initController(Object(CodeIgniter\HTTP\IncomingRequest), Object(CodeIgniter\HTTP\Response), Object(CodeIgniter\Log\Logger))
 2 SYSTEMPATH\CodeIgniter.php(500): CodeIgniter\CodeIgniter->createController()
 3 SYSTEMPATH\CodeIgniter.php(355): CodeIgniter\CodeIgniter->handleRequest(null, Object(Config\Cache), false)
 4 SYSTEMPATH\Boot.php(312): CodeIgniter\CodeIgniter->run()
 5 SYSTEMPATH\Boot.php(67): CodeIgniter\Boot::runCodeIgniter(Object(CodeIgniter\CodeIgniter))
 6 FCPATH\index.php(56): CodeIgniter\Boot::bootWeb(Object(Config\Paths))
 7 SYSTEMPATH\Commands\Server\rewrite.php(49): require_once('C:\\xampp\\htdocs\\siput_umkm\\public\\index.php')
CRITICAL - 2024-08-05 15:48:31 --> Error: Call to undefined function form_open_multipart()
[Method: GET, Route: admin/artikel/add]
in APPPATH\Views\admin\artikel\add.php on line 35.
 1 SYSTEMPATH\View\View.php(234): include()
 2 SYSTEMPATH\View\View.php(237): CodeIgniter\View\View->CodeIgniter\View\{closure}()
 3 SYSTEMPATH\Common.php(1171): CodeIgniter\View\View->render('admin/artikel/add', [], true)
 4 APPPATH\Controllers\AdminArtikel.php(45): view('admin/artikel/add')
 5 SYSTEMPATH\CodeIgniter.php(933): App\Controllers\AdminArtikel->create()
 6 SYSTEMPATH\CodeIgniter.php(509): CodeIgniter\CodeIgniter->runController(Object(App\Controllers\AdminArtikel))
 7 SYSTEMPATH\CodeIgniter.php(355): CodeIgniter\CodeIgniter->handleRequest(null, Object(Config\Cache), false)
 8 SYSTEMPATH\Boot.php(312): CodeIgniter\CodeIgniter->run()
 9 SYSTEMPATH\Boot.php(67): CodeIgniter\Boot::runCodeIgniter(Object(CodeIgniter\CodeIgniter))
10 FCPATH\index.php(56): CodeIgniter\Boot::bootWeb(Object(Config\Paths))
11 SYSTEMPATH\Commands\Server\rewrite.php(49): require_once('C:\\xampp\\htdocs\\siput_umkm\\public\\index.php')
WARNING - 2024-08-05 15:48:57 --> [DEPRECATED] Creation of dynamic property App\Controllers\AdminArtikel::$db is deprecated in APPPATH\Controllers\BaseController.php on line 57.
 1 SYSTEMPATH\CodeIgniter.php(904): App\Controllers\BaseController->initController(Object(CodeIgniter\HTTP\IncomingRequest), Object(CodeIgniter\HTTP\Response), Object(CodeIgniter\Log\Logger))
 2 SYSTEMPATH\CodeIgniter.php(500): CodeIgniter\CodeIgniter->createController()
 3 SYSTEMPATH\CodeIgniter.php(355): CodeIgniter\CodeIgniter->handleRequest(null, Object(Config\Cache), false)
 4 SYSTEMPATH\Boot.php(312): CodeIgniter\CodeIgniter->run()
 5 SYSTEMPATH\Boot.php(67): CodeIgniter\Boot::runCodeIgniter(Object(CodeIgniter\CodeIgniter))
 6 FCPATH\index.php(56): CodeIgniter\Boot::bootWeb(Object(Config\Paths))
 7 SYSTEMPATH\Commands\Server\rewrite.php(49): require_once('C:\\xampp\\htdocs\\siput_umkm\\public\\index.php')
INFO - 2024-08-05 15:48:57 --> Session: Class initialized using 'CodeIgniter\Session\Handlers\FileHandler' driver.
WARNING - 2024-08-05 15:49:00 --> [DEPRECATED] Creation of dynamic property App\Controllers\AdminArtikel::$db is deprecated in APPPATH\Controllers\BaseController.php on line 57.
 1 SYSTEMPATH\CodeIgniter.php(904): App\Controllers\BaseController->initController(Object(CodeIgniter\HTTP\IncomingRequest), Object(CodeIgniter\HTTP\Response), Object(CodeIgniter\Log\Logger))
 2 SYSTEMPATH\CodeIgniter.php(500): CodeIgniter\CodeIgniter->createController()
 3 SYSTEMPATH\CodeIgniter.php(355): CodeIgniter\CodeIgniter->handleRequest(null, Object(Config\Cache), false)
 4 SYSTEMPATH\Boot.php(312): CodeIgniter\CodeIgniter->run()
 5 SYSTEMPATH\Boot.php(67): CodeIgniter\Boot::runCodeIgniter(Object(CodeIgniter\CodeIgniter))
 6 FCPATH\index.php(56): CodeIgniter\Boot::bootWeb(Object(Config\Paths))
 7 SYSTEMPATH\Commands\Server\rewrite.php(49): require_once('C:\\xampp\\htdocs\\siput_umkm\\public\\index.php')
CRITICAL - 2024-08-05 15:49:00 --> Error: Call to undefined function form_open_multipart()
[Method: GET, Route: admin/artikel/add]
in APPPATH\Views\admin\artikel\add.php on line 35.
 1 SYSTEMPATH\View\View.php(234): include()
 2 SYSTEMPATH\View\View.php(237): CodeIgniter\View\View->CodeIgniter\View\{closure}()
 3 SYSTEMPATH\Common.php(1171): CodeIgniter\View\View->render('admin/artikel/add', [], true)
 4 APPPATH\Controllers\AdminArtikel.php(45): view('admin/artikel/add')
 5 SYSTEMPATH\CodeIgniter.php(933): App\Controllers\AdminArtikel->create()
 6 SYSTEMPATH\CodeIgniter.php(509): CodeIgniter\CodeIgniter->runController(Object(App\Controllers\AdminArtikel))
 7 SYSTEMPATH\CodeIgniter.php(355): CodeIgniter\CodeIgniter->handleRequest(null, Object(Config\Cache), false)
 8 SYSTEMPATH\Boot.php(312): CodeIgniter\CodeIgniter->run()
 9 SYSTEMPATH\Boot.php(67): CodeIgniter\Boot::runCodeIgniter(Object(CodeIgniter\CodeIgniter))
10 FCPATH\index.php(56): CodeIgniter\Boot::bootWeb(Object(Config\Paths))
11 SYSTEMPATH\Commands\Server\rewrite.php(49): require_once('C:\\xampp\\htdocs\\siput_umkm\\public\\index.php')
WARNING - 2024-08-05 15:49:04 --> [DEPRECATED] Creation of dynamic property App\Controllers\AdminArtikel::$db is deprecated in APPPATH\Controllers\BaseController.php on line 57.
 1 SYSTEMPATH\CodeIgniter.php(904): App\Controllers\BaseController->initController(Object(CodeIgniter\HTTP\IncomingRequest), Object(CodeIgniter\HTTP\Response), Object(CodeIgniter\Log\Logger))
 2 SYSTEMPATH\CodeIgniter.php(500): CodeIgniter\CodeIgniter->createController()
 3 SYSTEMPATH\CodeIgniter.php(355): CodeIgniter\CodeIgniter->handleRequest(null, Object(Config\Cache), false)
 4 SYSTEMPATH\Boot.php(312): CodeIgniter\CodeIgniter->run()
 5 SYSTEMPATH\Boot.php(67): CodeIgniter\Boot::runCodeIgniter(Object(CodeIgniter\CodeIgniter))
 6 FCPATH\index.php(56): CodeIgniter\Boot::bootWeb(Object(Config\Paths))
 7 SYSTEMPATH\Commands\Server\rewrite.php(49): require_once('C:\\xampp\\htdocs\\siput_umkm\\public\\index.php')
INFO - 2024-08-05 15:49:04 --> Session: Class initialized using 'CodeIgniter\Session\Handlers\FileHandler' driver.
WARNING - 2024-08-05 15:51:24 --> [DEPRECATED] Creation of dynamic property App\Controllers\AdminArtikel::$db is deprecated in APPPATH\Controllers\BaseController.php on line 57.
 1 SYSTEMPATH\CodeIgniter.php(904): App\Controllers\BaseController->initController(Object(CodeIgniter\HTTP\IncomingRequest), Object(CodeIgniter\HTTP\Response), Object(CodeIgniter\Log\Logger))
 2 SYSTEMPATH\CodeIgniter.php(500): CodeIgniter\CodeIgniter->createController()
 3 SYSTEMPATH\CodeIgniter.php(355): CodeIgniter\CodeIgniter->handleRequest(null, Object(Config\Cache), false)
 4 SYSTEMPATH\Boot.php(312): CodeIgniter\CodeIgniter->run()
 5 SYSTEMPATH\Boot.php(67): CodeIgniter\Boot::runCodeIgniter(Object(CodeIgniter\CodeIgniter))
 6 FCPATH\index.php(56): CodeIgniter\Boot::bootWeb(Object(Config\Paths))
 7 SYSTEMPATH\Commands\Server\rewrite.php(49): require_once('C:\\xampp\\htdocs\\siput_umkm\\public\\index.php')
INFO - 2024-08-05 15:51:25 --> Session: Class initialized using 'CodeIgniter\Session\Handlers\FileHandler' driver.
WARNING - 2024-08-05 15:51:31 --> [DEPRECATED] Creation of dynamic property App\Controllers\AdminArtikel::$db is deprecated in APPPATH\Controllers\BaseController.php on line 57.
 1 SYSTEMPATH\CodeIgniter.php(904): App\Controllers\BaseController->initController(Object(CodeIgniter\HTTP\IncomingRequest), Object(CodeIgniter\HTTP\Response), Object(CodeIgniter\Log\Logger))
 2 SYSTEMPATH\CodeIgniter.php(500): CodeIgniter\CodeIgniter->createController()
 3 SYSTEMPATH\CodeIgniter.php(355): CodeIgniter\CodeIgniter->handleRequest(null, Object(Config\Cache), false)
 4 SYSTEMPATH\Boot.php(312): CodeIgniter\CodeIgniter->run()
 5 SYSTEMPATH\Boot.php(67): CodeIgniter\Boot::runCodeIgniter(Object(CodeIgniter\CodeIgniter))
 6 FCPATH\index.php(56): CodeIgniter\Boot::bootWeb(Object(Config\Paths))
 7 SYSTEMPATH\Commands\Server\rewrite.php(49): require_once('C:\\xampp\\htdocs\\siput_umkm\\public\\index.php')
CRITICAL - 2024-08-05 15:51:31 --> Error: Call to undefined function form_open_multipart()
[Method: GET, Route: admin/artikel/add]
in APPPATH\Views\admin\artikel\add.php on line 35.
 1 SYSTEMPATH\View\View.php(234): include()
 2 SYSTEMPATH\View\View.php(237): CodeIgniter\View\View->CodeIgniter\View\{closure}()
 3 SYSTEMPATH\Common.php(1171): CodeIgniter\View\View->render('admin/artikel/add', [], true)
 4 APPPATH\Controllers\AdminArtikel.php(45): view('admin/artikel/add')
 5 SYSTEMPATH\CodeIgniter.php(933): App\Controllers\AdminArtikel->create()
 6 SYSTEMPATH\CodeIgniter.php(509): CodeIgniter\CodeIgniter->runController(Object(App\Controllers\AdminArtikel))
 7 SYSTEMPATH\CodeIgniter.php(355): CodeIgniter\CodeIgniter->handleRequest(null, Object(Config\Cache), false)
 8 SYSTEMPATH\Boot.php(312): CodeIgniter\CodeIgniter->run()
 9 SYSTEMPATH\Boot.php(67): CodeIgniter\Boot::runCodeIgniter(Object(CodeIgniter\CodeIgniter))
10 FCPATH\index.php(56): CodeIgniter\Boot::bootWeb(Object(Config\Paths))
11 SYSTEMPATH\Commands\Server\rewrite.php(49): require_once('C:\\xampp\\htdocs\\siput_umkm\\public\\index.php')
WARNING - 2024-08-05 15:52:06 --> [DEPRECATED] Creation of dynamic property App\Controllers\AdminArtikel::$db is deprecated in APPPATH\Controllers\BaseController.php on line 57.
 1 SYSTEMPATH\CodeIgniter.php(904): App\Controllers\BaseController->initController(Object(CodeIgniter\HTTP\IncomingRequest), Object(CodeIgniter\HTTP\Response), Object(CodeIgniter\Log\Logger))
 2 SYSTEMPATH\CodeIgniter.php(500): CodeIgniter\CodeIgniter->createController()
 3 SYSTEMPATH\CodeIgniter.php(355): CodeIgniter\CodeIgniter->handleRequest(null, Object(Config\Cache), false)
 4 SYSTEMPATH\Boot.php(312): CodeIgniter\CodeIgniter->run()
 5 SYSTEMPATH\Boot.php(67): CodeIgniter\Boot::runCodeIgniter(Object(CodeIgniter\CodeIgniter))
 6 FCPATH\index.php(56): CodeIgniter\Boot::bootWeb(Object(Config\Paths))
 7 SYSTEMPATH\Commands\Server\rewrite.php(49): require_once('C:\\xampp\\htdocs\\siput_umkm\\public\\index.php')
INFO - 2024-08-05 15:52:07 --> Session: Class initialized using 'CodeIgniter\Session\Handlers\FileHandler' driver.
WARNING - 2024-08-05 15:52:13 --> [DEPRECATED] Creation of dynamic property App\Controllers\AdminArtikel::$db is deprecated in APPPATH\Controllers\BaseController.php on line 57.
 1 SYSTEMPATH\CodeIgniter.php(904): App\Controllers\BaseController->initController(Object(CodeIgniter\HTTP\IncomingRequest), Object(CodeIgniter\HTTP\Response), Object(CodeIgniter\Log\Logger))
 2 SYSTEMPATH\CodeIgniter.php(500): CodeIgniter\CodeIgniter->createController()
 3 SYSTEMPATH\CodeIgniter.php(355): CodeIgniter\CodeIgniter->handleRequest(null, Object(Config\Cache), false)
 4 SYSTEMPATH\Boot.php(312): CodeIgniter\CodeIgniter->run()
 5 SYSTEMPATH\Boot.php(67): CodeIgniter\Boot::runCodeIgniter(Object(CodeIgniter\CodeIgniter))
 6 FCPATH\index.php(56): CodeIgniter\Boot::bootWeb(Object(Config\Paths))
 7 SYSTEMPATH\Commands\Server\rewrite.php(49): require_once('C:\\xampp\\htdocs\\siput_umkm\\public\\index.php')
CRITICAL - 2024-08-05 15:52:13 --> Error: Call to undefined function form_open_multipart()
[Method: GET, Route: admin/artikel/add]
in APPPATH\Views\admin\artikel\add.php on line 35.
 1 SYSTEMPATH\View\View.php(234): include()
 2 SYSTEMPATH\View\View.php(237): CodeIgniter\View\View->CodeIgniter\View\{closure}()
 3 SYSTEMPATH\Common.php(1171): CodeIgniter\View\View->render('admin/artikel/add', [], true)
 4 APPPATH\Controllers\AdminArtikel.php(45): view('admin/artikel/add')
 5 SYSTEMPATH\CodeIgniter.php(933): App\Controllers\AdminArtikel->create()
 6 SYSTEMPATH\CodeIgniter.php(509): CodeIgniter\CodeIgniter->runController(Object(App\Controllers\AdminArtikel))
 7 SYSTEMPATH\CodeIgniter.php(355): CodeIgniter\CodeIgniter->handleRequest(null, Object(Config\Cache), false)
 8 SYSTEMPATH\Boot.php(312): CodeIgniter\CodeIgniter->run()
 9 SYSTEMPATH\Boot.php(67): CodeIgniter\Boot::runCodeIgniter(Object(CodeIgniter\CodeIgniter))
10 FCPATH\index.php(56): CodeIgniter\Boot::bootWeb(Object(Config\Paths))
11 SYSTEMPATH\Commands\Server\rewrite.php(49): require_once('C:\\xampp\\htdocs\\siput_umkm\\public\\index.php')
WARNING - 2024-08-05 16:00:26 --> [DEPRECATED] Creation of dynamic property App\Controllers\Home::$db is deprecated in APPPATH\Controllers\BaseController.php on line 57.
 1 SYSTEMPATH\CodeIgniter.php(904): App\Controllers\BaseController->initController(Object(CodeIgniter\HTTP\IncomingRequest), Object(CodeIgniter\HTTP\Response), Object(CodeIgniter\Log\Logger))
 2 SYSTEMPATH\CodeIgniter.php(500): CodeIgniter\CodeIgniter->createController()
 3 SYSTEMPATH\CodeIgniter.php(355): CodeIgniter\CodeIgniter->handleRequest(null, Object(Config\Cache), false)
 4 SYSTEMPATH\Boot.php(312): CodeIgniter\CodeIgniter->run()
 5 SYSTEMPATH\Boot.php(67): CodeIgniter\Boot::runCodeIgniter(Object(CodeIgniter\CodeIgniter))
 6 FCPATH\index.php(56): CodeIgniter\Boot::bootWeb(Object(Config\Paths))
 7 SYSTEMPATH\Commands\Server\rewrite.php(49): require_once('C:\\xampp\\htdocs\\siput_umkm\\public\\index.php')
WARNING - 2024-08-05 16:00:28 --> [DEPRECATED] Creation of dynamic property App\Controllers\AdminArtikel::$model is deprecated in APPPATH\Controllers\AdminArtikel.php on line 14.
 1 SYSTEMPATH\CodeIgniter.php(903): App\Controllers\AdminArtikel->__construct()
 2 SYSTEMPATH\CodeIgniter.php(500): CodeIgniter\CodeIgniter->createController()
 3 SYSTEMPATH\CodeIgniter.php(355): CodeIgniter\CodeIgniter->handleRequest(null, Object(Config\Cache), false)
 4 SYSTEMPATH\Boot.php(312): CodeIgniter\CodeIgniter->run()
 5 SYSTEMPATH\Boot.php(67): CodeIgniter\Boot::runCodeIgniter(Object(CodeIgniter\CodeIgniter))
 6 FCPATH\index.php(56): CodeIgniter\Boot::bootWeb(Object(Config\Paths))
 7 SYSTEMPATH\Commands\Server\rewrite.php(49): require_once('C:\\xampp\\htdocs\\siput_umkm\\public\\index.php')
WARNING - 2024-08-05 16:00:28 --> [DEPRECATED] Creation of dynamic property App\Controllers\AdminArtikel::$db is deprecated in APPPATH\Controllers\BaseController.php on line 57.
 1 SYSTEMPATH\CodeIgniter.php(904): App\Controllers\BaseController->initController(Object(CodeIgniter\HTTP\IncomingRequest), Object(CodeIgniter\HTTP\Response), Object(CodeIgniter\Log\Logger))
 2 SYSTEMPATH\CodeIgniter.php(500): CodeIgniter\CodeIgniter->createController()
 3 SYSTEMPATH\CodeIgniter.php(355): CodeIgniter\CodeIgniter->handleRequest(null, Object(Config\Cache), false)
 4 SYSTEMPATH\Boot.php(312): CodeIgniter\CodeIgniter->run()
 5 SYSTEMPATH\Boot.php(67): CodeIgniter\Boot::runCodeIgniter(Object(CodeIgniter\CodeIgniter))
 6 FCPATH\index.php(56): CodeIgniter\Boot::bootWeb(Object(Config\Paths))
 7 SYSTEMPATH\Commands\Server\rewrite.php(49): require_once('C:\\xampp\\htdocs\\siput_umkm\\public\\index.php')
INFO - 2024-08-05 16:00:28 --> Session: Class initialized using 'CodeIgniter\Session\Handlers\FileHandler' driver.
INFO - 2024-08-05 16:00:34 --> Session: Class initialized using 'CodeIgniter\Session\Handlers\FileHandler' driver.
WARNING - 2024-08-05 16:00:34 --> [DEPRECATED] Creation of dynamic property App\Controllers\AdminProduct::$model is deprecated in APPPATH\Controllers\AdminProduct.php on line 13.
 1 SYSTEMPATH\CodeIgniter.php(903): App\Controllers\AdminProduct->__construct()
 2 SYSTEMPATH\CodeIgniter.php(500): CodeIgniter\CodeIgniter->createController()
 3 SYSTEMPATH\CodeIgniter.php(355): CodeIgniter\CodeIgniter->handleRequest(null, Object(Config\Cache), false)
 4 SYSTEMPATH\Boot.php(312): CodeIgniter\CodeIgniter->run()
 5 SYSTEMPATH\Boot.php(67): CodeIgniter\Boot::runCodeIgniter(Object(CodeIgniter\CodeIgniter))
 6 FCPATH\index.php(56): CodeIgniter\Boot::bootWeb(Object(Config\Paths))
 7 SYSTEMPATH\Commands\Server\rewrite.php(49): require_once('C:\\xampp\\htdocs\\siput_umkm\\public\\index.php')
WARNING - 2024-08-05 16:00:34 --> [DEPRECATED] Creation of dynamic property App\Controllers\AdminProduct::$db is deprecated in APPPATH\Controllers\AdminBaseController.php on line 57.
 1 SYSTEMPATH\CodeIgniter.php(904): App\Controllers\AdminBaseController->initController(Object(CodeIgniter\HTTP\IncomingRequest), Object(CodeIgniter\HTTP\Response), Object(CodeIgniter\Log\Logger))
 2 SYSTEMPATH\CodeIgniter.php(500): CodeIgniter\CodeIgniter->createController()
 3 SYSTEMPATH\CodeIgniter.php(355): CodeIgniter\CodeIgniter->handleRequest(null, Object(Config\Cache), false)
 4 SYSTEMPATH\Boot.php(312): CodeIgniter\CodeIgniter->run()
 5 SYSTEMPATH\Boot.php(67): CodeIgniter\Boot::runCodeIgniter(Object(CodeIgniter\CodeIgniter))
 6 FCPATH\index.php(56): CodeIgniter\Boot::bootWeb(Object(Config\Paths))
 7 SYSTEMPATH\Commands\Server\rewrite.php(49): require_once('C:\\xampp\\htdocs\\siput_umkm\\public\\index.php')
INFO - 2024-08-05 16:01:21 --> Session: Class initialized using 'CodeIgniter\Session\Handlers\FileHandler' driver.
WARNING - 2024-08-05 16:01:21 --> [DEPRECATED] Creation of dynamic property App\Controllers\AdminProduct::$model is deprecated in APPPATH\Controllers\AdminProduct.php on line 13.
 1 SYSTEMPATH\CodeIgniter.php(903): App\Controllers\AdminProduct->__construct()
 2 SYSTEMPATH\CodeIgniter.php(500): CodeIgniter\CodeIgniter->createController()
 3 SYSTEMPATH\CodeIgniter.php(355): CodeIgniter\CodeIgniter->handleRequest(null, Object(Config\Cache), false)
 4 SYSTEMPATH\Boot.php(312): CodeIgniter\CodeIgniter->run()
 5 SYSTEMPATH\Boot.php(67): CodeIgniter\Boot::runCodeIgniter(Object(CodeIgniter\CodeIgniter))
 6 FCPATH\index.php(56): CodeIgniter\Boot::bootWeb(Object(Config\Paths))
 7 SYSTEMPATH\Commands\Server\rewrite.php(49): require_once('C:\\xampp\\htdocs\\siput_umkm\\public\\index.php')
WARNING - 2024-08-05 16:01:21 --> [DEPRECATED] Creation of dynamic property App\Controllers\AdminProduct::$db is deprecated in APPPATH\Controllers\AdminBaseController.php on line 57.
 1 SYSTEMPATH\CodeIgniter.php(904): App\Controllers\AdminBaseController->initController(Object(CodeIgniter\HTTP\IncomingRequest), Object(CodeIgniter\HTTP\Response), Object(CodeIgniter\Log\Logger))
 2 SYSTEMPATH\CodeIgniter.php(500): CodeIgniter\CodeIgniter->createController()
 3 SYSTEMPATH\CodeIgniter.php(355): CodeIgniter\CodeIgniter->handleRequest(null, Object(Config\Cache), false)
 4 SYSTEMPATH\Boot.php(312): CodeIgniter\CodeIgniter->run()
 5 SYSTEMPATH\Boot.php(67): CodeIgniter\Boot::runCodeIgniter(Object(CodeIgniter\CodeIgniter))
 6 FCPATH\index.php(56): CodeIgniter\Boot::bootWeb(Object(Config\Paths))
 7 SYSTEMPATH\Commands\Server\rewrite.php(49): require_once('C:\\xampp\\htdocs\\siput_umkm\\public\\index.php')
INFO - 2024-08-05 16:01:27 --> Session: Class initialized using 'CodeIgniter\Session\Handlers\FileHandler' driver.
WARNING - 2024-08-05 16:01:27 --> [DEPRECATED] Creation of dynamic property App\Controllers\AdminProduct::$model is deprecated in APPPATH\Controllers\AdminProduct.php on line 13.
 1 SYSTEMPATH\CodeIgniter.php(903): App\Controllers\AdminProduct->__construct()
 2 SYSTEMPATH\CodeIgniter.php(500): CodeIgniter\CodeIgniter->createController()
 3 SYSTEMPATH\CodeIgniter.php(355): CodeIgniter\CodeIgniter->handleRequest(null, Object(Config\Cache), false)
 4 SYSTEMPATH\Boot.php(312): CodeIgniter\CodeIgniter->run()
 5 SYSTEMPATH\Boot.php(67): CodeIgniter\Boot::runCodeIgniter(Object(CodeIgniter\CodeIgniter))
 6 FCPATH\index.php(56): CodeIgniter\Boot::bootWeb(Object(Config\Paths))
 7 SYSTEMPATH\Commands\Server\rewrite.php(49): require_once('C:\\xampp\\htdocs\\siput_umkm\\public\\index.php')
WARNING - 2024-08-05 16:01:27 --> [DEPRECATED] Creation of dynamic property App\Controllers\AdminProduct::$db is deprecated in APPPATH\Controllers\AdminBaseController.php on line 57.
 1 SYSTEMPATH\CodeIgniter.php(904): App\Controllers\AdminBaseController->initController(Object(CodeIgniter\HTTP\IncomingRequest), Object(CodeIgniter\HTTP\Response), Object(CodeIgniter\Log\Logger))
 2 SYSTEMPATH\CodeIgniter.php(500): CodeIgniter\CodeIgniter->createController()
 3 SYSTEMPATH\CodeIgniter.php(355): CodeIgniter\CodeIgniter->handleRequest(null, Object(Config\Cache), false)
 4 SYSTEMPATH\Boot.php(312): CodeIgniter\CodeIgniter->run()
 5 SYSTEMPATH\Boot.php(67): CodeIgniter\Boot::runCodeIgniter(Object(CodeIgniter\CodeIgniter))
 6 FCPATH\index.php(56): CodeIgniter\Boot::bootWeb(Object(Config\Paths))
 7 SYSTEMPATH\Commands\Server\rewrite.php(49): require_once('C:\\xampp\\htdocs\\siput_umkm\\public\\index.php')
INFO - 2024-08-05 16:02:26 --> Session: Class initialized using 'CodeIgniter\Session\Handlers\FileHandler' driver.
WARNING - 2024-08-05 16:02:26 --> [DEPRECATED] Creation of dynamic property App\Controllers\AdminProduct::$model is deprecated in APPPATH\Controllers\AdminProduct.php on line 13.
 1 SYSTEMPATH\CodeIgniter.php(903): App\Controllers\AdminProduct->__construct()
 2 SYSTEMPATH\CodeIgniter.php(500): CodeIgniter\CodeIgniter->createController()
 3 SYSTEMPATH\CodeIgniter.php(355): CodeIgniter\CodeIgniter->handleRequest(null, Object(Config\Cache), false)
 4 SYSTEMPATH\Boot.php(312): CodeIgniter\CodeIgniter->run()
 5 SYSTEMPATH\Boot.php(67): CodeIgniter\Boot::runCodeIgniter(Object(CodeIgniter\CodeIgniter))
 6 FCPATH\index.php(56): CodeIgniter\Boot::bootWeb(Object(Config\Paths))
 7 SYSTEMPATH\Commands\Server\rewrite.php(49): require_once('C:\\xampp\\htdocs\\siput_umkm\\public\\index.php')
WARNING - 2024-08-05 16:02:26 --> [DEPRECATED] Creation of dynamic property App\Controllers\AdminProduct::$db is deprecated in APPPATH\Controllers\AdminBaseController.php on line 57.
 1 SYSTEMPATH\CodeIgniter.php(904): App\Controllers\AdminBaseController->initController(Object(CodeIgniter\HTTP\IncomingRequest), Object(CodeIgniter\HTTP\Response), Object(CodeIgniter\Log\Logger))
 2 SYSTEMPATH\CodeIgniter.php(500): CodeIgniter\CodeIgniter->createController()
 3 SYSTEMPATH\CodeIgniter.php(355): CodeIgniter\CodeIgniter->handleRequest(null, Object(Config\Cache), false)
 4 SYSTEMPATH\Boot.php(312): CodeIgniter\CodeIgniter->run()
 5 SYSTEMPATH\Boot.php(67): CodeIgniter\Boot::runCodeIgniter(Object(CodeIgniter\CodeIgniter))
 6 FCPATH\index.php(56): CodeIgniter\Boot::bootWeb(Object(Config\Paths))
 7 SYSTEMPATH\Commands\Server\rewrite.php(49): require_once('C:\\xampp\\htdocs\\siput_umkm\\public\\index.php')
INFO - 2024-08-05 16:04:44 --> CSRF token verified.
INFO - 2024-08-05 16:04:44 --> Session: Class initialized using 'CodeIgniter\Session\Handlers\FileHandler' driver.
WARNING - 2024-08-05 16:04:44 --> [DEPRECATED] Creation of dynamic property App\Controllers\Admin::$db is deprecated in APPPATH\Controllers\AdminBaseController.php on line 57.
 1 SYSTEMPATH\CodeIgniter.php(904): App\Controllers\AdminBaseController->initController(Object(CodeIgniter\HTTP\IncomingRequest), Object(CodeIgniter\HTTP\Response), Object(CodeIgniter\Log\Logger))
 2 SYSTEMPATH\CodeIgniter.php(500): CodeIgniter\CodeIgniter->createController()
 3 SYSTEMPATH\CodeIgniter.php(355): CodeIgniter\CodeIgniter->handleRequest(null, Object(Config\Cache), false)
 4 SYSTEMPATH\Boot.php(312): CodeIgniter\CodeIgniter->run()
 5 SYSTEMPATH\Boot.php(67): CodeIgniter\Boot::runCodeIgniter(Object(CodeIgniter\CodeIgniter))
 6 FCPATH\index.php(56): CodeIgniter\Boot::bootWeb(Object(Config\Paths))
 7 SYSTEMPATH\Commands\Server\rewrite.php(49): require_once('C:\\xampp\\htdocs\\siput_umkm\\public\\index.php')
INFO - 2024-08-05 16:06:39 --> CSRF token verified.
INFO - 2024-08-05 16:06:39 --> Session: Class initialized using 'CodeIgniter\Session\Handlers\FileHandler' driver.
WARNING - 2024-08-05 16:06:40 --> [DEPRECATED] Creation of dynamic property App\Controllers\AdminProduct::$model is deprecated in APPPATH\Controllers\AdminProduct.php on line 13.
 1 SYSTEMPATH\CodeIgniter.php(903): App\Controllers\AdminProduct->__construct()
 2 SYSTEMPATH\CodeIgniter.php(500): CodeIgniter\CodeIgniter->createController()
 3 SYSTEMPATH\CodeIgniter.php(355): CodeIgniter\CodeIgniter->handleRequest(null, Object(Config\Cache), false)
 4 SYSTEMPATH\Boot.php(312): CodeIgniter\CodeIgniter->run()
 5 SYSTEMPATH\Boot.php(67): CodeIgniter\Boot::runCodeIgniter(Object(CodeIgniter\CodeIgniter))
 6 FCPATH\index.php(56): CodeIgniter\Boot::bootWeb(Object(Config\Paths))
 7 SYSTEMPATH\Commands\Server\rewrite.php(49): require_once('C:\\xampp\\htdocs\\siput_umkm\\public\\index.php')
WARNING - 2024-08-05 16:06:40 --> [DEPRECATED] Creation of dynamic property App\Controllers\AdminProduct::$db is deprecated in APPPATH\Controllers\AdminBaseController.php on line 57.
 1 SYSTEMPATH\CodeIgniter.php(904): App\Controllers\AdminBaseController->initController(Object(CodeIgniter\HTTP\IncomingRequest), Object(CodeIgniter\HTTP\Response), Object(CodeIgniter\Log\Logger))
 2 SYSTEMPATH\CodeIgniter.php(500): CodeIgniter\CodeIgniter->createController()
 3 SYSTEMPATH\CodeIgniter.php(355): CodeIgniter\CodeIgniter->handleRequest(null, Object(Config\Cache), false)
 4 SYSTEMPATH\Boot.php(312): CodeIgniter\CodeIgniter->run()
 5 SYSTEMPATH\Boot.php(67): CodeIgniter\Boot::runCodeIgniter(Object(CodeIgniter\CodeIgniter))
 6 FCPATH\index.php(56): CodeIgniter\Boot::bootWeb(Object(Config\Paths))
 7 SYSTEMPATH\Commands\Server\rewrite.php(49): require_once('C:\\xampp\\htdocs\\siput_umkm\\public\\index.php')
INFO - 2024-08-05 16:06:46 --> Session: Class initialized using 'CodeIgniter\Session\Handlers\FileHandler' driver.
WARNING - 2024-08-05 16:06:46 --> [DEPRECATED] Creation of dynamic property App\Controllers\AdminProduct::$model is deprecated in APPPATH\Controllers\AdminProduct.php on line 13.
 1 SYSTEMPATH\CodeIgniter.php(903): App\Controllers\AdminProduct->__construct()
 2 SYSTEMPATH\CodeIgniter.php(500): CodeIgniter\CodeIgniter->createController()
 3 SYSTEMPATH\CodeIgniter.php(355): CodeIgniter\CodeIgniter->handleRequest(null, Object(Config\Cache), false)
 4 SYSTEMPATH\Boot.php(312): CodeIgniter\CodeIgniter->run()
 5 SYSTEMPATH\Boot.php(67): CodeIgniter\Boot::runCodeIgniter(Object(CodeIgniter\CodeIgniter))
 6 FCPATH\index.php(56): CodeIgniter\Boot::bootWeb(Object(Config\Paths))
 7 SYSTEMPATH\Commands\Server\rewrite.php(49): require_once('C:\\xampp\\htdocs\\siput_umkm\\public\\index.php')
WARNING - 2024-08-05 16:06:46 --> [DEPRECATED] Creation of dynamic property App\Controllers\AdminProduct::$db is deprecated in APPPATH\Controllers\AdminBaseController.php on line 57.
 1 SYSTEMPATH\CodeIgniter.php(904): App\Controllers\AdminBaseController->initController(Object(CodeIgniter\HTTP\IncomingRequest), Object(CodeIgniter\HTTP\Response), Object(CodeIgniter\Log\Logger))
 2 SYSTEMPATH\CodeIgniter.php(500): CodeIgniter\CodeIgniter->createController()
 3 SYSTEMPATH\CodeIgniter.php(355): CodeIgniter\CodeIgniter->handleRequest(null, Object(Config\Cache), false)
 4 SYSTEMPATH\Boot.php(312): CodeIgniter\CodeIgniter->run()
 5 SYSTEMPATH\Boot.php(67): CodeIgniter\Boot::runCodeIgniter(Object(CodeIgniter\CodeIgniter))
 6 FCPATH\index.php(56): CodeIgniter\Boot::bootWeb(Object(Config\Paths))
 7 SYSTEMPATH\Commands\Server\rewrite.php(49): require_once('C:\\xampp\\htdocs\\siput_umkm\\public\\index.php')
INFO - 2024-08-05 16:06:55 --> Session: Class initialized using 'CodeIgniter\Session\Handlers\FileHandler' driver.
WARNING - 2024-08-05 16:06:55 --> [DEPRECATED] Creation of dynamic property App\Controllers\AdminProduct::$model is deprecated in APPPATH\Controllers\AdminProduct.php on line 13.
 1 SYSTEMPATH\CodeIgniter.php(903): App\Controllers\AdminProduct->__construct()
 2 SYSTEMPATH\CodeIgniter.php(500): CodeIgniter\CodeIgniter->createController()
 3 SYSTEMPATH\CodeIgniter.php(355): CodeIgniter\CodeIgniter->handleRequest(null, Object(Config\Cache), false)
 4 SYSTEMPATH\Boot.php(312): CodeIgniter\CodeIgniter->run()
 5 SYSTEMPATH\Boot.php(67): CodeIgniter\Boot::runCodeIgniter(Object(CodeIgniter\CodeIgniter))
 6 FCPATH\index.php(56): CodeIgniter\Boot::bootWeb(Object(Config\Paths))
 7 SYSTEMPATH\Commands\Server\rewrite.php(49): require_once('C:\\xampp\\htdocs\\siput_umkm\\public\\index.php')
WARNING - 2024-08-05 16:06:55 --> [DEPRECATED] Creation of dynamic property App\Controllers\AdminProduct::$db is deprecated in APPPATH\Controllers\AdminBaseController.php on line 57.
 1 SYSTEMPATH\CodeIgniter.php(904): App\Controllers\AdminBaseController->initController(Object(CodeIgniter\HTTP\IncomingRequest), Object(CodeIgniter\HTTP\Response), Object(CodeIgniter\Log\Logger))
 2 SYSTEMPATH\CodeIgniter.php(500): CodeIgniter\CodeIgniter->createController()
 3 SYSTEMPATH\CodeIgniter.php(355): CodeIgniter\CodeIgniter->handleRequest(null, Object(Config\Cache), false)
 4 SYSTEMPATH\Boot.php(312): CodeIgniter\CodeIgniter->run()
 5 SYSTEMPATH\Boot.php(67): CodeIgniter\Boot::runCodeIgniter(Object(CodeIgniter\CodeIgniter))
 6 FCPATH\index.php(56): CodeIgniter\Boot::bootWeb(Object(Config\Paths))
 7 SYSTEMPATH\Commands\Server\rewrite.php(49): require_once('C:\\xampp\\htdocs\\siput_umkm\\public\\index.php')
INFO - 2024-08-05 16:07:07 --> Session: Class initialized using 'CodeIgniter\Session\Handlers\FileHandler' driver.
WARNING - 2024-08-05 16:07:07 --> [DEPRECATED] Creation of dynamic property App\Controllers\AdminProduct::$model is deprecated in APPPATH\Controllers\AdminProduct.php on line 13.
 1 SYSTEMPATH\CodeIgniter.php(903): App\Controllers\AdminProduct->__construct()
 2 SYSTEMPATH\CodeIgniter.php(500): CodeIgniter\CodeIgniter->createController()
 3 SYSTEMPATH\CodeIgniter.php(355): CodeIgniter\CodeIgniter->handleRequest(null, Object(Config\Cache), false)
 4 SYSTEMPATH\Boot.php(312): CodeIgniter\CodeIgniter->run()
 5 SYSTEMPATH\Boot.php(67): CodeIgniter\Boot::runCodeIgniter(Object(CodeIgniter\CodeIgniter))
 6 FCPATH\index.php(56): CodeIgniter\Boot::bootWeb(Object(Config\Paths))
 7 SYSTEMPATH\Commands\Server\rewrite.php(49): require_once('C:\\xampp\\htdocs\\siput_umkm\\public\\index.php')
WARNING - 2024-08-05 16:07:07 --> [DEPRECATED] Creation of dynamic property App\Controllers\AdminProduct::$db is deprecated in APPPATH\Controllers\AdminBaseController.php on line 57.
 1 SYSTEMPATH\CodeIgniter.php(904): App\Controllers\AdminBaseController->initController(Object(CodeIgniter\HTTP\IncomingRequest), Object(CodeIgniter\HTTP\Response), Object(CodeIgniter\Log\Logger))
 2 SYSTEMPATH\CodeIgniter.php(500): CodeIgniter\CodeIgniter->createController()
 3 SYSTEMPATH\CodeIgniter.php(355): CodeIgniter\CodeIgniter->handleRequest(null, Object(Config\Cache), false)
 4 SYSTEMPATH\Boot.php(312): CodeIgniter\CodeIgniter->run()
 5 SYSTEMPATH\Boot.php(67): CodeIgniter\Boot::runCodeIgniter(Object(CodeIgniter\CodeIgniter))
 6 FCPATH\index.php(56): CodeIgniter\Boot::bootWeb(Object(Config\Paths))
 7 SYSTEMPATH\Commands\Server\rewrite.php(49): require_once('C:\\xampp\\htdocs\\siput_umkm\\public\\index.php')
WARNING - 2024-08-05 16:07:15 --> [DEPRECATED] Creation of dynamic property App\Controllers\AdminArtikel::$model is deprecated in APPPATH\Controllers\AdminArtikel.php on line 14.
 1 SYSTEMPATH\CodeIgniter.php(903): App\Controllers\AdminArtikel->__construct()
 2 SYSTEMPATH\CodeIgniter.php(500): CodeIgniter\CodeIgniter->createController()
 3 SYSTEMPATH\CodeIgniter.php(355): CodeIgniter\CodeIgniter->handleRequest(null, Object(Config\Cache), false)
 4 SYSTEMPATH\Boot.php(312): CodeIgniter\CodeIgniter->run()
 5 SYSTEMPATH\Boot.php(67): CodeIgniter\Boot::runCodeIgniter(Object(CodeIgniter\CodeIgniter))
 6 FCPATH\index.php(56): CodeIgniter\Boot::bootWeb(Object(Config\Paths))
 7 SYSTEMPATH\Commands\Server\rewrite.php(49): require_once('C:\\xampp\\htdocs\\siput_umkm\\public\\index.php')
WARNING - 2024-08-05 16:07:15 --> [DEPRECATED] Creation of dynamic property App\Controllers\AdminArtikel::$db is deprecated in APPPATH\Controllers\BaseController.php on line 57.
 1 SYSTEMPATH\CodeIgniter.php(904): App\Controllers\BaseController->initController(Object(CodeIgniter\HTTP\IncomingRequest), Object(CodeIgniter\HTTP\Response), Object(CodeIgniter\Log\Logger))
 2 SYSTEMPATH\CodeIgniter.php(500): CodeIgniter\CodeIgniter->createController()
 3 SYSTEMPATH\CodeIgniter.php(355): CodeIgniter\CodeIgniter->handleRequest(null, Object(Config\Cache), false)
 4 SYSTEMPATH\Boot.php(312): CodeIgniter\CodeIgniter->run()
 5 SYSTEMPATH\Boot.php(67): CodeIgniter\Boot::runCodeIgniter(Object(CodeIgniter\CodeIgniter))
 6 FCPATH\index.php(56): CodeIgniter\Boot::bootWeb(Object(Config\Paths))
 7 SYSTEMPATH\Commands\Server\rewrite.php(49): require_once('C:\\xampp\\htdocs\\siput_umkm\\public\\index.php')
INFO - 2024-08-05 16:07:15 --> Session: Class initialized using 'CodeIgniter\Session\Handlers\FileHandler' driver.
WARNING - 2024-08-05 16:09:19 --> [DEPRECATED] Creation of dynamic property App\Controllers\AdminArtikel::$model is deprecated in APPPATH\Controllers\AdminArtikel.php on line 14.
 1 SYSTEMPATH\CodeIgniter.php(903): App\Controllers\AdminArtikel->__construct()
 2 SYSTEMPATH\CodeIgniter.php(500): CodeIgniter\CodeIgniter->createController()
 3 SYSTEMPATH\CodeIgniter.php(355): CodeIgniter\CodeIgniter->handleRequest(null, Object(Config\Cache), false)
 4 SYSTEMPATH\Boot.php(312): CodeIgniter\CodeIgniter->run()
 5 SYSTEMPATH\Boot.php(67): CodeIgniter\Boot::runCodeIgniter(Object(CodeIgniter\CodeIgniter))
 6 FCPATH\index.php(56): CodeIgniter\Boot::bootWeb(Object(Config\Paths))
 7 SYSTEMPATH\Commands\Server\rewrite.php(49): require_once('C:\\xampp\\htdocs\\siput_umkm\\public\\index.php')
WARNING - 2024-08-05 16:09:19 --> [DEPRECATED] Creation of dynamic property App\Controllers\AdminArtikel::$db is deprecated in APPPATH\Controllers\BaseController.php on line 57.
 1 SYSTEMPATH\CodeIgniter.php(904): App\Controllers\BaseController->initController(Object(CodeIgniter\HTTP\IncomingRequest), Object(CodeIgniter\HTTP\Response), Object(CodeIgniter\Log\Logger))
 2 SYSTEMPATH\CodeIgniter.php(500): CodeIgniter\CodeIgniter->createController()
 3 SYSTEMPATH\CodeIgniter.php(355): CodeIgniter\CodeIgniter->handleRequest(null, Object(Config\Cache), false)
 4 SYSTEMPATH\Boot.php(312): CodeIgniter\CodeIgniter->run()
 5 SYSTEMPATH\Boot.php(67): CodeIgniter\Boot::runCodeIgniter(Object(CodeIgniter\CodeIgniter))
 6 FCPATH\index.php(56): CodeIgniter\Boot::bootWeb(Object(Config\Paths))
 7 SYSTEMPATH\Commands\Server\rewrite.php(49): require_once('C:\\xampp\\htdocs\\siput_umkm\\public\\index.php')
INFO - 2024-08-05 16:09:19 --> Session: Class initialized using 'CodeIgniter\Session\Handlers\FileHandler' driver.
WARNING - 2024-08-05 16:09:25 --> [DEPRECATED] Creation of dynamic property App\Controllers\AdminArtikel::$model is deprecated in APPPATH\Controllers\AdminArtikel.php on line 14.
 1 SYSTEMPATH\CodeIgniter.php(903): App\Controllers\AdminArtikel->__construct()
 2 SYSTEMPATH\CodeIgniter.php(500): CodeIgniter\CodeIgniter->createController()
 3 SYSTEMPATH\CodeIgniter.php(355): CodeIgniter\CodeIgniter->handleRequest(null, Object(Config\Cache), false)
 4 SYSTEMPATH\Boot.php(312): CodeIgniter\CodeIgniter->run()
 5 SYSTEMPATH\Boot.php(67): CodeIgniter\Boot::runCodeIgniter(Object(CodeIgniter\CodeIgniter))
 6 FCPATH\index.php(56): CodeIgniter\Boot::bootWeb(Object(Config\Paths))
 7 SYSTEMPATH\Commands\Server\rewrite.php(49): require_once('C:\\xampp\\htdocs\\siput_umkm\\public\\index.php')
WARNING - 2024-08-05 16:09:25 --> [DEPRECATED] Creation of dynamic property App\Controllers\AdminArtikel::$db is deprecated in APPPATH\Controllers\BaseController.php on line 57.
 1 SYSTEMPATH\CodeIgniter.php(904): App\Controllers\BaseController->initController(Object(CodeIgniter\HTTP\IncomingRequest), Object(CodeIgniter\HTTP\Response), Object(CodeIgniter\Log\Logger))
 2 SYSTEMPATH\CodeIgniter.php(500): CodeIgniter\CodeIgniter->createController()
 3 SYSTEMPATH\CodeIgniter.php(355): CodeIgniter\CodeIgniter->handleRequest(null, Object(Config\Cache), false)
 4 SYSTEMPATH\Boot.php(312): CodeIgniter\CodeIgniter->run()
 5 SYSTEMPATH\Boot.php(67): CodeIgniter\Boot::runCodeIgniter(Object(CodeIgniter\CodeIgniter))
 6 FCPATH\index.php(56): CodeIgniter\Boot::bootWeb(Object(Config\Paths))
 7 SYSTEMPATH\Commands\Server\rewrite.php(49): require_once('C:\\xampp\\htdocs\\siput_umkm\\public\\index.php')
INFO - 2024-08-05 16:12:52 --> CSRF token verified.
WARNING - 2024-08-05 16:12:52 --> [DEPRECATED] Creation of dynamic property App\Controllers\AdminArtikel::$model is deprecated in APPPATH\Controllers\AdminArtikel.php on line 14.
 1 SYSTEMPATH\CodeIgniter.php(903): App\Controllers\AdminArtikel->__construct()
 2 SYSTEMPATH\CodeIgniter.php(500): CodeIgniter\CodeIgniter->createController()
 3 SYSTEMPATH\CodeIgniter.php(355): CodeIgniter\CodeIgniter->handleRequest(null, Object(Config\Cache), false)
 4 SYSTEMPATH\Boot.php(312): CodeIgniter\CodeIgniter->run()
 5 SYSTEMPATH\Boot.php(67): CodeIgniter\Boot::runCodeIgniter(Object(CodeIgniter\CodeIgniter))
 6 FCPATH\index.php(56): CodeIgniter\Boot::bootWeb(Object(Config\Paths))
 7 SYSTEMPATH\Commands\Server\rewrite.php(49): require_once('C:\\xampp\\htdocs\\siput_umkm\\public\\index.php')
WARNING - 2024-08-05 16:12:52 --> [DEPRECATED] Creation of dynamic property App\Controllers\AdminArtikel::$db is deprecated in APPPATH\Controllers\BaseController.php on line 57.
 1 SYSTEMPATH\CodeIgniter.php(904): App\Controllers\BaseController->initController(Object(CodeIgniter\HTTP\IncomingRequest), Object(CodeIgniter\HTTP\Response), Object(CodeIgniter\Log\Logger))
 2 SYSTEMPATH\CodeIgniter.php(500): CodeIgniter\CodeIgniter->createController()
 3 SYSTEMPATH\CodeIgniter.php(355): CodeIgniter\CodeIgniter->handleRequest(null, Object(Config\Cache), false)
 4 SYSTEMPATH\Boot.php(312): CodeIgniter\CodeIgniter->run()
 5 SYSTEMPATH\Boot.php(67): CodeIgniter\Boot::runCodeIgniter(Object(CodeIgniter\CodeIgniter))
 6 FCPATH\index.php(56): CodeIgniter\Boot::bootWeb(Object(Config\Paths))
 7 SYSTEMPATH\Commands\Server\rewrite.php(49): require_once('C:\\xampp\\htdocs\\siput_umkm\\public\\index.php')
INFO - 2024-08-05 16:12:53 --> Session: Class initialized using 'CodeIgniter\Session\Handlers\FileHandler' driver.
WARNING - 2024-08-05 16:12:54 --> [DEPRECATED] Creation of dynamic property App\Controllers\AdminArtikel::$model is deprecated in APPPATH\Controllers\AdminArtikel.php on line 14.
 1 SYSTEMPATH\CodeIgniter.php(903): App\Controllers\AdminArtikel->__construct()
 2 SYSTEMPATH\CodeIgniter.php(500): CodeIgniter\CodeIgniter->createController()
 3 SYSTEMPATH\CodeIgniter.php(355): CodeIgniter\CodeIgniter->handleRequest(null, Object(Config\Cache), false)
 4 SYSTEMPATH\Boot.php(312): CodeIgniter\CodeIgniter->run()
 5 SYSTEMPATH\Boot.php(67): CodeIgniter\Boot::runCodeIgniter(Object(CodeIgniter\CodeIgniter))
 6 FCPATH\index.php(56): CodeIgniter\Boot::bootWeb(Object(Config\Paths))
 7 SYSTEMPATH\Commands\Server\rewrite.php(49): require_once('C:\\xampp\\htdocs\\siput_umkm\\public\\index.php')
WARNING - 2024-08-05 16:12:54 --> [DEPRECATED] Creation of dynamic property App\Controllers\AdminArtikel::$db is deprecated in APPPATH\Controllers\BaseController.php on line 57.
 1 SYSTEMPATH\CodeIgniter.php(904): App\Controllers\BaseController->initController(Object(CodeIgniter\HTTP\IncomingRequest), Object(CodeIgniter\HTTP\Response), Object(CodeIgniter\Log\Logger))
 2 SYSTEMPATH\CodeIgniter.php(500): CodeIgniter\CodeIgniter->createController()
 3 SYSTEMPATH\CodeIgniter.php(355): CodeIgniter\CodeIgniter->handleRequest(null, Object(Config\Cache), false)
 4 SYSTEMPATH\Boot.php(312): CodeIgniter\CodeIgniter->run()
 5 SYSTEMPATH\Boot.php(67): CodeIgniter\Boot::runCodeIgniter(Object(CodeIgniter\CodeIgniter))
 6 FCPATH\index.php(56): CodeIgniter\Boot::bootWeb(Object(Config\Paths))
 7 SYSTEMPATH\Commands\Server\rewrite.php(49): require_once('C:\\xampp\\htdocs\\siput_umkm\\public\\index.php')
INFO - 2024-08-05 16:12:54 --> Session: Class initialized using 'CodeIgniter\Session\Handlers\FileHandler' driver.
CRITICAL - 2024-08-05 16:12:54 --> ErrorException: Undefined array key "judul-artikel"
[Method: GET, Route: admin/artikel]
in APPPATH\Views\admin\artikel\get.php on line 75.
 1 APPPATH\Views\admin\artikel\get.php(75): CodeIgniter\Debug\Exceptions->errorHandler(2, 'Undefined array key "judul-artikel"', 'C:\\xampp\\htdocs\\siput_umkm\\app\\Views\\admin\\artikel\\get.php', 75)
 2 SYSTEMPATH\View\View.php(234): include('C:\\xampp\\htdocs\\siput_umkm\\app\\Views\\admin\\artikel\\get.php')
 3 SYSTEMPATH\View\View.php(237): CodeIgniter\View\View->CodeIgniter\View\{closure}()
 4 SYSTEMPATH\Common.php(1171): CodeIgniter\View\View->render('admin/artikel/get', [], true)
 5 APPPATH\Controllers\AdminArtikel.php(43): view('admin/artikel/get', [...])
 6 SYSTEMPATH\CodeIgniter.php(933): App\Controllers\AdminArtikel->index()
 7 SYSTEMPATH\CodeIgniter.php(509): CodeIgniter\CodeIgniter->runController(Object(App\Controllers\AdminArtikel))
 8 SYSTEMPATH\CodeIgniter.php(355): CodeIgniter\CodeIgniter->handleRequest(null, Object(Config\Cache), false)
 9 SYSTEMPATH\Boot.php(312): CodeIgniter\CodeIgniter->run()
10 SYSTEMPATH\Boot.php(67): CodeIgniter\Boot::runCodeIgniter(Object(CodeIgniter\CodeIgniter))
11 FCPATH\index.php(56): CodeIgniter\Boot::bootWeb(Object(Config\Paths))
12 SYSTEMPATH\Commands\Server\rewrite.php(49): require_once('C:\\xampp\\htdocs\\siput_umkm\\public\\index.php')
WARNING - 2024-08-05 16:13:27 --> [DEPRECATED] Creation of dynamic property App\Controllers\AdminArtikel::$model is deprecated in APPPATH\Controllers\AdminArtikel.php on line 14.
 1 SYSTEMPATH\CodeIgniter.php(903): App\Controllers\AdminArtikel->__construct()
 2 SYSTEMPATH\CodeIgniter.php(500): CodeIgniter\CodeIgniter->createController()
 3 SYSTEMPATH\CodeIgniter.php(355): CodeIgniter\CodeIgniter->handleRequest(null, Object(Config\Cache), false)
 4 SYSTEMPATH\Boot.php(312): CodeIgniter\CodeIgniter->run()
 5 SYSTEMPATH\Boot.php(67): CodeIgniter\Boot::runCodeIgniter(Object(CodeIgniter\CodeIgniter))
 6 FCPATH\index.php(56): CodeIgniter\Boot::bootWeb(Object(Config\Paths))
 7 SYSTEMPATH\Commands\Server\rewrite.php(49): require_once('C:\\xampp\\htdocs\\siput_umkm\\public\\index.php')
WARNING - 2024-08-05 16:13:28 --> [DEPRECATED] Creation of dynamic property App\Controllers\AdminArtikel::$db is deprecated in APPPATH\Controllers\BaseController.php on line 57.
 1 SYSTEMPATH\CodeIgniter.php(904): App\Controllers\BaseController->initController(Object(CodeIgniter\HTTP\IncomingRequest), Object(CodeIgniter\HTTP\Response), Object(CodeIgniter\Log\Logger))
 2 SYSTEMPATH\CodeIgniter.php(500): CodeIgniter\CodeIgniter->createController()
 3 SYSTEMPATH\CodeIgniter.php(355): CodeIgniter\CodeIgniter->handleRequest(null, Object(Config\Cache), false)
 4 SYSTEMPATH\Boot.php(312): CodeIgniter\CodeIgniter->run()
 5 SYSTEMPATH\Boot.php(67): CodeIgniter\Boot::runCodeIgniter(Object(CodeIgniter\CodeIgniter))
 6 FCPATH\index.php(56): CodeIgniter\Boot::bootWeb(Object(Config\Paths))
 7 SYSTEMPATH\Commands\Server\rewrite.php(49): require_once('C:\\xampp\\htdocs\\siput_umkm\\public\\index.php')
INFO - 2024-08-05 16:13:28 --> Session: Class initialized using 'CodeIgniter\Session\Handlers\FileHandler' driver.
CRITICAL - 2024-08-05 16:13:28 --> ErrorException: Undefined array key "id_pelatihan"
[Method: GET, Route: admin/artikel]
in APPPATH\Views\admin\artikel\get.php on line 81.
 1 APPPATH\Views\admin\artikel\get.php(81): CodeIgniter\Debug\Exceptions->errorHandler(2, 'Undefined array key "id_pelatihan"', 'C:\\xampp\\htdocs\\siput_umkm\\app\\Views\\admin\\artikel\\get.php', 81)
 2 SYSTEMPATH\View\View.php(234): include('C:\\xampp\\htdocs\\siput_umkm\\app\\Views\\admin\\artikel\\get.php')
 3 SYSTEMPATH\View\View.php(237): CodeIgniter\View\View->CodeIgniter\View\{closure}()
 4 SYSTEMPATH\Common.php(1171): CodeIgniter\View\View->render('admin/artikel/get', [], true)
 5 APPPATH\Controllers\AdminArtikel.php(43): view('admin/artikel/get', [...])
 6 SYSTEMPATH\CodeIgniter.php(933): App\Controllers\AdminArtikel->index()
 7 SYSTEMPATH\CodeIgniter.php(509): CodeIgniter\CodeIgniter->runController(Object(App\Controllers\AdminArtikel))
 8 SYSTEMPATH\CodeIgniter.php(355): CodeIgniter\CodeIgniter->handleRequest(null, Object(Config\Cache), false)
 9 SYSTEMPATH\Boot.php(312): CodeIgniter\CodeIgniter->run()
10 SYSTEMPATH\Boot.php(67): CodeIgniter\Boot::runCodeIgniter(Object(CodeIgniter\CodeIgniter))
11 FCPATH\index.php(56): CodeIgniter\Boot::bootWeb(Object(Config\Paths))
12 SYSTEMPATH\Commands\Server\rewrite.php(49): require_once('C:\\xampp\\htdocs\\siput_umkm\\public\\index.php')
WARNING - 2024-08-05 16:13:42 --> [DEPRECATED] Creation of dynamic property App\Controllers\AdminArtikel::$model is deprecated in APPPATH\Controllers\AdminArtikel.php on line 14.
 1 SYSTEMPATH\CodeIgniter.php(903): App\Controllers\AdminArtikel->__construct()
 2 SYSTEMPATH\CodeIgniter.php(500): CodeIgniter\CodeIgniter->createController()
 3 SYSTEMPATH\CodeIgniter.php(355): CodeIgniter\CodeIgniter->handleRequest(null, Object(Config\Cache), false)
 4 SYSTEMPATH\Boot.php(312): CodeIgniter\CodeIgniter->run()
 5 SYSTEMPATH\Boot.php(67): CodeIgniter\Boot::runCodeIgniter(Object(CodeIgniter\CodeIgniter))
 6 FCPATH\index.php(56): CodeIgniter\Boot::bootWeb(Object(Config\Paths))
 7 SYSTEMPATH\Commands\Server\rewrite.php(49): require_once('C:\\xampp\\htdocs\\siput_umkm\\public\\index.php')
WARNING - 2024-08-05 16:13:42 --> [DEPRECATED] Creation of dynamic property App\Controllers\AdminArtikel::$db is deprecated in APPPATH\Controllers\BaseController.php on line 57.
 1 SYSTEMPATH\CodeIgniter.php(904): App\Controllers\BaseController->initController(Object(CodeIgniter\HTTP\IncomingRequest), Object(CodeIgniter\HTTP\Response), Object(CodeIgniter\Log\Logger))
 2 SYSTEMPATH\CodeIgniter.php(500): CodeIgniter\CodeIgniter->createController()
 3 SYSTEMPATH\CodeIgniter.php(355): CodeIgniter\CodeIgniter->handleRequest(null, Object(Config\Cache), false)
 4 SYSTEMPATH\Boot.php(312): CodeIgniter\CodeIgniter->run()
 5 SYSTEMPATH\Boot.php(67): CodeIgniter\Boot::runCodeIgniter(Object(CodeIgniter\CodeIgniter))
 6 FCPATH\index.php(56): CodeIgniter\Boot::bootWeb(Object(Config\Paths))
 7 SYSTEMPATH\Commands\Server\rewrite.php(49): require_once('C:\\xampp\\htdocs\\siput_umkm\\public\\index.php')
INFO - 2024-08-05 16:13:43 --> Session: Class initialized using 'CodeIgniter\Session\Handlers\FileHandler' driver.
WARNING - 2024-08-05 16:18:37 --> [DEPRECATED] Creation of dynamic property App\Controllers\AdminArtikel::$model is deprecated in APPPATH\Controllers\AdminArtikel.php on line 14.
 1 SYSTEMPATH\CodeIgniter.php(903): App\Controllers\AdminArtikel->__construct()
 2 SYSTEMPATH\CodeIgniter.php(500): CodeIgniter\CodeIgniter->createController()
 3 SYSTEMPATH\CodeIgniter.php(355): CodeIgniter\CodeIgniter->handleRequest(null, Object(Config\Cache), false)
 4 SYSTEMPATH\Boot.php(312): CodeIgniter\CodeIgniter->run()
 5 SYSTEMPATH\Boot.php(67): CodeIgniter\Boot::runCodeIgniter(Object(CodeIgniter\CodeIgniter))
 6 FCPATH\index.php(56): CodeIgniter\Boot::bootWeb(Object(Config\Paths))
 7 SYSTEMPATH\Commands\Server\rewrite.php(49): require_once('C:\\xampp\\htdocs\\siput_umkm\\public\\index.php')
WARNING - 2024-08-05 16:18:37 --> [DEPRECATED] Creation of dynamic property App\Controllers\AdminArtikel::$db is deprecated in APPPATH\Controllers\BaseController.php on line 57.
 1 SYSTEMPATH\CodeIgniter.php(904): App\Controllers\BaseController->initController(Object(CodeIgniter\HTTP\IncomingRequest), Object(CodeIgniter\HTTP\Response), Object(CodeIgniter\Log\Logger))
 2 SYSTEMPATH\CodeIgniter.php(500): CodeIgniter\CodeIgniter->createController()
 3 SYSTEMPATH\CodeIgniter.php(355): CodeIgniter\CodeIgniter->handleRequest(null, Object(Config\Cache), false)
 4 SYSTEMPATH\Boot.php(312): CodeIgniter\CodeIgniter->run()
 5 SYSTEMPATH\Boot.php(67): CodeIgniter\Boot::runCodeIgniter(Object(CodeIgniter\CodeIgniter))
 6 FCPATH\index.php(56): CodeIgniter\Boot::bootWeb(Object(Config\Paths))
 7 SYSTEMPATH\Commands\Server\rewrite.php(49): require_once('C:\\xampp\\htdocs\\siput_umkm\\public\\index.php')
INFO - 2024-08-05 16:22:21 --> CSRF token verified.
WARNING - 2024-08-05 16:22:21 --> [DEPRECATED] Creation of dynamic property App\Controllers\AdminArtikel::$model is deprecated in APPPATH\Controllers\AdminArtikel.php on line 14.
 1 SYSTEMPATH\CodeIgniter.php(903): App\Controllers\AdminArtikel->__construct()
 2 SYSTEMPATH\CodeIgniter.php(500): CodeIgniter\CodeIgniter->createController()
 3 SYSTEMPATH\CodeIgniter.php(355): CodeIgniter\CodeIgniter->handleRequest(null, Object(Config\Cache), false)
 4 SYSTEMPATH\Boot.php(312): CodeIgniter\CodeIgniter->run()
 5 SYSTEMPATH\Boot.php(67): CodeIgniter\Boot::runCodeIgniter(Object(CodeIgniter\CodeIgniter))
 6 FCPATH\index.php(56): CodeIgniter\Boot::bootWeb(Object(Config\Paths))
 7 SYSTEMPATH\Commands\Server\rewrite.php(49): require_once('C:\\xampp\\htdocs\\siput_umkm\\public\\index.php')
WARNING - 2024-08-05 16:22:21 --> [DEPRECATED] Creation of dynamic property App\Controllers\AdminArtikel::$db is deprecated in APPPATH\Controllers\BaseController.php on line 57.
 1 SYSTEMPATH\CodeIgniter.php(904): App\Controllers\BaseController->initController(Object(CodeIgniter\HTTP\IncomingRequest), Object(CodeIgniter\HTTP\Response), Object(CodeIgniter\Log\Logger))
 2 SYSTEMPATH\CodeIgniter.php(500): CodeIgniter\CodeIgniter->createController()
 3 SYSTEMPATH\CodeIgniter.php(355): CodeIgniter\CodeIgniter->handleRequest(null, Object(Config\Cache), false)
 4 SYSTEMPATH\Boot.php(312): CodeIgniter\CodeIgniter->run()
 5 SYSTEMPATH\Boot.php(67): CodeIgniter\Boot::runCodeIgniter(Object(CodeIgniter\CodeIgniter))
 6 FCPATH\index.php(56): CodeIgniter\Boot::bootWeb(Object(Config\Paths))
 7 SYSTEMPATH\Commands\Server\rewrite.php(49): require_once('C:\\xampp\\htdocs\\siput_umkm\\public\\index.php')
INFO - 2024-08-05 16:22:22 --> Session: Class initialized using 'CodeIgniter\Session\Handlers\FileHandler' driver.
WARNING - 2024-08-05 16:22:24 --> [DEPRECATED] Creation of dynamic property App\Controllers\AdminArtikel::$model is deprecated in APPPATH\Controllers\AdminArtikel.php on line 14.
 1 SYSTEMPATH\CodeIgniter.php(903): App\Controllers\AdminArtikel->__construct()
 2 SYSTEMPATH\CodeIgniter.php(500): CodeIgniter\CodeIgniter->createController()
 3 SYSTEMPATH\CodeIgniter.php(355): CodeIgniter\CodeIgniter->handleRequest(null, Object(Config\Cache), false)
 4 SYSTEMPATH\Boot.php(312): CodeIgniter\CodeIgniter->run()
 5 SYSTEMPATH\Boot.php(67): CodeIgniter\Boot::runCodeIgniter(Object(CodeIgniter\CodeIgniter))
 6 FCPATH\index.php(56): CodeIgniter\Boot::bootWeb(Object(Config\Paths))
 7 SYSTEMPATH\Commands\Server\rewrite.php(49): require_once('C:\\xampp\\htdocs\\siput_umkm\\public\\index.php')
WARNING - 2024-08-05 16:22:25 --> [DEPRECATED] Creation of dynamic property App\Controllers\AdminArtikel::$db is deprecated in APPPATH\Controllers\BaseController.php on line 57.
 1 SYSTEMPATH\CodeIgniter.php(904): App\Controllers\BaseController->initController(Object(CodeIgniter\HTTP\IncomingRequest), Object(CodeIgniter\HTTP\Response), Object(CodeIgniter\Log\Logger))
 2 SYSTEMPATH\CodeIgniter.php(500): CodeIgniter\CodeIgniter->createController()
 3 SYSTEMPATH\CodeIgniter.php(355): CodeIgniter\CodeIgniter->handleRequest(null, Object(Config\Cache), false)
 4 SYSTEMPATH\Boot.php(312): CodeIgniter\CodeIgniter->run()
 5 SYSTEMPATH\Boot.php(67): CodeIgniter\Boot::runCodeIgniter(Object(CodeIgniter\CodeIgniter))
 6 FCPATH\index.php(56): CodeIgniter\Boot::bootWeb(Object(Config\Paths))
 7 SYSTEMPATH\Commands\Server\rewrite.php(49): require_once('C:\\xampp\\htdocs\\siput_umkm\\public\\index.php')
INFO - 2024-08-05 16:22:25 --> Session: Class initialized using 'CodeIgniter\Session\Handlers\FileHandler' driver.
INFO - 2024-08-05 16:38:23 --> Session: Class initialized using 'CodeIgniter\Session\Handlers\FileHandler' driver.
WARNING - 2024-08-05 16:38:23 --> [DEPRECATED] Creation of dynamic property App\Controllers\AdminUmkm::$model is deprecated in APPPATH\Controllers\AdminUmkm.php on line 11.
 1 SYSTEMPATH\CodeIgniter.php(903): App\Controllers\AdminUmkm->__construct()
 2 SYSTEMPATH\CodeIgniter.php(500): CodeIgniter\CodeIgniter->createController()
 3 SYSTEMPATH\CodeIgniter.php(355): CodeIgniter\CodeIgniter->handleRequest(null, Object(Config\Cache), false)
 4 SYSTEMPATH\Boot.php(312): CodeIgniter\CodeIgniter->run()
 5 SYSTEMPATH\Boot.php(67): CodeIgniter\Boot::runCodeIgniter(Object(CodeIgniter\CodeIgniter))
 6 FCPATH\index.php(56): CodeIgniter\Boot::bootWeb(Object(Config\Paths))
 7 SYSTEMPATH\Commands\Server\rewrite.php(49): require_once('C:\\xampp\\htdocs\\siput_umkm\\public\\index.php')
WARNING - 2024-08-05 16:38:23 --> [DEPRECATED] Creation of dynamic property App\Controllers\AdminUmkm::$db is deprecated in APPPATH\Controllers\AdminBaseController.php on line 57.
 1 SYSTEMPATH\CodeIgniter.php(904): App\Controllers\AdminBaseController->initController(Object(CodeIgniter\HTTP\IncomingRequest), Object(CodeIgniter\HTTP\Response), Object(CodeIgniter\Log\Logger))
 2 SYSTEMPATH\CodeIgniter.php(500): CodeIgniter\CodeIgniter->createController()
 3 SYSTEMPATH\CodeIgniter.php(355): CodeIgniter\CodeIgniter->handleRequest(null, Object(Config\Cache), false)
 4 SYSTEMPATH\Boot.php(312): CodeIgniter\CodeIgniter->run()
 5 SYSTEMPATH\Boot.php(67): CodeIgniter\Boot::runCodeIgniter(Object(CodeIgniter\CodeIgniter))
 6 FCPATH\index.php(56): CodeIgniter\Boot::bootWeb(Object(Config\Paths))
 7 SYSTEMPATH\Commands\Server\rewrite.php(49): require_once('C:\\xampp\\htdocs\\siput_umkm\\public\\index.php')
INFO - 2024-08-05 16:38:40 --> Session: Class initialized using 'CodeIgniter\Session\Handlers\FileHandler' driver.
WARNING - 2024-08-05 16:38:40 --> [DEPRECATED] Creation of dynamic property App\Controllers\AdminUmkm::$model is deprecated in APPPATH\Controllers\AdminUmkm.php on line 11.
 1 SYSTEMPATH\CodeIgniter.php(903): App\Controllers\AdminUmkm->__construct()
 2 SYSTEMPATH\CodeIgniter.php(500): CodeIgniter\CodeIgniter->createController()
 3 SYSTEMPATH\CodeIgniter.php(355): CodeIgniter\CodeIgniter->handleRequest(null, Object(Config\Cache), false)
 4 SYSTEMPATH\Boot.php(312): CodeIgniter\CodeIgniter->run()
 5 SYSTEMPATH\Boot.php(67): CodeIgniter\Boot::runCodeIgniter(Object(CodeIgniter\CodeIgniter))
 6 FCPATH\index.php(56): CodeIgniter\Boot::bootWeb(Object(Config\Paths))
 7 SYSTEMPATH\Commands\Server\rewrite.php(49): require_once('C:\\xampp\\htdocs\\siput_umkm\\public\\index.php')
WARNING - 2024-08-05 16:38:40 --> [DEPRECATED] Creation of dynamic property App\Controllers\AdminUmkm::$db is deprecated in APPPATH\Controllers\AdminBaseController.php on line 57.
 1 SYSTEMPATH\CodeIgniter.php(904): App\Controllers\AdminBaseController->initController(Object(CodeIgniter\HTTP\IncomingRequest), Object(CodeIgniter\HTTP\Response), Object(CodeIgniter\Log\Logger))
 2 SYSTEMPATH\CodeIgniter.php(500): CodeIgniter\CodeIgniter->createController()
 3 SYSTEMPATH\CodeIgniter.php(355): CodeIgniter\CodeIgniter->handleRequest(null, Object(Config\Cache), false)
 4 SYSTEMPATH\Boot.php(312): CodeIgniter\CodeIgniter->run()
 5 SYSTEMPATH\Boot.php(67): CodeIgniter\Boot::runCodeIgniter(Object(CodeIgniter\CodeIgniter))
 6 FCPATH\index.php(56): CodeIgniter\Boot::bootWeb(Object(Config\Paths))
 7 SYSTEMPATH\Commands\Server\rewrite.php(49): require_once('C:\\xampp\\htdocs\\siput_umkm\\public\\index.php')
INFO - 2024-08-05 16:40:53 --> CSRF token verified.
INFO - 2024-08-05 16:40:53 --> Session: Class initialized using 'CodeIgniter\Session\Handlers\FileHandler' driver.
WARNING - 2024-08-05 16:40:53 --> [DEPRECATED] Creation of dynamic property App\Controllers\AdminUmkm::$model is deprecated in APPPATH\Controllers\AdminUmkm.php on line 11.
 1 SYSTEMPATH\CodeIgniter.php(903): App\Controllers\AdminUmkm->__construct()
 2 SYSTEMPATH\CodeIgniter.php(500): CodeIgniter\CodeIgniter->createController()
 3 SYSTEMPATH\CodeIgniter.php(355): CodeIgniter\CodeIgniter->handleRequest(null, Object(Config\Cache), false)
 4 SYSTEMPATH\Boot.php(312): CodeIgniter\CodeIgniter->run()
 5 SYSTEMPATH\Boot.php(67): CodeIgniter\Boot::runCodeIgniter(Object(CodeIgniter\CodeIgniter))
 6 FCPATH\index.php(56): CodeIgniter\Boot::bootWeb(Object(Config\Paths))
 7 SYSTEMPATH\Commands\Server\rewrite.php(49): require_once('C:\\xampp\\htdocs\\siput_umkm\\public\\index.php')
WARNING - 2024-08-05 16:40:53 --> [DEPRECATED] Creation of dynamic property App\Controllers\AdminUmkm::$db is deprecated in APPPATH\Controllers\AdminBaseController.php on line 57.
 1 SYSTEMPATH\CodeIgniter.php(904): App\Controllers\AdminBaseController->initController(Object(CodeIgniter\HTTP\IncomingRequest), Object(CodeIgniter\HTTP\Response), Object(CodeIgniter\Log\Logger))
 2 SYSTEMPATH\CodeIgniter.php(500): CodeIgniter\CodeIgniter->createController()
 3 SYSTEMPATH\CodeIgniter.php(355): CodeIgniter\CodeIgniter->handleRequest(null, Object(Config\Cache), false)
 4 SYSTEMPATH\Boot.php(312): CodeIgniter\CodeIgniter->run()
 5 SYSTEMPATH\Boot.php(67): CodeIgniter\Boot::runCodeIgniter(Object(CodeIgniter\CodeIgniter))
 6 FCPATH\index.php(56): CodeIgniter\Boot::bootWeb(Object(Config\Paths))
 7 SYSTEMPATH\Commands\Server\rewrite.php(49): require_once('C:\\xampp\\htdocs\\siput_umkm\\public\\index.php')
INFO - 2024-08-05 16:40:57 --> Session: Class initialized using 'CodeIgniter\Session\Handlers\FileHandler' driver.
WARNING - 2024-08-05 16:40:57 --> [DEPRECATED] Creation of dynamic property App\Controllers\AdminUmkm::$model is deprecated in APPPATH\Controllers\AdminUmkm.php on line 11.
 1 SYSTEMPATH\CodeIgniter.php(903): App\Controllers\AdminUmkm->__construct()
 2 SYSTEMPATH\CodeIgniter.php(500): CodeIgniter\CodeIgniter->createController()
 3 SYSTEMPATH\CodeIgniter.php(355): CodeIgniter\CodeIgniter->handleRequest(null, Object(Config\Cache), false)
 4 SYSTEMPATH\Boot.php(312): CodeIgniter\CodeIgniter->run()
 5 SYSTEMPATH\Boot.php(67): CodeIgniter\Boot::runCodeIgniter(Object(CodeIgniter\CodeIgniter))
 6 FCPATH\index.php(56): CodeIgniter\Boot::bootWeb(Object(Config\Paths))
 7 SYSTEMPATH\Commands\Server\rewrite.php(49): require_once('C:\\xampp\\htdocs\\siput_umkm\\public\\index.php')
WARNING - 2024-08-05 16:40:57 --> [DEPRECATED] Creation of dynamic property App\Controllers\AdminUmkm::$db is deprecated in APPPATH\Controllers\AdminBaseController.php on line 57.
 1 SYSTEMPATH\CodeIgniter.php(904): App\Controllers\AdminBaseController->initController(Object(CodeIgniter\HTTP\IncomingRequest), Object(CodeIgniter\HTTP\Response), Object(CodeIgniter\Log\Logger))
 2 SYSTEMPATH\CodeIgniter.php(500): CodeIgniter\CodeIgniter->createController()
 3 SYSTEMPATH\CodeIgniter.php(355): CodeIgniter\CodeIgniter->handleRequest(null, Object(Config\Cache), false)
 4 SYSTEMPATH\Boot.php(312): CodeIgniter\CodeIgniter->run()
 5 SYSTEMPATH\Boot.php(67): CodeIgniter\Boot::runCodeIgniter(Object(CodeIgniter\CodeIgniter))
 6 FCPATH\index.php(56): CodeIgniter\Boot::bootWeb(Object(Config\Paths))
 7 SYSTEMPATH\Commands\Server\rewrite.php(49): require_once('C:\\xampp\\htdocs\\siput_umkm\\public\\index.php')
INFO - 2024-08-05 16:41:06 --> Session: Class initialized using 'CodeIgniter\Session\Handlers\FileHandler' driver.
WARNING - 2024-08-05 16:41:06 --> [DEPRECATED] Creation of dynamic property App\Controllers\AdminUmkm::$model is deprecated in APPPATH\Controllers\AdminUmkm.php on line 11.
 1 SYSTEMPATH\CodeIgniter.php(903): App\Controllers\AdminUmkm->__construct()
 2 SYSTEMPATH\CodeIgniter.php(500): CodeIgniter\CodeIgniter->createController()
 3 SYSTEMPATH\CodeIgniter.php(355): CodeIgniter\CodeIgniter->handleRequest(null, Object(Config\Cache), false)
 4 SYSTEMPATH\Boot.php(312): CodeIgniter\CodeIgniter->run()
 5 SYSTEMPATH\Boot.php(67): CodeIgniter\Boot::runCodeIgniter(Object(CodeIgniter\CodeIgniter))
 6 FCPATH\index.php(56): CodeIgniter\Boot::bootWeb(Object(Config\Paths))
 7 SYSTEMPATH\Commands\Server\rewrite.php(49): require_once('C:\\xampp\\htdocs\\siput_umkm\\public\\index.php')
WARNING - 2024-08-05 16:41:06 --> [DEPRECATED] Creation of dynamic property App\Controllers\AdminUmkm::$db is deprecated in APPPATH\Controllers\AdminBaseController.php on line 57.
 1 SYSTEMPATH\CodeIgniter.php(904): App\Controllers\AdminBaseController->initController(Object(CodeIgniter\HTTP\IncomingRequest), Object(CodeIgniter\HTTP\Response), Object(CodeIgniter\Log\Logger))
 2 SYSTEMPATH\CodeIgniter.php(500): CodeIgniter\CodeIgniter->createController()
 3 SYSTEMPATH\CodeIgniter.php(355): CodeIgniter\CodeIgniter->handleRequest(null, Object(Config\Cache), false)
 4 SYSTEMPATH\Boot.php(312): CodeIgniter\CodeIgniter->run()
 5 SYSTEMPATH\Boot.php(67): CodeIgniter\Boot::runCodeIgniter(Object(CodeIgniter\CodeIgniter))
 6 FCPATH\index.php(56): CodeIgniter\Boot::bootWeb(Object(Config\Paths))
 7 SYSTEMPATH\Commands\Server\rewrite.php(49): require_once('C:\\xampp\\htdocs\\siput_umkm\\public\\index.php')
WARNING - 2024-08-05 16:41:27 --> [DEPRECATED] Creation of dynamic property App\Controllers\AdminArtikel::$model is deprecated in APPPATH\Controllers\AdminArtikel.php on line 14.
 1 SYSTEMPATH\CodeIgniter.php(903): App\Controllers\AdminArtikel->__construct()
 2 SYSTEMPATH\CodeIgniter.php(500): CodeIgniter\CodeIgniter->createController()
 3 SYSTEMPATH\CodeIgniter.php(355): CodeIgniter\CodeIgniter->handleRequest(null, Object(Config\Cache), false)
 4 SYSTEMPATH\Boot.php(312): CodeIgniter\CodeIgniter->run()
 5 SYSTEMPATH\Boot.php(67): CodeIgniter\Boot::runCodeIgniter(Object(CodeIgniter\CodeIgniter))
 6 FCPATH\index.php(56): CodeIgniter\Boot::bootWeb(Object(Config\Paths))
 7 SYSTEMPATH\Commands\Server\rewrite.php(49): require_once('C:\\xampp\\htdocs\\siput_umkm\\public\\index.php')
WARNING - 2024-08-05 16:41:27 --> [DEPRECATED] Creation of dynamic property App\Controllers\AdminArtikel::$db is deprecated in APPPATH\Controllers\BaseController.php on line 57.
 1 SYSTEMPATH\CodeIgniter.php(904): App\Controllers\BaseController->initController(Object(CodeIgniter\HTTP\IncomingRequest), Object(CodeIgniter\HTTP\Response), Object(CodeIgniter\Log\Logger))
 2 SYSTEMPATH\CodeIgniter.php(500): CodeIgniter\CodeIgniter->createController()
 3 SYSTEMPATH\CodeIgniter.php(355): CodeIgniter\CodeIgniter->handleRequest(null, Object(Config\Cache), false)
 4 SYSTEMPATH\Boot.php(312): CodeIgniter\CodeIgniter->run()
 5 SYSTEMPATH\Boot.php(67): CodeIgniter\Boot::runCodeIgniter(Object(CodeIgniter\CodeIgniter))
 6 FCPATH\index.php(56): CodeIgniter\Boot::bootWeb(Object(Config\Paths))
 7 SYSTEMPATH\Commands\Server\rewrite.php(49): require_once('C:\\xampp\\htdocs\\siput_umkm\\public\\index.php')
INFO - 2024-08-05 16:41:27 --> Session: Class initialized using 'CodeIgniter\Session\Handlers\FileHandler' driver.
WARNING - 2024-08-05 17:06:36 --> [DEPRECATED] Creation of dynamic property App\Controllers\AdminArtikel::$model is deprecated in APPPATH\Controllers\AdminArtikel.php on line 14.
 1 SYSTEMPATH\CodeIgniter.php(903): App\Controllers\AdminArtikel->__construct()
 2 SYSTEMPATH\CodeIgniter.php(500): CodeIgniter\CodeIgniter->createController()
 3 SYSTEMPATH\CodeIgniter.php(355): CodeIgniter\CodeIgniter->handleRequest(null, Object(Config\Cache), false)
 4 SYSTEMPATH\Boot.php(312): CodeIgniter\CodeIgniter->run()
 5 SYSTEMPATH\Boot.php(67): CodeIgniter\Boot::runCodeIgniter(Object(CodeIgniter\CodeIgniter))
 6 FCPATH\index.php(56): CodeIgniter\Boot::bootWeb(Object(Config\Paths))
 7 SYSTEMPATH\Commands\Server\rewrite.php(49): require_once('C:\\xampp\\htdocs\\siput_umkm\\public\\index.php')
WARNING - 2024-08-05 17:06:36 --> [DEPRECATED] Creation of dynamic property App\Controllers\AdminArtikel::$db is deprecated in APPPATH\Controllers\BaseController.php on line 57.
 1 SYSTEMPATH\CodeIgniter.php(904): App\Controllers\BaseController->initController(Object(CodeIgniter\HTTP\IncomingRequest), Object(CodeIgniter\HTTP\Response), Object(CodeIgniter\Log\Logger))
 2 SYSTEMPATH\CodeIgniter.php(500): CodeIgniter\CodeIgniter->createController()
 3 SYSTEMPATH\CodeIgniter.php(355): CodeIgniter\CodeIgniter->handleRequest(null, Object(Config\Cache), false)
 4 SYSTEMPATH\Boot.php(312): CodeIgniter\CodeIgniter->run()
 5 SYSTEMPATH\Boot.php(67): CodeIgniter\Boot::runCodeIgniter(Object(CodeIgniter\CodeIgniter))
 6 FCPATH\index.php(56): CodeIgniter\Boot::bootWeb(Object(Config\Paths))
 7 SYSTEMPATH\Commands\Server\rewrite.php(49): require_once('C:\\xampp\\htdocs\\siput_umkm\\public\\index.php')
INFO - 2024-08-05 17:06:37 --> Session: Class initialized using 'CodeIgniter\Session\Handlers\FileHandler' driver.
WARNING - 2024-08-05 17:06:52 --> [DEPRECATED] Creation of dynamic property App\Controllers\AdminArtikel::$model is deprecated in APPPATH\Controllers\AdminArtikel.php on line 14.
 1 SYSTEMPATH\CodeIgniter.php(903): App\Controllers\AdminArtikel->__construct()
 2 SYSTEMPATH\CodeIgniter.php(500): CodeIgniter\CodeIgniter->createController()
 3 SYSTEMPATH\CodeIgniter.php(355): CodeIgniter\CodeIgniter->handleRequest(null, Object(Config\Cache), false)
 4 SYSTEMPATH\Boot.php(312): CodeIgniter\CodeIgniter->run()
 5 SYSTEMPATH\Boot.php(67): CodeIgniter\Boot::runCodeIgniter(Object(CodeIgniter\CodeIgniter))
 6 FCPATH\index.php(56): CodeIgniter\Boot::bootWeb(Object(Config\Paths))
 7 SYSTEMPATH\Commands\Server\rewrite.php(49): require_once('C:\\xampp\\htdocs\\siput_umkm\\public\\index.php')
WARNING - 2024-08-05 17:06:52 --> [DEPRECATED] Creation of dynamic property App\Controllers\AdminArtikel::$db is deprecated in APPPATH\Controllers\BaseController.php on line 57.
 1 SYSTEMPATH\CodeIgniter.php(904): App\Controllers\BaseController->initController(Object(CodeIgniter\HTTP\IncomingRequest), Object(CodeIgniter\HTTP\Response), Object(CodeIgniter\Log\Logger))
 2 SYSTEMPATH\CodeIgniter.php(500): CodeIgniter\CodeIgniter->createController()
 3 SYSTEMPATH\CodeIgniter.php(355): CodeIgniter\CodeIgniter->handleRequest(null, Object(Config\Cache), false)
 4 SYSTEMPATH\Boot.php(312): CodeIgniter\CodeIgniter->run()
 5 SYSTEMPATH\Boot.php(67): CodeIgniter\Boot::runCodeIgniter(Object(CodeIgniter\CodeIgniter))
 6 FCPATH\index.php(56): CodeIgniter\Boot::bootWeb(Object(Config\Paths))
 7 SYSTEMPATH\Commands\Server\rewrite.php(49): require_once('C:\\xampp\\htdocs\\siput_umkm\\public\\index.php')
WARNING - 2024-08-05 17:07:19 --> [DEPRECATED] Creation of dynamic property App\Controllers\AdminArtikel::$model is deprecated in APPPATH\Controllers\AdminArtikel.php on line 14.
 1 SYSTEMPATH\CodeIgniter.php(903): App\Controllers\AdminArtikel->__construct()
 2 SYSTEMPATH\CodeIgniter.php(500): CodeIgniter\CodeIgniter->createController()
 3 SYSTEMPATH\CodeIgniter.php(355): CodeIgniter\CodeIgniter->handleRequest(null, Object(Config\Cache), false)
 4 SYSTEMPATH\Boot.php(312): CodeIgniter\CodeIgniter->run()
 5 SYSTEMPATH\Boot.php(67): CodeIgniter\Boot::runCodeIgniter(Object(CodeIgniter\CodeIgniter))
 6 FCPATH\index.php(56): CodeIgniter\Boot::bootWeb(Object(Config\Paths))
 7 SYSTEMPATH\Commands\Server\rewrite.php(49): require_once('C:\\xampp\\htdocs\\siput_umkm\\public\\index.php')
WARNING - 2024-08-05 17:07:19 --> [DEPRECATED] Creation of dynamic property App\Controllers\AdminArtikel::$db is deprecated in APPPATH\Controllers\BaseController.php on line 57.
 1 SYSTEMPATH\CodeIgniter.php(904): App\Controllers\BaseController->initController(Object(CodeIgniter\HTTP\IncomingRequest), Object(CodeIgniter\HTTP\Response), Object(CodeIgniter\Log\Logger))
 2 SYSTEMPATH\CodeIgniter.php(500): CodeIgniter\CodeIgniter->createController()
 3 SYSTEMPATH\CodeIgniter.php(355): CodeIgniter\CodeIgniter->handleRequest(null, Object(Config\Cache), false)
 4 SYSTEMPATH\Boot.php(312): CodeIgniter\CodeIgniter->run()
 5 SYSTEMPATH\Boot.php(67): CodeIgniter\Boot::runCodeIgniter(Object(CodeIgniter\CodeIgniter))
 6 FCPATH\index.php(56): CodeIgniter\Boot::bootWeb(Object(Config\Paths))
 7 SYSTEMPATH\Commands\Server\rewrite.php(49): require_once('C:\\xampp\\htdocs\\siput_umkm\\public\\index.php')
WARNING - 2024-08-05 17:07:46 --> [DEPRECATED] Creation of dynamic property App\Controllers\AdminArtikel::$model is deprecated in APPPATH\Controllers\AdminArtikel.php on line 14.
 1 SYSTEMPATH\CodeIgniter.php(903): App\Controllers\AdminArtikel->__construct()
 2 SYSTEMPATH\CodeIgniter.php(500): CodeIgniter\CodeIgniter->createController()
 3 SYSTEMPATH\CodeIgniter.php(355): CodeIgniter\CodeIgniter->handleRequest(null, Object(Config\Cache), false)
 4 SYSTEMPATH\Boot.php(312): CodeIgniter\CodeIgniter->run()
 5 SYSTEMPATH\Boot.php(67): CodeIgniter\Boot::runCodeIgniter(Object(CodeIgniter\CodeIgniter))
 6 FCPATH\index.php(56): CodeIgniter\Boot::bootWeb(Object(Config\Paths))
 7 SYSTEMPATH\Commands\Server\rewrite.php(49): require_once('C:\\xampp\\htdocs\\siput_umkm\\public\\index.php')
WARNING - 2024-08-05 17:07:46 --> [DEPRECATED] Creation of dynamic property App\Controllers\AdminArtikel::$db is deprecated in APPPATH\Controllers\BaseController.php on line 57.
 1 SYSTEMPATH\CodeIgniter.php(904): App\Controllers\BaseController->initController(Object(CodeIgniter\HTTP\IncomingRequest), Object(CodeIgniter\HTTP\Response), Object(CodeIgniter\Log\Logger))
 2 SYSTEMPATH\CodeIgniter.php(500): CodeIgniter\CodeIgniter->createController()
 3 SYSTEMPATH\CodeIgniter.php(355): CodeIgniter\CodeIgniter->handleRequest(null, Object(Config\Cache), false)
 4 SYSTEMPATH\Boot.php(312): CodeIgniter\CodeIgniter->run()
 5 SYSTEMPATH\Boot.php(67): CodeIgniter\Boot::runCodeIgniter(Object(CodeIgniter\CodeIgniter))
 6 FCPATH\index.php(56): CodeIgniter\Boot::bootWeb(Object(Config\Paths))
 7 SYSTEMPATH\Commands\Server\rewrite.php(49): require_once('C:\\xampp\\htdocs\\siput_umkm\\public\\index.php')
WARNING - 2024-08-05 17:08:07 --> [DEPRECATED] Creation of dynamic property App\Controllers\AdminArtikel::$model is deprecated in APPPATH\Controllers\AdminArtikel.php on line 14.
 1 SYSTEMPATH\CodeIgniter.php(903): App\Controllers\AdminArtikel->__construct()
 2 SYSTEMPATH\CodeIgniter.php(500): CodeIgniter\CodeIgniter->createController()
 3 SYSTEMPATH\CodeIgniter.php(355): CodeIgniter\CodeIgniter->handleRequest(null, Object(Config\Cache), false)
 4 SYSTEMPATH\Boot.php(312): CodeIgniter\CodeIgniter->run()
 5 SYSTEMPATH\Boot.php(67): CodeIgniter\Boot::runCodeIgniter(Object(CodeIgniter\CodeIgniter))
 6 FCPATH\index.php(56): CodeIgniter\Boot::bootWeb(Object(Config\Paths))
 7 SYSTEMPATH\Commands\Server\rewrite.php(49): require_once('C:\\xampp\\htdocs\\siput_umkm\\public\\index.php')
WARNING - 2024-08-05 17:08:07 --> [DEPRECATED] Creation of dynamic property App\Controllers\AdminArtikel::$db is deprecated in APPPATH\Controllers\BaseController.php on line 57.
 1 SYSTEMPATH\CodeIgniter.php(904): App\Controllers\BaseController->initController(Object(CodeIgniter\HTTP\IncomingRequest), Object(CodeIgniter\HTTP\Response), Object(CodeIgniter\Log\Logger))
 2 SYSTEMPATH\CodeIgniter.php(500): CodeIgniter\CodeIgniter->createController()
 3 SYSTEMPATH\CodeIgniter.php(355): CodeIgniter\CodeIgniter->handleRequest(null, Object(Config\Cache), false)
 4 SYSTEMPATH\Boot.php(312): CodeIgniter\CodeIgniter->run()
 5 SYSTEMPATH\Boot.php(67): CodeIgniter\Boot::runCodeIgniter(Object(CodeIgniter\CodeIgniter))
 6 FCPATH\index.php(56): CodeIgniter\Boot::bootWeb(Object(Config\Paths))
 7 SYSTEMPATH\Commands\Server\rewrite.php(49): require_once('C:\\xampp\\htdocs\\siput_umkm\\public\\index.php')
WARNING - 2024-08-05 17:10:06 --> [DEPRECATED] Creation of dynamic property App\Controllers\AdminArtikel::$model is deprecated in APPPATH\Controllers\AdminArtikel.php on line 14.
 1 SYSTEMPATH\CodeIgniter.php(903): App\Controllers\AdminArtikel->__construct()
 2 SYSTEMPATH\CodeIgniter.php(500): CodeIgniter\CodeIgniter->createController()
 3 SYSTEMPATH\CodeIgniter.php(355): CodeIgniter\CodeIgniter->handleRequest(null, Object(Config\Cache), false)
 4 SYSTEMPATH\Boot.php(312): CodeIgniter\CodeIgniter->run()
 5 SYSTEMPATH\Boot.php(67): CodeIgniter\Boot::runCodeIgniter(Object(CodeIgniter\CodeIgniter))
 6 FCPATH\index.php(56): CodeIgniter\Boot::bootWeb(Object(Config\Paths))
 7 SYSTEMPATH\Commands\Server\rewrite.php(49): require_once('C:\\xampp\\htdocs\\siput_umkm\\public\\index.php')
WARNING - 2024-08-05 17:10:06 --> [DEPRECATED] Creation of dynamic property App\Controllers\AdminArtikel::$db is deprecated in APPPATH\Controllers\BaseController.php on line 57.
 1 SYSTEMPATH\CodeIgniter.php(904): App\Controllers\BaseController->initController(Object(CodeIgniter\HTTP\IncomingRequest), Object(CodeIgniter\HTTP\Response), Object(CodeIgniter\Log\Logger))
 2 SYSTEMPATH\CodeIgniter.php(500): CodeIgniter\CodeIgniter->createController()
 3 SYSTEMPATH\CodeIgniter.php(355): CodeIgniter\CodeIgniter->handleRequest(null, Object(Config\Cache), false)
 4 SYSTEMPATH\Boot.php(312): CodeIgniter\CodeIgniter->run()
 5 SYSTEMPATH\Boot.php(67): CodeIgniter\Boot::runCodeIgniter(Object(CodeIgniter\CodeIgniter))
 6 FCPATH\index.php(56): CodeIgniter\Boot::bootWeb(Object(Config\Paths))
 7 SYSTEMPATH\Commands\Server\rewrite.php(49): require_once('C:\\xampp\\htdocs\\siput_umkm\\public\\index.php')
WARNING - 2024-08-05 17:12:24 --> [DEPRECATED] Creation of dynamic property App\Controllers\AdminArtikel::$model is deprecated in APPPATH\Controllers\AdminArtikel.php on line 14.
 1 SYSTEMPATH\CodeIgniter.php(903): App\Controllers\AdminArtikel->__construct()
 2 SYSTEMPATH\CodeIgniter.php(500): CodeIgniter\CodeIgniter->createController()
 3 SYSTEMPATH\CodeIgniter.php(355): CodeIgniter\CodeIgniter->handleRequest(null, Object(Config\Cache), false)
 4 SYSTEMPATH\Boot.php(312): CodeIgniter\CodeIgniter->run()
 5 SYSTEMPATH\Boot.php(67): CodeIgniter\Boot::runCodeIgniter(Object(CodeIgniter\CodeIgniter))
 6 FCPATH\index.php(56): CodeIgniter\Boot::bootWeb(Object(Config\Paths))
 7 SYSTEMPATH\Commands\Server\rewrite.php(49): require_once('C:\\xampp\\htdocs\\siput_umkm\\public\\index.php')
WARNING - 2024-08-05 17:12:24 --> [DEPRECATED] Creation of dynamic property App\Controllers\AdminArtikel::$db is deprecated in APPPATH\Controllers\BaseController.php on line 57.
 1 SYSTEMPATH\CodeIgniter.php(904): App\Controllers\BaseController->initController(Object(CodeIgniter\HTTP\IncomingRequest), Object(CodeIgniter\HTTP\Response), Object(CodeIgniter\Log\Logger))
 2 SYSTEMPATH\CodeIgniter.php(500): CodeIgniter\CodeIgniter->createController()
 3 SYSTEMPATH\CodeIgniter.php(355): CodeIgniter\CodeIgniter->handleRequest(null, Object(Config\Cache), false)
 4 SYSTEMPATH\Boot.php(312): CodeIgniter\CodeIgniter->run()
 5 SYSTEMPATH\Boot.php(67): CodeIgniter\Boot::runCodeIgniter(Object(CodeIgniter\CodeIgniter))
 6 FCPATH\index.php(56): CodeIgniter\Boot::bootWeb(Object(Config\Paths))
 7 SYSTEMPATH\Commands\Server\rewrite.php(49): require_once('C:\\xampp\\htdocs\\siput_umkm\\public\\index.php')
WARNING - 2024-08-05 17:14:40 --> [DEPRECATED] Creation of dynamic property App\Controllers\AdminArtikel::$model is deprecated in APPPATH\Controllers\AdminArtikel.php on line 14.
 1 SYSTEMPATH\CodeIgniter.php(903): App\Controllers\AdminArtikel->__construct()
 2 SYSTEMPATH\CodeIgniter.php(500): CodeIgniter\CodeIgniter->createController()
 3 SYSTEMPATH\CodeIgniter.php(355): CodeIgniter\CodeIgniter->handleRequest(null, Object(Config\Cache), false)
 4 SYSTEMPATH\Boot.php(312): CodeIgniter\CodeIgniter->run()
 5 SYSTEMPATH\Boot.php(67): CodeIgniter\Boot::runCodeIgniter(Object(CodeIgniter\CodeIgniter))
 6 FCPATH\index.php(56): CodeIgniter\Boot::bootWeb(Object(Config\Paths))
 7 SYSTEMPATH\Commands\Server\rewrite.php(49): require_once('C:\\xampp\\htdocs\\siput_umkm\\public\\index.php')
WARNING - 2024-08-05 17:14:40 --> [DEPRECATED] Creation of dynamic property App\Controllers\AdminArtikel::$db is deprecated in APPPATH\Controllers\BaseController.php on line 57.
 1 SYSTEMPATH\CodeIgniter.php(904): App\Controllers\BaseController->initController(Object(CodeIgniter\HTTP\IncomingRequest), Object(CodeIgniter\HTTP\Response), Object(CodeIgniter\Log\Logger))
 2 SYSTEMPATH\CodeIgniter.php(500): CodeIgniter\CodeIgniter->createController()
 3 SYSTEMPATH\CodeIgniter.php(355): CodeIgniter\CodeIgniter->handleRequest(null, Object(Config\Cache), false)
 4 SYSTEMPATH\Boot.php(312): CodeIgniter\CodeIgniter->run()
 5 SYSTEMPATH\Boot.php(67): CodeIgniter\Boot::runCodeIgniter(Object(CodeIgniter\CodeIgniter))
 6 FCPATH\index.php(56): CodeIgniter\Boot::bootWeb(Object(Config\Paths))
 7 SYSTEMPATH\Commands\Server\rewrite.php(49): require_once('C:\\xampp\\htdocs\\siput_umkm\\public\\index.php')
WARNING - 2024-08-05 17:15:26 --> [DEPRECATED] Creation of dynamic property App\Controllers\AdminArtikel::$model is deprecated in APPPATH\Controllers\AdminArtikel.php on line 14.
 1 SYSTEMPATH\CodeIgniter.php(903): App\Controllers\AdminArtikel->__construct()
 2 SYSTEMPATH\CodeIgniter.php(500): CodeIgniter\CodeIgniter->createController()
 3 SYSTEMPATH\CodeIgniter.php(355): CodeIgniter\CodeIgniter->handleRequest(null, Object(Config\Cache), false)
 4 SYSTEMPATH\Boot.php(312): CodeIgniter\CodeIgniter->run()
 5 SYSTEMPATH\Boot.php(67): CodeIgniter\Boot::runCodeIgniter(Object(CodeIgniter\CodeIgniter))
 6 FCPATH\index.php(56): CodeIgniter\Boot::bootWeb(Object(Config\Paths))
 7 SYSTEMPATH\Commands\Server\rewrite.php(49): require_once('C:\\xampp\\htdocs\\siput_umkm\\public\\index.php')
WARNING - 2024-08-05 17:15:26 --> [DEPRECATED] Creation of dynamic property App\Controllers\AdminArtikel::$db is deprecated in APPPATH\Controllers\BaseController.php on line 57.
 1 SYSTEMPATH\CodeIgniter.php(904): App\Controllers\BaseController->initController(Object(CodeIgniter\HTTP\IncomingRequest), Object(CodeIgniter\HTTP\Response), Object(CodeIgniter\Log\Logger))
 2 SYSTEMPATH\CodeIgniter.php(500): CodeIgniter\CodeIgniter->createController()
 3 SYSTEMPATH\CodeIgniter.php(355): CodeIgniter\CodeIgniter->handleRequest(null, Object(Config\Cache), false)
 4 SYSTEMPATH\Boot.php(312): CodeIgniter\CodeIgniter->run()
 5 SYSTEMPATH\Boot.php(67): CodeIgniter\Boot::runCodeIgniter(Object(CodeIgniter\CodeIgniter))
 6 FCPATH\index.php(56): CodeIgniter\Boot::bootWeb(Object(Config\Paths))
 7 SYSTEMPATH\Commands\Server\rewrite.php(49): require_once('C:\\xampp\\htdocs\\siput_umkm\\public\\index.php')
INFO - 2024-08-05 17:16:03 --> CSRF token verified.
WARNING - 2024-08-05 17:16:03 --> [DEPRECATED] Creation of dynamic property App\Controllers\AdminArtikel::$model is deprecated in APPPATH\Controllers\AdminArtikel.php on line 14.
 1 SYSTEMPATH\CodeIgniter.php(903): App\Controllers\AdminArtikel->__construct()
 2 SYSTEMPATH\CodeIgniter.php(500): CodeIgniter\CodeIgniter->createController()
 3 SYSTEMPATH\CodeIgniter.php(355): CodeIgniter\CodeIgniter->handleRequest(null, Object(Config\Cache), false)
 4 SYSTEMPATH\Boot.php(312): CodeIgniter\CodeIgniter->run()
 5 SYSTEMPATH\Boot.php(67): CodeIgniter\Boot::runCodeIgniter(Object(CodeIgniter\CodeIgniter))
 6 FCPATH\index.php(56): CodeIgniter\Boot::bootWeb(Object(Config\Paths))
 7 SYSTEMPATH\Commands\Server\rewrite.php(49): require_once('C:\\xampp\\htdocs\\siput_umkm\\public\\index.php')
WARNING - 2024-08-05 17:16:03 --> [DEPRECATED] Creation of dynamic property App\Controllers\AdminArtikel::$db is deprecated in APPPATH\Controllers\BaseController.php on line 57.
 1 SYSTEMPATH\CodeIgniter.php(904): App\Controllers\BaseController->initController(Object(CodeIgniter\HTTP\IncomingRequest), Object(CodeIgniter\HTTP\Response), Object(CodeIgniter\Log\Logger))
 2 SYSTEMPATH\CodeIgniter.php(500): CodeIgniter\CodeIgniter->createController()
 3 SYSTEMPATH\CodeIgniter.php(355): CodeIgniter\CodeIgniter->handleRequest(null, Object(Config\Cache), false)
 4 SYSTEMPATH\Boot.php(312): CodeIgniter\CodeIgniter->run()
 5 SYSTEMPATH\Boot.php(67): CodeIgniter\Boot::runCodeIgniter(Object(CodeIgniter\CodeIgniter))
 6 FCPATH\index.php(56): CodeIgniter\Boot::bootWeb(Object(Config\Paths))
 7 SYSTEMPATH\Commands\Server\rewrite.php(49): require_once('C:\\xampp\\htdocs\\siput_umkm\\public\\index.php')
INFO - 2024-08-05 17:16:03 --> Session: Class initialized using 'CodeIgniter\Session\Handlers\FileHandler' driver.
WARNING - 2024-08-05 17:16:04 --> [DEPRECATED] Creation of dynamic property App\Controllers\AdminArtikel::$model is deprecated in APPPATH\Controllers\AdminArtikel.php on line 14.
 1 SYSTEMPATH\CodeIgniter.php(903): App\Controllers\AdminArtikel->__construct()
 2 SYSTEMPATH\CodeIgniter.php(500): CodeIgniter\CodeIgniter->createController()
 3 SYSTEMPATH\CodeIgniter.php(355): CodeIgniter\CodeIgniter->handleRequest(null, Object(Config\Cache), false)
 4 SYSTEMPATH\Boot.php(312): CodeIgniter\CodeIgniter->run()
 5 SYSTEMPATH\Boot.php(67): CodeIgniter\Boot::runCodeIgniter(Object(CodeIgniter\CodeIgniter))
 6 FCPATH\index.php(56): CodeIgniter\Boot::bootWeb(Object(Config\Paths))
 7 SYSTEMPATH\Commands\Server\rewrite.php(49): require_once('C:\\xampp\\htdocs\\siput_umkm\\public\\index.php')
WARNING - 2024-08-05 17:16:04 --> [DEPRECATED] Creation of dynamic property App\Controllers\AdminArtikel::$db is deprecated in APPPATH\Controllers\BaseController.php on line 57.
 1 SYSTEMPATH\CodeIgniter.php(904): App\Controllers\BaseController->initController(Object(CodeIgniter\HTTP\IncomingRequest), Object(CodeIgniter\HTTP\Response), Object(CodeIgniter\Log\Logger))
 2 SYSTEMPATH\CodeIgniter.php(500): CodeIgniter\CodeIgniter->createController()
 3 SYSTEMPATH\CodeIgniter.php(355): CodeIgniter\CodeIgniter->handleRequest(null, Object(Config\Cache), false)
 4 SYSTEMPATH\Boot.php(312): CodeIgniter\CodeIgniter->run()
 5 SYSTEMPATH\Boot.php(67): CodeIgniter\Boot::runCodeIgniter(Object(CodeIgniter\CodeIgniter))
 6 FCPATH\index.php(56): CodeIgniter\Boot::bootWeb(Object(Config\Paths))
 7 SYSTEMPATH\Commands\Server\rewrite.php(49): require_once('C:\\xampp\\htdocs\\siput_umkm\\public\\index.php')
INFO - 2024-08-05 17:16:05 --> Session: Class initialized using 'CodeIgniter\Session\Handlers\FileHandler' driver.
WARNING - 2024-08-05 17:16:34 --> [DEPRECATED] Creation of dynamic property App\Controllers\AdminArtikel::$model is deprecated in APPPATH\Controllers\AdminArtikel.php on line 14.
 1 SYSTEMPATH\CodeIgniter.php(903): App\Controllers\AdminArtikel->__construct()
 2 SYSTEMPATH\CodeIgniter.php(500): CodeIgniter\CodeIgniter->createController()
 3 SYSTEMPATH\CodeIgniter.php(355): CodeIgniter\CodeIgniter->handleRequest(null, Object(Config\Cache), false)
 4 SYSTEMPATH\Boot.php(312): CodeIgniter\CodeIgniter->run()
 5 SYSTEMPATH\Boot.php(67): CodeIgniter\Boot::runCodeIgniter(Object(CodeIgniter\CodeIgniter))
 6 FCPATH\index.php(56): CodeIgniter\Boot::bootWeb(Object(Config\Paths))
 7 SYSTEMPATH\Commands\Server\rewrite.php(49): require_once('C:\\xampp\\htdocs\\siput_umkm\\public\\index.php')
WARNING - 2024-08-05 17:16:34 --> [DEPRECATED] Creation of dynamic property App\Controllers\AdminArtikel::$db is deprecated in APPPATH\Controllers\BaseController.php on line 57.
 1 SYSTEMPATH\CodeIgniter.php(904): App\Controllers\BaseController->initController(Object(CodeIgniter\HTTP\IncomingRequest), Object(CodeIgniter\HTTP\Response), Object(CodeIgniter\Log\Logger))
 2 SYSTEMPATH\CodeIgniter.php(500): CodeIgniter\CodeIgniter->createController()
 3 SYSTEMPATH\CodeIgniter.php(355): CodeIgniter\CodeIgniter->handleRequest(null, Object(Config\Cache), false)
 4 SYSTEMPATH\Boot.php(312): CodeIgniter\CodeIgniter->run()
 5 SYSTEMPATH\Boot.php(67): CodeIgniter\Boot::runCodeIgniter(Object(CodeIgniter\CodeIgniter))
 6 FCPATH\index.php(56): CodeIgniter\Boot::bootWeb(Object(Config\Paths))
 7 SYSTEMPATH\Commands\Server\rewrite.php(49): require_once('C:\\xampp\\htdocs\\siput_umkm\\public\\index.php')
INFO - 2024-08-05 17:16:35 --> Session: Class initialized using 'CodeIgniter\Session\Handlers\FileHandler' driver.
INFO - 2024-08-05 17:17:01 --> CSRF token verified.
WARNING - 2024-08-05 17:17:01 --> [DEPRECATED] Creation of dynamic property App\Controllers\Admin::$db is deprecated in APPPATH\Controllers\AdminBaseController.php on line 57.
 1 SYSTEMPATH\CodeIgniter.php(904): App\Controllers\AdminBaseController->initController(Object(CodeIgniter\HTTP\IncomingRequest), Object(CodeIgniter\HTTP\Response), Object(CodeIgniter\Log\Logger))
 2 SYSTEMPATH\CodeIgniter.php(500): CodeIgniter\CodeIgniter->createController()
 3 SYSTEMPATH\CodeIgniter.php(355): CodeIgniter\CodeIgniter->handleRequest(null, Object(Config\Cache), false)
 4 SYSTEMPATH\Boot.php(312): CodeIgniter\CodeIgniter->run()
 5 SYSTEMPATH\Boot.php(67): CodeIgniter\Boot::runCodeIgniter(Object(CodeIgniter\CodeIgniter))
 6 FCPATH\index.php(56): CodeIgniter\Boot::bootWeb(Object(Config\Paths))
 7 SYSTEMPATH\Commands\Server\rewrite.php(49): require_once('C:\\xampp\\htdocs\\siput_umkm\\public\\index.php')
WARNING - 2024-08-05 17:17:09 --> [DEPRECATED] Creation of dynamic property App\Controllers\AdminArtikel::$model is deprecated in APPPATH\Controllers\AdminArtikel.php on line 14.
 1 SYSTEMPATH\CodeIgniter.php(903): App\Controllers\AdminArtikel->__construct()
 2 SYSTEMPATH\CodeIgniter.php(500): CodeIgniter\CodeIgniter->createController()
 3 SYSTEMPATH\CodeIgniter.php(355): CodeIgniter\CodeIgniter->handleRequest(null, Object(Config\Cache), false)
 4 SYSTEMPATH\Boot.php(312): CodeIgniter\CodeIgniter->run()
 5 SYSTEMPATH\Boot.php(67): CodeIgniter\Boot::runCodeIgniter(Object(CodeIgniter\CodeIgniter))
 6 FCPATH\index.php(56): CodeIgniter\Boot::bootWeb(Object(Config\Paths))
 7 SYSTEMPATH\Commands\Server\rewrite.php(49): require_once('C:\\xampp\\htdocs\\siput_umkm\\public\\index.php')
WARNING - 2024-08-05 17:17:09 --> [DEPRECATED] Creation of dynamic property App\Controllers\AdminArtikel::$db is deprecated in APPPATH\Controllers\BaseController.php on line 57.
 1 SYSTEMPATH\CodeIgniter.php(904): App\Controllers\BaseController->initController(Object(CodeIgniter\HTTP\IncomingRequest), Object(CodeIgniter\HTTP\Response), Object(CodeIgniter\Log\Logger))
 2 SYSTEMPATH\CodeIgniter.php(500): CodeIgniter\CodeIgniter->createController()
 3 SYSTEMPATH\CodeIgniter.php(355): CodeIgniter\CodeIgniter->handleRequest(null, Object(Config\Cache), false)
 4 SYSTEMPATH\Boot.php(312): CodeIgniter\CodeIgniter->run()
 5 SYSTEMPATH\Boot.php(67): CodeIgniter\Boot::runCodeIgniter(Object(CodeIgniter\CodeIgniter))
 6 FCPATH\index.php(56): CodeIgniter\Boot::bootWeb(Object(Config\Paths))
 7 SYSTEMPATH\Commands\Server\rewrite.php(49): require_once('C:\\xampp\\htdocs\\siput_umkm\\public\\index.php')
INFO - 2024-08-05 17:17:09 --> Session: Class initialized using 'CodeIgniter\Session\Handlers\FileHandler' driver.
WARNING - 2024-08-05 17:17:51 --> [DEPRECATED] Creation of dynamic property App\Controllers\AdminArtikel::$model is deprecated in APPPATH\Controllers\AdminArtikel.php on line 14.
 1 SYSTEMPATH\CodeIgniter.php(903): App\Controllers\AdminArtikel->__construct()
 2 SYSTEMPATH\CodeIgniter.php(500): CodeIgniter\CodeIgniter->createController()
 3 SYSTEMPATH\CodeIgniter.php(355): CodeIgniter\CodeIgniter->handleRequest(null, Object(Config\Cache), false)
 4 SYSTEMPATH\Boot.php(312): CodeIgniter\CodeIgniter->run()
 5 SYSTEMPATH\Boot.php(67): CodeIgniter\Boot::runCodeIgniter(Object(CodeIgniter\CodeIgniter))
 6 FCPATH\index.php(56): CodeIgniter\Boot::bootWeb(Object(Config\Paths))
 7 SYSTEMPATH\Commands\Server\rewrite.php(49): require_once('C:\\xampp\\htdocs\\siput_umkm\\public\\index.php')
WARNING - 2024-08-05 17:17:51 --> [DEPRECATED] Creation of dynamic property App\Controllers\AdminArtikel::$db is deprecated in APPPATH\Controllers\BaseController.php on line 57.
 1 SYSTEMPATH\CodeIgniter.php(904): App\Controllers\BaseController->initController(Object(CodeIgniter\HTTP\IncomingRequest), Object(CodeIgniter\HTTP\Response), Object(CodeIgniter\Log\Logger))
 2 SYSTEMPATH\CodeIgniter.php(500): CodeIgniter\CodeIgniter->createController()
 3 SYSTEMPATH\CodeIgniter.php(355): CodeIgniter\CodeIgniter->handleRequest(null, Object(Config\Cache), false)
 4 SYSTEMPATH\Boot.php(312): CodeIgniter\CodeIgniter->run()
 5 SYSTEMPATH\Boot.php(67): CodeIgniter\Boot::runCodeIgniter(Object(CodeIgniter\CodeIgniter))
 6 FCPATH\index.php(56): CodeIgniter\Boot::bootWeb(Object(Config\Paths))
 7 SYSTEMPATH\Commands\Server\rewrite.php(49): require_once('C:\\xampp\\htdocs\\siput_umkm\\public\\index.php')
INFO - 2024-08-05 17:17:51 --> Session: Class initialized using 'CodeIgniter\Session\Handlers\FileHandler' driver.
INFO - 2024-08-05 17:17:59 --> CSRF token verified.
WARNING - 2024-08-05 17:17:59 --> [DEPRECATED] Creation of dynamic property App\Controllers\Admin::$db is deprecated in APPPATH\Controllers\AdminBaseController.php on line 57.
 1 SYSTEMPATH\CodeIgniter.php(904): App\Controllers\AdminBaseController->initController(Object(CodeIgniter\HTTP\IncomingRequest), Object(CodeIgniter\HTTP\Response), Object(CodeIgniter\Log\Logger))
 2 SYSTEMPATH\CodeIgniter.php(500): CodeIgniter\CodeIgniter->createController()
 3 SYSTEMPATH\CodeIgniter.php(355): CodeIgniter\CodeIgniter->handleRequest(null, Object(Config\Cache), false)
 4 SYSTEMPATH\Boot.php(312): CodeIgniter\CodeIgniter->run()
 5 SYSTEMPATH\Boot.php(67): CodeIgniter\Boot::runCodeIgniter(Object(CodeIgniter\CodeIgniter))
 6 FCPATH\index.php(56): CodeIgniter\Boot::bootWeb(Object(Config\Paths))
 7 SYSTEMPATH\Commands\Server\rewrite.php(49): require_once('C:\\xampp\\htdocs\\siput_umkm\\public\\index.php')
WARNING - 2024-08-05 17:18:31 --> [DEPRECATED] Creation of dynamic property App\Controllers\AdminArtikel::$model is deprecated in APPPATH\Controllers\AdminArtikel.php on line 14.
 1 SYSTEMPATH\CodeIgniter.php(903): App\Controllers\AdminArtikel->__construct()
 2 SYSTEMPATH\CodeIgniter.php(500): CodeIgniter\CodeIgniter->createController()
 3 SYSTEMPATH\CodeIgniter.php(355): CodeIgniter\CodeIgniter->handleRequest(null, Object(Config\Cache), false)
 4 SYSTEMPATH\Boot.php(312): CodeIgniter\CodeIgniter->run()
 5 SYSTEMPATH\Boot.php(67): CodeIgniter\Boot::runCodeIgniter(Object(CodeIgniter\CodeIgniter))
 6 FCPATH\index.php(56): CodeIgniter\Boot::bootWeb(Object(Config\Paths))
 7 SYSTEMPATH\Commands\Server\rewrite.php(49): require_once('C:\\xampp\\htdocs\\siput_umkm\\public\\index.php')
WARNING - 2024-08-05 17:18:31 --> [DEPRECATED] Creation of dynamic property App\Controllers\AdminArtikel::$db is deprecated in APPPATH\Controllers\BaseController.php on line 57.
 1 SYSTEMPATH\CodeIgniter.php(904): App\Controllers\BaseController->initController(Object(CodeIgniter\HTTP\IncomingRequest), Object(CodeIgniter\HTTP\Response), Object(CodeIgniter\Log\Logger))
 2 SYSTEMPATH\CodeIgniter.php(500): CodeIgniter\CodeIgniter->createController()
 3 SYSTEMPATH\CodeIgniter.php(355): CodeIgniter\CodeIgniter->handleRequest(null, Object(Config\Cache), false)
 4 SYSTEMPATH\Boot.php(312): CodeIgniter\CodeIgniter->run()
 5 SYSTEMPATH\Boot.php(67): CodeIgniter\Boot::runCodeIgniter(Object(CodeIgniter\CodeIgniter))
 6 FCPATH\index.php(56): CodeIgniter\Boot::bootWeb(Object(Config\Paths))
 7 SYSTEMPATH\Commands\Server\rewrite.php(49): require_once('C:\\xampp\\htdocs\\siput_umkm\\public\\index.php')
INFO - 2024-08-05 17:18:31 --> Session: Class initialized using 'CodeIgniter\Session\Handlers\FileHandler' driver.
INFO - 2024-08-05 17:18:41 --> CSRF token verified.
WARNING - 2024-08-05 17:18:41 --> [DEPRECATED] Creation of dynamic property App\Controllers\Admin::$db is deprecated in APPPATH\Controllers\AdminBaseController.php on line 57.
 1 SYSTEMPATH\CodeIgniter.php(904): App\Controllers\AdminBaseController->initController(Object(CodeIgniter\HTTP\IncomingRequest), Object(CodeIgniter\HTTP\Response), Object(CodeIgniter\Log\Logger))
 2 SYSTEMPATH\CodeIgniter.php(500): CodeIgniter\CodeIgniter->createController()
 3 SYSTEMPATH\CodeIgniter.php(355): CodeIgniter\CodeIgniter->handleRequest(null, Object(Config\Cache), false)
 4 SYSTEMPATH\Boot.php(312): CodeIgniter\CodeIgniter->run()
 5 SYSTEMPATH\Boot.php(67): CodeIgniter\Boot::runCodeIgniter(Object(CodeIgniter\CodeIgniter))
 6 FCPATH\index.php(56): CodeIgniter\Boot::bootWeb(Object(Config\Paths))
 7 SYSTEMPATH\Commands\Server\rewrite.php(49): require_once('C:\\xampp\\htdocs\\siput_umkm\\public\\index.php')
WARNING - 2024-08-05 17:18:44 --> [DEPRECATED] Creation of dynamic property App\Controllers\AdminArtikel::$model is deprecated in APPPATH\Controllers\AdminArtikel.php on line 14.
 1 SYSTEMPATH\CodeIgniter.php(903): App\Controllers\AdminArtikel->__construct()
 2 SYSTEMPATH\CodeIgniter.php(500): CodeIgniter\CodeIgniter->createController()
 3 SYSTEMPATH\CodeIgniter.php(355): CodeIgniter\CodeIgniter->handleRequest(null, Object(Config\Cache), false)
 4 SYSTEMPATH\Boot.php(312): CodeIgniter\CodeIgniter->run()
 5 SYSTEMPATH\Boot.php(67): CodeIgniter\Boot::runCodeIgniter(Object(CodeIgniter\CodeIgniter))
 6 FCPATH\index.php(56): CodeIgniter\Boot::bootWeb(Object(Config\Paths))
 7 SYSTEMPATH\Commands\Server\rewrite.php(49): require_once('C:\\xampp\\htdocs\\siput_umkm\\public\\index.php')
WARNING - 2024-08-05 17:18:44 --> [DEPRECATED] Creation of dynamic property App\Controllers\AdminArtikel::$db is deprecated in APPPATH\Controllers\BaseController.php on line 57.
 1 SYSTEMPATH\CodeIgniter.php(904): App\Controllers\BaseController->initController(Object(CodeIgniter\HTTP\IncomingRequest), Object(CodeIgniter\HTTP\Response), Object(CodeIgniter\Log\Logger))
 2 SYSTEMPATH\CodeIgniter.php(500): CodeIgniter\CodeIgniter->createController()
 3 SYSTEMPATH\CodeIgniter.php(355): CodeIgniter\CodeIgniter->handleRequest(null, Object(Config\Cache), false)
 4 SYSTEMPATH\Boot.php(312): CodeIgniter\CodeIgniter->run()
 5 SYSTEMPATH\Boot.php(67): CodeIgniter\Boot::runCodeIgniter(Object(CodeIgniter\CodeIgniter))
 6 FCPATH\index.php(56): CodeIgniter\Boot::bootWeb(Object(Config\Paths))
 7 SYSTEMPATH\Commands\Server\rewrite.php(49): require_once('C:\\xampp\\htdocs\\siput_umkm\\public\\index.php')
INFO - 2024-08-05 17:18:44 --> Session: Class initialized using 'CodeIgniter\Session\Handlers\FileHandler' driver.
INFO - 2024-08-05 17:21:18 --> CSRF token verified.
WARNING - 2024-08-05 17:21:18 --> [DEPRECATED] Creation of dynamic property App\Controllers\Admin::$db is deprecated in APPPATH\Controllers\AdminBaseController.php on line 57.
 1 SYSTEMPATH\CodeIgniter.php(904): App\Controllers\AdminBaseController->initController(Object(CodeIgniter\HTTP\IncomingRequest), Object(CodeIgniter\HTTP\Response), Object(CodeIgniter\Log\Logger))
 2 SYSTEMPATH\CodeIgniter.php(500): CodeIgniter\CodeIgniter->createController()
 3 SYSTEMPATH\CodeIgniter.php(355): CodeIgniter\CodeIgniter->handleRequest(null, Object(Config\Cache), false)
 4 SYSTEMPATH\Boot.php(312): CodeIgniter\CodeIgniter->run()
 5 SYSTEMPATH\Boot.php(67): CodeIgniter\Boot::runCodeIgniter(Object(CodeIgniter\CodeIgniter))
 6 FCPATH\index.php(56): CodeIgniter\Boot::bootWeb(Object(Config\Paths))
 7 SYSTEMPATH\Commands\Server\rewrite.php(49): require_once('C:\\xampp\\htdocs\\siput_umkm\\public\\index.php')
WARNING - 2024-08-05 17:21:22 --> [DEPRECATED] Creation of dynamic property App\Controllers\AdminArtikel::$model is deprecated in APPPATH\Controllers\AdminArtikel.php on line 14.
 1 SYSTEMPATH\CodeIgniter.php(903): App\Controllers\AdminArtikel->__construct()
 2 SYSTEMPATH\CodeIgniter.php(500): CodeIgniter\CodeIgniter->createController()
 3 SYSTEMPATH\CodeIgniter.php(355): CodeIgniter\CodeIgniter->handleRequest(null, Object(Config\Cache), false)
 4 SYSTEMPATH\Boot.php(312): CodeIgniter\CodeIgniter->run()
 5 SYSTEMPATH\Boot.php(67): CodeIgniter\Boot::runCodeIgniter(Object(CodeIgniter\CodeIgniter))
 6 FCPATH\index.php(56): CodeIgniter\Boot::bootWeb(Object(Config\Paths))
 7 SYSTEMPATH\Commands\Server\rewrite.php(49): require_once('C:\\xampp\\htdocs\\siput_umkm\\public\\index.php')
WARNING - 2024-08-05 17:21:22 --> [DEPRECATED] Creation of dynamic property App\Controllers\AdminArtikel::$db is deprecated in APPPATH\Controllers\BaseController.php on line 57.
 1 SYSTEMPATH\CodeIgniter.php(904): App\Controllers\BaseController->initController(Object(CodeIgniter\HTTP\IncomingRequest), Object(CodeIgniter\HTTP\Response), Object(CodeIgniter\Log\Logger))
 2 SYSTEMPATH\CodeIgniter.php(500): CodeIgniter\CodeIgniter->createController()
 3 SYSTEMPATH\CodeIgniter.php(355): CodeIgniter\CodeIgniter->handleRequest(null, Object(Config\Cache), false)
 4 SYSTEMPATH\Boot.php(312): CodeIgniter\CodeIgniter->run()
 5 SYSTEMPATH\Boot.php(67): CodeIgniter\Boot::runCodeIgniter(Object(CodeIgniter\CodeIgniter))
 6 FCPATH\index.php(56): CodeIgniter\Boot::bootWeb(Object(Config\Paths))
 7 SYSTEMPATH\Commands\Server\rewrite.php(49): require_once('C:\\xampp\\htdocs\\siput_umkm\\public\\index.php')
INFO - 2024-08-05 17:21:22 --> Session: Class initialized using 'CodeIgniter\Session\Handlers\FileHandler' driver.
WARNING - 2024-08-05 17:23:55 --> [DEPRECATED] Creation of dynamic property App\Controllers\AdminArtikel::$model is deprecated in APPPATH\Controllers\AdminArtikel.php on line 14.
 1 SYSTEMPATH\CodeIgniter.php(903): App\Controllers\AdminArtikel->__construct()
 2 SYSTEMPATH\CodeIgniter.php(500): CodeIgniter\CodeIgniter->createController()
 3 SYSTEMPATH\CodeIgniter.php(355): CodeIgniter\CodeIgniter->handleRequest(null, Object(Config\Cache), false)
 4 SYSTEMPATH\Boot.php(312): CodeIgniter\CodeIgniter->run()
 5 SYSTEMPATH\Boot.php(67): CodeIgniter\Boot::runCodeIgniter(Object(CodeIgniter\CodeIgniter))
 6 FCPATH\index.php(56): CodeIgniter\Boot::bootWeb(Object(Config\Paths))
 7 SYSTEMPATH\Commands\Server\rewrite.php(49): require_once('C:\\xampp\\htdocs\\siput_umkm\\public\\index.php')
WARNING - 2024-08-05 17:23:55 --> [DEPRECATED] Creation of dynamic property App\Controllers\AdminArtikel::$db is deprecated in APPPATH\Controllers\BaseController.php on line 57.
 1 SYSTEMPATH\CodeIgniter.php(904): App\Controllers\BaseController->initController(Object(CodeIgniter\HTTP\IncomingRequest), Object(CodeIgniter\HTTP\Response), Object(CodeIgniter\Log\Logger))
 2 SYSTEMPATH\CodeIgniter.php(500): CodeIgniter\CodeIgniter->createController()
 3 SYSTEMPATH\CodeIgniter.php(355): CodeIgniter\CodeIgniter->handleRequest(null, Object(Config\Cache), false)
 4 SYSTEMPATH\Boot.php(312): CodeIgniter\CodeIgniter->run()
 5 SYSTEMPATH\Boot.php(67): CodeIgniter\Boot::runCodeIgniter(Object(CodeIgniter\CodeIgniter))
 6 FCPATH\index.php(56): CodeIgniter\Boot::bootWeb(Object(Config\Paths))
 7 SYSTEMPATH\Commands\Server\rewrite.php(49): require_once('C:\\xampp\\htdocs\\siput_umkm\\public\\index.php')
INFO - 2024-08-05 17:23:55 --> Session: Class initialized using 'CodeIgniter\Session\Handlers\FileHandler' driver.
INFO - 2024-08-05 17:24:03 --> CSRF token verified.
WARNING - 2024-08-05 17:24:04 --> [DEPRECATED] Creation of dynamic property App\Controllers\Admin::$db is deprecated in APPPATH\Controllers\AdminBaseController.php on line 57.
 1 SYSTEMPATH\CodeIgniter.php(904): App\Controllers\AdminBaseController->initController(Object(CodeIgniter\HTTP\IncomingRequest), Object(CodeIgniter\HTTP\Response), Object(CodeIgniter\Log\Logger))
 2 SYSTEMPATH\CodeIgniter.php(500): CodeIgniter\CodeIgniter->createController()
 3 SYSTEMPATH\CodeIgniter.php(355): CodeIgniter\CodeIgniter->handleRequest(null, Object(Config\Cache), false)
 4 SYSTEMPATH\Boot.php(312): CodeIgniter\CodeIgniter->run()
 5 SYSTEMPATH\Boot.php(67): CodeIgniter\Boot::runCodeIgniter(Object(CodeIgniter\CodeIgniter))
 6 FCPATH\index.php(56): CodeIgniter\Boot::bootWeb(Object(Config\Paths))
 7 SYSTEMPATH\Commands\Server\rewrite.php(49): require_once('C:\\xampp\\htdocs\\siput_umkm\\public\\index.php')
WARNING - 2024-08-05 17:24:12 --> [DEPRECATED] Creation of dynamic property App\Controllers\AdminArtikel::$model is deprecated in APPPATH\Controllers\AdminArtikel.php on line 14.
 1 SYSTEMPATH\CodeIgniter.php(903): App\Controllers\AdminArtikel->__construct()
 2 SYSTEMPATH\CodeIgniter.php(500): CodeIgniter\CodeIgniter->createController()
 3 SYSTEMPATH\CodeIgniter.php(355): CodeIgniter\CodeIgniter->handleRequest(null, Object(Config\Cache), false)
 4 SYSTEMPATH\Boot.php(312): CodeIgniter\CodeIgniter->run()
 5 SYSTEMPATH\Boot.php(67): CodeIgniter\Boot::runCodeIgniter(Object(CodeIgniter\CodeIgniter))
 6 FCPATH\index.php(56): CodeIgniter\Boot::bootWeb(Object(Config\Paths))
 7 SYSTEMPATH\Commands\Server\rewrite.php(49): require_once('C:\\xampp\\htdocs\\siput_umkm\\public\\index.php')
WARNING - 2024-08-05 17:24:12 --> [DEPRECATED] Creation of dynamic property App\Controllers\AdminArtikel::$db is deprecated in APPPATH\Controllers\BaseController.php on line 57.
 1 SYSTEMPATH\CodeIgniter.php(904): App\Controllers\BaseController->initController(Object(CodeIgniter\HTTP\IncomingRequest), Object(CodeIgniter\HTTP\Response), Object(CodeIgniter\Log\Logger))
 2 SYSTEMPATH\CodeIgniter.php(500): CodeIgniter\CodeIgniter->createController()
 3 SYSTEMPATH\CodeIgniter.php(355): CodeIgniter\CodeIgniter->handleRequest(null, Object(Config\Cache), false)
 4 SYSTEMPATH\Boot.php(312): CodeIgniter\CodeIgniter->run()
 5 SYSTEMPATH\Boot.php(67): CodeIgniter\Boot::runCodeIgniter(Object(CodeIgniter\CodeIgniter))
 6 FCPATH\index.php(56): CodeIgniter\Boot::bootWeb(Object(Config\Paths))
 7 SYSTEMPATH\Commands\Server\rewrite.php(49): require_once('C:\\xampp\\htdocs\\siput_umkm\\public\\index.php')
INFO - 2024-08-05 17:24:13 --> Session: Class initialized using 'CodeIgniter\Session\Handlers\FileHandler' driver.
WARNING - 2024-08-05 17:28:25 --> [DEPRECATED] Creation of dynamic property App\Controllers\AdminArtikel::$model is deprecated in APPPATH\Controllers\AdminArtikel.php on line 14.
 1 SYSTEMPATH\CodeIgniter.php(903): App\Controllers\AdminArtikel->__construct()
 2 SYSTEMPATH\CodeIgniter.php(500): CodeIgniter\CodeIgniter->createController()
 3 SYSTEMPATH\CodeIgniter.php(355): CodeIgniter\CodeIgniter->handleRequest(null, Object(Config\Cache), false)
 4 SYSTEMPATH\Boot.php(312): CodeIgniter\CodeIgniter->run()
 5 SYSTEMPATH\Boot.php(67): CodeIgniter\Boot::runCodeIgniter(Object(CodeIgniter\CodeIgniter))
 6 FCPATH\index.php(56): CodeIgniter\Boot::bootWeb(Object(Config\Paths))
 7 SYSTEMPATH\Commands\Server\rewrite.php(49): require_once('C:\\xampp\\htdocs\\siput_umkm\\public\\index.php')
WARNING - 2024-08-05 17:28:25 --> [DEPRECATED] Creation of dynamic property App\Controllers\AdminArtikel::$db is deprecated in APPPATH\Controllers\BaseController.php on line 57.
 1 SYSTEMPATH\CodeIgniter.php(904): App\Controllers\BaseController->initController(Object(CodeIgniter\HTTP\IncomingRequest), Object(CodeIgniter\HTTP\Response), Object(CodeIgniter\Log\Logger))
 2 SYSTEMPATH\CodeIgniter.php(500): CodeIgniter\CodeIgniter->createController()
 3 SYSTEMPATH\CodeIgniter.php(355): CodeIgniter\CodeIgniter->handleRequest(null, Object(Config\Cache), false)
 4 SYSTEMPATH\Boot.php(312): CodeIgniter\CodeIgniter->run()
 5 SYSTEMPATH\Boot.php(67): CodeIgniter\Boot::runCodeIgniter(Object(CodeIgniter\CodeIgniter))
 6 FCPATH\index.php(56): CodeIgniter\Boot::bootWeb(Object(Config\Paths))
 7 SYSTEMPATH\Commands\Server\rewrite.php(49): require_once('C:\\xampp\\htdocs\\siput_umkm\\public\\index.php')
INFO - 2024-08-05 17:28:25 --> Session: Class initialized using 'CodeIgniter\Session\Handlers\FileHandler' driver.
INFO - 2024-08-05 17:28:34 --> CSRF token verified.
WARNING - 2024-08-05 17:28:34 --> [DEPRECATED] Creation of dynamic property App\Controllers\Admin::$db is deprecated in APPPATH\Controllers\AdminBaseController.php on line 57.
 1 SYSTEMPATH\CodeIgniter.php(904): App\Controllers\AdminBaseController->initController(Object(CodeIgniter\HTTP\IncomingRequest), Object(CodeIgniter\HTTP\Response), Object(CodeIgniter\Log\Logger))
 2 SYSTEMPATH\CodeIgniter.php(500): CodeIgniter\CodeIgniter->createController()
 3 SYSTEMPATH\CodeIgniter.php(355): CodeIgniter\CodeIgniter->handleRequest(null, Object(Config\Cache), false)
 4 SYSTEMPATH\Boot.php(312): CodeIgniter\CodeIgniter->run()
 5 SYSTEMPATH\Boot.php(67): CodeIgniter\Boot::runCodeIgniter(Object(CodeIgniter\CodeIgniter))
 6 FCPATH\index.php(56): CodeIgniter\Boot::bootWeb(Object(Config\Paths))
 7 SYSTEMPATH\Commands\Server\rewrite.php(49): require_once('C:\\xampp\\htdocs\\siput_umkm\\public\\index.php')
WARNING - 2024-08-05 17:32:48 --> [DEPRECATED] Creation of dynamic property App\Controllers\AdminArtikel::$model is deprecated in APPPATH\Controllers\AdminArtikel.php on line 14.
 1 SYSTEMPATH\CodeIgniter.php(903): App\Controllers\AdminArtikel->__construct()
 2 SYSTEMPATH\CodeIgniter.php(500): CodeIgniter\CodeIgniter->createController()
 3 SYSTEMPATH\CodeIgniter.php(355): CodeIgniter\CodeIgniter->handleRequest(null, Object(Config\Cache), false)
 4 SYSTEMPATH\Boot.php(312): CodeIgniter\CodeIgniter->run()
 5 SYSTEMPATH\Boot.php(67): CodeIgniter\Boot::runCodeIgniter(Object(CodeIgniter\CodeIgniter))
 6 FCPATH\index.php(56): CodeIgniter\Boot::bootWeb(Object(Config\Paths))
 7 SYSTEMPATH\Commands\Server\rewrite.php(49): require_once('C:\\xampp\\htdocs\\siput_umkm\\public\\index.php')
WARNING - 2024-08-05 17:32:48 --> [DEPRECATED] Creation of dynamic property App\Controllers\AdminArtikel::$db is deprecated in APPPATH\Controllers\BaseController.php on line 57.
 1 SYSTEMPATH\CodeIgniter.php(904): App\Controllers\BaseController->initController(Object(CodeIgniter\HTTP\IncomingRequest), Object(CodeIgniter\HTTP\Response), Object(CodeIgniter\Log\Logger))
 2 SYSTEMPATH\CodeIgniter.php(500): CodeIgniter\CodeIgniter->createController()
 3 SYSTEMPATH\CodeIgniter.php(355): CodeIgniter\CodeIgniter->handleRequest(null, Object(Config\Cache), false)
 4 SYSTEMPATH\Boot.php(312): CodeIgniter\CodeIgniter->run()
 5 SYSTEMPATH\Boot.php(67): CodeIgniter\Boot::runCodeIgniter(Object(CodeIgniter\CodeIgniter))
 6 FCPATH\index.php(56): CodeIgniter\Boot::bootWeb(Object(Config\Paths))
 7 SYSTEMPATH\Commands\Server\rewrite.php(49): require_once('C:\\xampp\\htdocs\\siput_umkm\\public\\index.php')
INFO - 2024-08-05 17:32:49 --> Session: Class initialized using 'CodeIgniter\Session\Handlers\FileHandler' driver.
INFO - 2024-08-05 17:32:54 --> CSRF token verified.
WARNING - 2024-08-05 17:32:54 --> [DEPRECATED] Creation of dynamic property App\Controllers\Admin::$db is deprecated in APPPATH\Controllers\AdminBaseController.php on line 57.
 1 SYSTEMPATH\CodeIgniter.php(904): App\Controllers\AdminBaseController->initController(Object(CodeIgniter\HTTP\IncomingRequest), Object(CodeIgniter\HTTP\Response), Object(CodeIgniter\Log\Logger))
 2 SYSTEMPATH\CodeIgniter.php(500): CodeIgniter\CodeIgniter->createController()
 3 SYSTEMPATH\CodeIgniter.php(355): CodeIgniter\CodeIgniter->handleRequest(null, Object(Config\Cache), false)
 4 SYSTEMPATH\Boot.php(312): CodeIgniter\CodeIgniter->run()
 5 SYSTEMPATH\Boot.php(67): CodeIgniter\Boot::runCodeIgniter(Object(CodeIgniter\CodeIgniter))
 6 FCPATH\index.php(56): CodeIgniter\Boot::bootWeb(Object(Config\Paths))
 7 SYSTEMPATH\Commands\Server\rewrite.php(49): require_once('C:\\xampp\\htdocs\\siput_umkm\\public\\index.php')
WARNING - 2024-08-05 17:32:57 --> [DEPRECATED] Creation of dynamic property App\Controllers\AdminArtikel::$model is deprecated in APPPATH\Controllers\AdminArtikel.php on line 14.
 1 SYSTEMPATH\CodeIgniter.php(903): App\Controllers\AdminArtikel->__construct()
 2 SYSTEMPATH\CodeIgniter.php(500): CodeIgniter\CodeIgniter->createController()
 3 SYSTEMPATH\CodeIgniter.php(355): CodeIgniter\CodeIgniter->handleRequest(null, Object(Config\Cache), false)
 4 SYSTEMPATH\Boot.php(312): CodeIgniter\CodeIgniter->run()
 5 SYSTEMPATH\Boot.php(67): CodeIgniter\Boot::runCodeIgniter(Object(CodeIgniter\CodeIgniter))
 6 FCPATH\index.php(56): CodeIgniter\Boot::bootWeb(Object(Config\Paths))
 7 SYSTEMPATH\Commands\Server\rewrite.php(49): require_once('C:\\xampp\\htdocs\\siput_umkm\\public\\index.php')
WARNING - 2024-08-05 17:32:57 --> [DEPRECATED] Creation of dynamic property App\Controllers\AdminArtikel::$db is deprecated in APPPATH\Controllers\BaseController.php on line 57.
 1 SYSTEMPATH\CodeIgniter.php(904): App\Controllers\BaseController->initController(Object(CodeIgniter\HTTP\IncomingRequest), Object(CodeIgniter\HTTP\Response), Object(CodeIgniter\Log\Logger))
 2 SYSTEMPATH\CodeIgniter.php(500): CodeIgniter\CodeIgniter->createController()
 3 SYSTEMPATH\CodeIgniter.php(355): CodeIgniter\CodeIgniter->handleRequest(null, Object(Config\Cache), false)
 4 SYSTEMPATH\Boot.php(312): CodeIgniter\CodeIgniter->run()
 5 SYSTEMPATH\Boot.php(67): CodeIgniter\Boot::runCodeIgniter(Object(CodeIgniter\CodeIgniter))
 6 FCPATH\index.php(56): CodeIgniter\Boot::bootWeb(Object(Config\Paths))
 7 SYSTEMPATH\Commands\Server\rewrite.php(49): require_once('C:\\xampp\\htdocs\\siput_umkm\\public\\index.php')
INFO - 2024-08-05 17:32:57 --> Session: Class initialized using 'CodeIgniter\Session\Handlers\FileHandler' driver.
WARNING - 2024-08-05 17:34:00 --> [DEPRECATED] Creation of dynamic property App\Controllers\AdminArtikel::$model is deprecated in APPPATH\Controllers\AdminArtikel.php on line 14.
 1 SYSTEMPATH\CodeIgniter.php(903): App\Controllers\AdminArtikel->__construct()
 2 SYSTEMPATH\CodeIgniter.php(500): CodeIgniter\CodeIgniter->createController()
 3 SYSTEMPATH\CodeIgniter.php(355): CodeIgniter\CodeIgniter->handleRequest(null, Object(Config\Cache), false)
 4 SYSTEMPATH\Boot.php(312): CodeIgniter\CodeIgniter->run()
 5 SYSTEMPATH\Boot.php(67): CodeIgniter\Boot::runCodeIgniter(Object(CodeIgniter\CodeIgniter))
 6 FCPATH\index.php(56): CodeIgniter\Boot::bootWeb(Object(Config\Paths))
 7 SYSTEMPATH\Commands\Server\rewrite.php(49): require_once('C:\\xampp\\htdocs\\siput_umkm\\public\\index.php')
WARNING - 2024-08-05 17:34:00 --> [DEPRECATED] Creation of dynamic property App\Controllers\AdminArtikel::$db is deprecated in APPPATH\Controllers\BaseController.php on line 57.
 1 SYSTEMPATH\CodeIgniter.php(904): App\Controllers\BaseController->initController(Object(CodeIgniter\HTTP\IncomingRequest), Object(CodeIgniter\HTTP\Response), Object(CodeIgniter\Log\Logger))
 2 SYSTEMPATH\CodeIgniter.php(500): CodeIgniter\CodeIgniter->createController()
 3 SYSTEMPATH\CodeIgniter.php(355): CodeIgniter\CodeIgniter->handleRequest(null, Object(Config\Cache), false)
 4 SYSTEMPATH\Boot.php(312): CodeIgniter\CodeIgniter->run()
 5 SYSTEMPATH\Boot.php(67): CodeIgniter\Boot::runCodeIgniter(Object(CodeIgniter\CodeIgniter))
 6 FCPATH\index.php(56): CodeIgniter\Boot::bootWeb(Object(Config\Paths))
 7 SYSTEMPATH\Commands\Server\rewrite.php(49): require_once('C:\\xampp\\htdocs\\siput_umkm\\public\\index.php')
INFO - 2024-08-05 17:34:00 --> Session: Class initialized using 'CodeIgniter\Session\Handlers\FileHandler' driver.
INFO - 2024-08-05 17:34:10 --> CSRF token verified.
WARNING - 2024-08-05 17:34:10 --> [DEPRECATED] Creation of dynamic property App\Controllers\Admin::$db is deprecated in APPPATH\Controllers\AdminBaseController.php on line 57.
 1 SYSTEMPATH\CodeIgniter.php(904): App\Controllers\AdminBaseController->initController(Object(CodeIgniter\HTTP\IncomingRequest), Object(CodeIgniter\HTTP\Response), Object(CodeIgniter\Log\Logger))
 2 SYSTEMPATH\CodeIgniter.php(500): CodeIgniter\CodeIgniter->createController()
 3 SYSTEMPATH\CodeIgniter.php(355): CodeIgniter\CodeIgniter->handleRequest(null, Object(Config\Cache), false)
 4 SYSTEMPATH\Boot.php(312): CodeIgniter\CodeIgniter->run()
 5 SYSTEMPATH\Boot.php(67): CodeIgniter\Boot::runCodeIgniter(Object(CodeIgniter\CodeIgniter))
 6 FCPATH\index.php(56): CodeIgniter\Boot::bootWeb(Object(Config\Paths))
 7 SYSTEMPATH\Commands\Server\rewrite.php(49): require_once('C:\\xampp\\htdocs\\siput_umkm\\public\\index.php')
WARNING - 2024-08-05 17:34:14 --> [DEPRECATED] Creation of dynamic property App\Controllers\AdminArtikel::$model is deprecated in APPPATH\Controllers\AdminArtikel.php on line 14.
 1 SYSTEMPATH\CodeIgniter.php(903): App\Controllers\AdminArtikel->__construct()
 2 SYSTEMPATH\CodeIgniter.php(500): CodeIgniter\CodeIgniter->createController()
 3 SYSTEMPATH\CodeIgniter.php(355): CodeIgniter\CodeIgniter->handleRequest(null, Object(Config\Cache), false)
 4 SYSTEMPATH\Boot.php(312): CodeIgniter\CodeIgniter->run()
 5 SYSTEMPATH\Boot.php(67): CodeIgniter\Boot::runCodeIgniter(Object(CodeIgniter\CodeIgniter))
 6 FCPATH\index.php(56): CodeIgniter\Boot::bootWeb(Object(Config\Paths))
 7 SYSTEMPATH\Commands\Server\rewrite.php(49): require_once('C:\\xampp\\htdocs\\siput_umkm\\public\\index.php')
WARNING - 2024-08-05 17:34:14 --> [DEPRECATED] Creation of dynamic property App\Controllers\AdminArtikel::$db is deprecated in APPPATH\Controllers\BaseController.php on line 57.
 1 SYSTEMPATH\CodeIgniter.php(904): App\Controllers\BaseController->initController(Object(CodeIgniter\HTTP\IncomingRequest), Object(CodeIgniter\HTTP\Response), Object(CodeIgniter\Log\Logger))
 2 SYSTEMPATH\CodeIgniter.php(500): CodeIgniter\CodeIgniter->createController()
 3 SYSTEMPATH\CodeIgniter.php(355): CodeIgniter\CodeIgniter->handleRequest(null, Object(Config\Cache), false)
 4 SYSTEMPATH\Boot.php(312): CodeIgniter\CodeIgniter->run()
 5 SYSTEMPATH\Boot.php(67): CodeIgniter\Boot::runCodeIgniter(Object(CodeIgniter\CodeIgniter))
 6 FCPATH\index.php(56): CodeIgniter\Boot::bootWeb(Object(Config\Paths))
 7 SYSTEMPATH\Commands\Server\rewrite.php(49): require_once('C:\\xampp\\htdocs\\siput_umkm\\public\\index.php')
INFO - 2024-08-05 17:34:15 --> Session: Class initialized using 'CodeIgniter\Session\Handlers\FileHandler' driver.
WARNING - 2024-08-05 17:37:17 --> [DEPRECATED] Creation of dynamic property App\Controllers\AdminArtikel::$model is deprecated in APPPATH\Controllers\AdminArtikel.php on line 14.
 1 SYSTEMPATH\CodeIgniter.php(903): App\Controllers\AdminArtikel->__construct()
 2 SYSTEMPATH\CodeIgniter.php(500): CodeIgniter\CodeIgniter->createController()
 3 SYSTEMPATH\CodeIgniter.php(355): CodeIgniter\CodeIgniter->handleRequest(null, Object(Config\Cache), false)
 4 SYSTEMPATH\Boot.php(312): CodeIgniter\CodeIgniter->run()
 5 SYSTEMPATH\Boot.php(67): CodeIgniter\Boot::runCodeIgniter(Object(CodeIgniter\CodeIgniter))
 6 FCPATH\index.php(56): CodeIgniter\Boot::bootWeb(Object(Config\Paths))
 7 SYSTEMPATH\Commands\Server\rewrite.php(49): require_once('C:\\xampp\\htdocs\\siput_umkm\\public\\index.php')
WARNING - 2024-08-05 17:37:17 --> [DEPRECATED] Creation of dynamic property App\Controllers\AdminArtikel::$db is deprecated in APPPATH\Controllers\BaseController.php on line 57.
 1 SYSTEMPATH\CodeIgniter.php(904): App\Controllers\BaseController->initController(Object(CodeIgniter\HTTP\IncomingRequest), Object(CodeIgniter\HTTP\Response), Object(CodeIgniter\Log\Logger))
 2 SYSTEMPATH\CodeIgniter.php(500): CodeIgniter\CodeIgniter->createController()
 3 SYSTEMPATH\CodeIgniter.php(355): CodeIgniter\CodeIgniter->handleRequest(null, Object(Config\Cache), false)
 4 SYSTEMPATH\Boot.php(312): CodeIgniter\CodeIgniter->run()
 5 SYSTEMPATH\Boot.php(67): CodeIgniter\Boot::runCodeIgniter(Object(CodeIgniter\CodeIgniter))
 6 FCPATH\index.php(56): CodeIgniter\Boot::bootWeb(Object(Config\Paths))
 7 SYSTEMPATH\Commands\Server\rewrite.php(49): require_once('C:\\xampp\\htdocs\\siput_umkm\\public\\index.php')
INFO - 2024-08-05 17:37:17 --> Session: Class initialized using 'CodeIgniter\Session\Handlers\FileHandler' driver.
INFO - 2024-08-05 17:37:25 --> CSRF token verified.
WARNING - 2024-08-05 17:37:25 --> [DEPRECATED] Creation of dynamic property App\Controllers\Admin::$db is deprecated in APPPATH\Controllers\AdminBaseController.php on line 57.
 1 SYSTEMPATH\CodeIgniter.php(904): App\Controllers\AdminBaseController->initController(Object(CodeIgniter\HTTP\IncomingRequest), Object(CodeIgniter\HTTP\Response), Object(CodeIgniter\Log\Logger))
 2 SYSTEMPATH\CodeIgniter.php(500): CodeIgniter\CodeIgniter->createController()
 3 SYSTEMPATH\CodeIgniter.php(355): CodeIgniter\CodeIgniter->handleRequest(null, Object(Config\Cache), false)
 4 SYSTEMPATH\Boot.php(312): CodeIgniter\CodeIgniter->run()
 5 SYSTEMPATH\Boot.php(67): CodeIgniter\Boot::runCodeIgniter(Object(CodeIgniter\CodeIgniter))
 6 FCPATH\index.php(56): CodeIgniter\Boot::bootWeb(Object(Config\Paths))
 7 SYSTEMPATH\Commands\Server\rewrite.php(49): require_once('C:\\xampp\\htdocs\\siput_umkm\\public\\index.php')
WARNING - 2024-08-05 17:37:28 --> [DEPRECATED] Creation of dynamic property App\Controllers\AdminArtikel::$model is deprecated in APPPATH\Controllers\AdminArtikel.php on line 14.
 1 SYSTEMPATH\CodeIgniter.php(903): App\Controllers\AdminArtikel->__construct()
 2 SYSTEMPATH\CodeIgniter.php(500): CodeIgniter\CodeIgniter->createController()
 3 SYSTEMPATH\CodeIgniter.php(355): CodeIgniter\CodeIgniter->handleRequest(null, Object(Config\Cache), false)
 4 SYSTEMPATH\Boot.php(312): CodeIgniter\CodeIgniter->run()
 5 SYSTEMPATH\Boot.php(67): CodeIgniter\Boot::runCodeIgniter(Object(CodeIgniter\CodeIgniter))
 6 FCPATH\index.php(56): CodeIgniter\Boot::bootWeb(Object(Config\Paths))
 7 SYSTEMPATH\Commands\Server\rewrite.php(49): require_once('C:\\xampp\\htdocs\\siput_umkm\\public\\index.php')
WARNING - 2024-08-05 17:37:28 --> [DEPRECATED] Creation of dynamic property App\Controllers\AdminArtikel::$db is deprecated in APPPATH\Controllers\BaseController.php on line 57.
 1 SYSTEMPATH\CodeIgniter.php(904): App\Controllers\BaseController->initController(Object(CodeIgniter\HTTP\IncomingRequest), Object(CodeIgniter\HTTP\Response), Object(CodeIgniter\Log\Logger))
 2 SYSTEMPATH\CodeIgniter.php(500): CodeIgniter\CodeIgniter->createController()
 3 SYSTEMPATH\CodeIgniter.php(355): CodeIgniter\CodeIgniter->handleRequest(null, Object(Config\Cache), false)
 4 SYSTEMPATH\Boot.php(312): CodeIgniter\CodeIgniter->run()
 5 SYSTEMPATH\Boot.php(67): CodeIgniter\Boot::runCodeIgniter(Object(CodeIgniter\CodeIgniter))
 6 FCPATH\index.php(56): CodeIgniter\Boot::bootWeb(Object(Config\Paths))
 7 SYSTEMPATH\Commands\Server\rewrite.php(49): require_once('C:\\xampp\\htdocs\\siput_umkm\\public\\index.php')
INFO - 2024-08-05 17:37:28 --> Session: Class initialized using 'CodeIgniter\Session\Handlers\FileHandler' driver.
WARNING - 2024-08-05 17:39:29 --> [DEPRECATED] Creation of dynamic property App\Controllers\AdminArtikel::$model is deprecated in APPPATH\Controllers\AdminArtikel.php on line 14.
 1 SYSTEMPATH\CodeIgniter.php(903): App\Controllers\AdminArtikel->__construct()
 2 SYSTEMPATH\CodeIgniter.php(500): CodeIgniter\CodeIgniter->createController()
 3 SYSTEMPATH\CodeIgniter.php(355): CodeIgniter\CodeIgniter->handleRequest(null, Object(Config\Cache), false)
 4 SYSTEMPATH\Boot.php(312): CodeIgniter\CodeIgniter->run()
 5 SYSTEMPATH\Boot.php(67): CodeIgniter\Boot::runCodeIgniter(Object(CodeIgniter\CodeIgniter))
 6 FCPATH\index.php(56): CodeIgniter\Boot::bootWeb(Object(Config\Paths))
 7 SYSTEMPATH\Commands\Server\rewrite.php(49): require_once('C:\\xampp\\htdocs\\siput_umkm\\public\\index.php')
WARNING - 2024-08-05 17:39:29 --> [DEPRECATED] Creation of dynamic property App\Controllers\AdminArtikel::$db is deprecated in APPPATH\Controllers\BaseController.php on line 57.
 1 SYSTEMPATH\CodeIgniter.php(904): App\Controllers\BaseController->initController(Object(CodeIgniter\HTTP\IncomingRequest), Object(CodeIgniter\HTTP\Response), Object(CodeIgniter\Log\Logger))
 2 SYSTEMPATH\CodeIgniter.php(500): CodeIgniter\CodeIgniter->createController()
 3 SYSTEMPATH\CodeIgniter.php(355): CodeIgniter\CodeIgniter->handleRequest(null, Object(Config\Cache), false)
 4 SYSTEMPATH\Boot.php(312): CodeIgniter\CodeIgniter->run()
 5 SYSTEMPATH\Boot.php(67): CodeIgniter\Boot::runCodeIgniter(Object(CodeIgniter\CodeIgniter))
 6 FCPATH\index.php(56): CodeIgniter\Boot::bootWeb(Object(Config\Paths))
 7 SYSTEMPATH\Commands\Server\rewrite.php(49): require_once('C:\\xampp\\htdocs\\siput_umkm\\public\\index.php')
INFO - 2024-08-05 17:39:29 --> Session: Class initialized using 'CodeIgniter\Session\Handlers\FileHandler' driver.
INFO - 2024-08-05 17:39:42 --> CSRF token verified.
WARNING - 2024-08-05 17:39:42 --> [DEPRECATED] Creation of dynamic property App\Controllers\Admin::$db is deprecated in APPPATH\Controllers\AdminBaseController.php on line 57.
 1 SYSTEMPATH\CodeIgniter.php(904): App\Controllers\AdminBaseController->initController(Object(CodeIgniter\HTTP\IncomingRequest), Object(CodeIgniter\HTTP\Response), Object(CodeIgniter\Log\Logger))
 2 SYSTEMPATH\CodeIgniter.php(500): CodeIgniter\CodeIgniter->createController()
 3 SYSTEMPATH\CodeIgniter.php(355): CodeIgniter\CodeIgniter->handleRequest(null, Object(Config\Cache), false)
 4 SYSTEMPATH\Boot.php(312): CodeIgniter\CodeIgniter->run()
 5 SYSTEMPATH\Boot.php(67): CodeIgniter\Boot::runCodeIgniter(Object(CodeIgniter\CodeIgniter))
 6 FCPATH\index.php(56): CodeIgniter\Boot::bootWeb(Object(Config\Paths))
 7 SYSTEMPATH\Commands\Server\rewrite.php(49): require_once('C:\\xampp\\htdocs\\siput_umkm\\public\\index.php')
WARNING - 2024-08-05 17:39:46 --> [DEPRECATED] Creation of dynamic property App\Controllers\AdminArtikel::$model is deprecated in APPPATH\Controllers\AdminArtikel.php on line 14.
 1 SYSTEMPATH\CodeIgniter.php(903): App\Controllers\AdminArtikel->__construct()
 2 SYSTEMPATH\CodeIgniter.php(500): CodeIgniter\CodeIgniter->createController()
 3 SYSTEMPATH\CodeIgniter.php(355): CodeIgniter\CodeIgniter->handleRequest(null, Object(Config\Cache), false)
 4 SYSTEMPATH\Boot.php(312): CodeIgniter\CodeIgniter->run()
 5 SYSTEMPATH\Boot.php(67): CodeIgniter\Boot::runCodeIgniter(Object(CodeIgniter\CodeIgniter))
 6 FCPATH\index.php(56): CodeIgniter\Boot::bootWeb(Object(Config\Paths))
 7 SYSTEMPATH\Commands\Server\rewrite.php(49): require_once('C:\\xampp\\htdocs\\siput_umkm\\public\\index.php')
WARNING - 2024-08-05 17:39:46 --> [DEPRECATED] Creation of dynamic property App\Controllers\AdminArtikel::$db is deprecated in APPPATH\Controllers\BaseController.php on line 57.
 1 SYSTEMPATH\CodeIgniter.php(904): App\Controllers\BaseController->initController(Object(CodeIgniter\HTTP\IncomingRequest), Object(CodeIgniter\HTTP\Response), Object(CodeIgniter\Log\Logger))
 2 SYSTEMPATH\CodeIgniter.php(500): CodeIgniter\CodeIgniter->createController()
 3 SYSTEMPATH\CodeIgniter.php(355): CodeIgniter\CodeIgniter->handleRequest(null, Object(Config\Cache), false)
 4 SYSTEMPATH\Boot.php(312): CodeIgniter\CodeIgniter->run()
 5 SYSTEMPATH\Boot.php(67): CodeIgniter\Boot::runCodeIgniter(Object(CodeIgniter\CodeIgniter))
 6 FCPATH\index.php(56): CodeIgniter\Boot::bootWeb(Object(Config\Paths))
 7 SYSTEMPATH\Commands\Server\rewrite.php(49): require_once('C:\\xampp\\htdocs\\siput_umkm\\public\\index.php')
INFO - 2024-08-05 17:39:46 --> Session: Class initialized using 'CodeIgniter\Session\Handlers\FileHandler' driver.
WARNING - 2024-08-05 17:57:57 --> [DEPRECATED] Creation of dynamic property App\Controllers\AdminArtikel::$model is deprecated in APPPATH\Controllers\AdminArtikel.php on line 14.
 1 SYSTEMPATH\CodeIgniter.php(903): App\Controllers\AdminArtikel->__construct()
 2 SYSTEMPATH\CodeIgniter.php(500): CodeIgniter\CodeIgniter->createController()
 3 SYSTEMPATH\CodeIgniter.php(355): CodeIgniter\CodeIgniter->handleRequest(null, Object(Config\Cache), false)
 4 SYSTEMPATH\Boot.php(312): CodeIgniter\CodeIgniter->run()
 5 SYSTEMPATH\Boot.php(67): CodeIgniter\Boot::runCodeIgniter(Object(CodeIgniter\CodeIgniter))
 6 FCPATH\index.php(56): CodeIgniter\Boot::bootWeb(Object(Config\Paths))
 7 SYSTEMPATH\Commands\Server\rewrite.php(49): require_once('C:\\xampp\\htdocs\\siput_umkm\\public\\index.php')
WARNING - 2024-08-05 17:57:57 --> [DEPRECATED] Creation of dynamic property App\Controllers\AdminArtikel::$db is deprecated in APPPATH\Controllers\BaseController.php on line 57.
 1 SYSTEMPATH\CodeIgniter.php(904): App\Controllers\BaseController->initController(Object(CodeIgniter\HTTP\IncomingRequest), Object(CodeIgniter\HTTP\Response), Object(CodeIgniter\Log\Logger))
 2 SYSTEMPATH\CodeIgniter.php(500): CodeIgniter\CodeIgniter->createController()
 3 SYSTEMPATH\CodeIgniter.php(355): CodeIgniter\CodeIgniter->handleRequest(null, Object(Config\Cache), false)
 4 SYSTEMPATH\Boot.php(312): CodeIgniter\CodeIgniter->run()
 5 SYSTEMPATH\Boot.php(67): CodeIgniter\Boot::runCodeIgniter(Object(CodeIgniter\CodeIgniter))
 6 FCPATH\index.php(56): CodeIgniter\Boot::bootWeb(Object(Config\Paths))
 7 SYSTEMPATH\Commands\Server\rewrite.php(49): require_once('C:\\xampp\\htdocs\\siput_umkm\\public\\index.php')
INFO - 2024-08-05 17:57:59 --> Session: Class initialized using 'CodeIgniter\Session\Handlers\FileHandler' driver.
INFO - 2024-08-05 17:58:26 --> CSRF token verified.
WARNING - 2024-08-05 17:58:26 --> [DEPRECATED] Creation of dynamic property App\Controllers\Admin::$db is deprecated in APPPATH\Controllers\AdminBaseController.php on line 57.
 1 SYSTEMPATH\CodeIgniter.php(904): App\Controllers\AdminBaseController->initController(Object(CodeIgniter\HTTP\IncomingRequest), Object(CodeIgniter\HTTP\Response), Object(CodeIgniter\Log\Logger))
 2 SYSTEMPATH\CodeIgniter.php(500): CodeIgniter\CodeIgniter->createController()
 3 SYSTEMPATH\CodeIgniter.php(355): CodeIgniter\CodeIgniter->handleRequest(null, Object(Config\Cache), false)
 4 SYSTEMPATH\Boot.php(312): CodeIgniter\CodeIgniter->run()
 5 SYSTEMPATH\Boot.php(67): CodeIgniter\Boot::runCodeIgniter(Object(CodeIgniter\CodeIgniter))
 6 FCPATH\index.php(56): CodeIgniter\Boot::bootWeb(Object(Config\Paths))
 7 SYSTEMPATH\Commands\Server\rewrite.php(49): require_once('C:\\xampp\\htdocs\\siput_umkm\\public\\index.php')
WARNING - 2024-08-05 17:58:32 --> [DEPRECATED] Creation of dynamic property App\Controllers\AdminArtikel::$model is deprecated in APPPATH\Controllers\AdminArtikel.php on line 14.
 1 SYSTEMPATH\CodeIgniter.php(903): App\Controllers\AdminArtikel->__construct()
 2 SYSTEMPATH\CodeIgniter.php(500): CodeIgniter\CodeIgniter->createController()
 3 SYSTEMPATH\CodeIgniter.php(355): CodeIgniter\CodeIgniter->handleRequest(null, Object(Config\Cache), false)
 4 SYSTEMPATH\Boot.php(312): CodeIgniter\CodeIgniter->run()
 5 SYSTEMPATH\Boot.php(67): CodeIgniter\Boot::runCodeIgniter(Object(CodeIgniter\CodeIgniter))
 6 FCPATH\index.php(56): CodeIgniter\Boot::bootWeb(Object(Config\Paths))
 7 SYSTEMPATH\Commands\Server\rewrite.php(49): require_once('C:\\xampp\\htdocs\\siput_umkm\\public\\index.php')
WARNING - 2024-08-05 17:58:32 --> [DEPRECATED] Creation of dynamic property App\Controllers\AdminArtikel::$db is deprecated in APPPATH\Controllers\BaseController.php on line 57.
 1 SYSTEMPATH\CodeIgniter.php(904): App\Controllers\BaseController->initController(Object(CodeIgniter\HTTP\IncomingRequest), Object(CodeIgniter\HTTP\Response), Object(CodeIgniter\Log\Logger))
 2 SYSTEMPATH\CodeIgniter.php(500): CodeIgniter\CodeIgniter->createController()
 3 SYSTEMPATH\CodeIgniter.php(355): CodeIgniter\CodeIgniter->handleRequest(null, Object(Config\Cache), false)
 4 SYSTEMPATH\Boot.php(312): CodeIgniter\CodeIgniter->run()
 5 SYSTEMPATH\Boot.php(67): CodeIgniter\Boot::runCodeIgniter(Object(CodeIgniter\CodeIgniter))
 6 FCPATH\index.php(56): CodeIgniter\Boot::bootWeb(Object(Config\Paths))
 7 SYSTEMPATH\Commands\Server\rewrite.php(49): require_once('C:\\xampp\\htdocs\\siput_umkm\\public\\index.php')
INFO - 2024-08-05 17:58:32 --> Session: Class initialized using 'CodeIgniter\Session\Handlers\FileHandler' driver.
INFO - 2024-08-05 18:02:45 --> CSRF token verified.
WARNING - 2024-08-05 18:02:45 --> [DEPRECATED] Creation of dynamic property App\Controllers\Admin::$db is deprecated in APPPATH\Controllers\AdminBaseController.php on line 57.
 1 SYSTEMPATH\CodeIgniter.php(904): App\Controllers\AdminBaseController->initController(Object(CodeIgniter\HTTP\IncomingRequest), Object(CodeIgniter\HTTP\Response), Object(CodeIgniter\Log\Logger))
 2 SYSTEMPATH\CodeIgniter.php(500): CodeIgniter\CodeIgniter->createController()
 3 SYSTEMPATH\CodeIgniter.php(355): CodeIgniter\CodeIgniter->handleRequest(null, Object(Config\Cache), false)
 4 SYSTEMPATH\Boot.php(312): CodeIgniter\CodeIgniter->run()
 5 SYSTEMPATH\Boot.php(67): CodeIgniter\Boot::runCodeIgniter(Object(CodeIgniter\CodeIgniter))
 6 FCPATH\index.php(56): CodeIgniter\Boot::bootWeb(Object(Config\Paths))
 7 SYSTEMPATH\Commands\Server\rewrite.php(49): require_once('C:\\xampp\\htdocs\\siput_umkm\\public\\index.php')
WARNING - 2024-08-05 18:09:06 --> [DEPRECATED] Creation of dynamic property App\Controllers\AdminArtikel::$model is deprecated in APPPATH\Controllers\AdminArtikel.php on line 14.
 1 SYSTEMPATH\CodeIgniter.php(903): App\Controllers\AdminArtikel->__construct()
 2 SYSTEMPATH\CodeIgniter.php(500): CodeIgniter\CodeIgniter->createController()
 3 SYSTEMPATH\CodeIgniter.php(355): CodeIgniter\CodeIgniter->handleRequest(null, Object(Config\Cache), false)
 4 SYSTEMPATH\Boot.php(312): CodeIgniter\CodeIgniter->run()
 5 SYSTEMPATH\Boot.php(67): CodeIgniter\Boot::runCodeIgniter(Object(CodeIgniter\CodeIgniter))
 6 FCPATH\index.php(56): CodeIgniter\Boot::bootWeb(Object(Config\Paths))
 7 SYSTEMPATH\Commands\Server\rewrite.php(49): require_once('C:\\xampp\\htdocs\\siput_umkm\\public\\index.php')
WARNING - 2024-08-05 18:09:06 --> [DEPRECATED] Creation of dynamic property App\Controllers\AdminArtikel::$db is deprecated in APPPATH\Controllers\BaseController.php on line 57.
 1 SYSTEMPATH\CodeIgniter.php(904): App\Controllers\BaseController->initController(Object(CodeIgniter\HTTP\IncomingRequest), Object(CodeIgniter\HTTP\Response), Object(CodeIgniter\Log\Logger))
 2 SYSTEMPATH\CodeIgniter.php(500): CodeIgniter\CodeIgniter->createController()
 3 SYSTEMPATH\CodeIgniter.php(355): CodeIgniter\CodeIgniter->handleRequest(null, Object(Config\Cache), false)
 4 SYSTEMPATH\Boot.php(312): CodeIgniter\CodeIgniter->run()
 5 SYSTEMPATH\Boot.php(67): CodeIgniter\Boot::runCodeIgniter(Object(CodeIgniter\CodeIgniter))
 6 FCPATH\index.php(56): CodeIgniter\Boot::bootWeb(Object(Config\Paths))
 7 SYSTEMPATH\Commands\Server\rewrite.php(49): require_once('C:\\xampp\\htdocs\\siput_umkm\\public\\index.php')
INFO - 2024-08-05 18:09:06 --> Session: Class initialized using 'CodeIgniter\Session\Handlers\FileHandler' driver.
INFO - 2024-08-05 18:09:14 --> CSRF token verified.
WARNING - 2024-08-05 18:09:14 --> [DEPRECATED] Creation of dynamic property App\Controllers\Admin::$db is deprecated in APPPATH\Controllers\AdminBaseController.php on line 57.
 1 SYSTEMPATH\CodeIgniter.php(904): App\Controllers\AdminBaseController->initController(Object(CodeIgniter\HTTP\IncomingRequest), Object(CodeIgniter\HTTP\Response), Object(CodeIgniter\Log\Logger))
 2 SYSTEMPATH\CodeIgniter.php(500): CodeIgniter\CodeIgniter->createController()
 3 SYSTEMPATH\CodeIgniter.php(355): CodeIgniter\CodeIgniter->handleRequest(null, Object(Config\Cache), false)
 4 SYSTEMPATH\Boot.php(312): CodeIgniter\CodeIgniter->run()
 5 SYSTEMPATH\Boot.php(67): CodeIgniter\Boot::runCodeIgniter(Object(CodeIgniter\CodeIgniter))
 6 FCPATH\index.php(56): CodeIgniter\Boot::bootWeb(Object(Config\Paths))
 7 SYSTEMPATH\Commands\Server\rewrite.php(49): require_once('C:\\xampp\\htdocs\\siput_umkm\\public\\index.php')
WARNING - 2024-08-05 18:09:44 --> [DEPRECATED] Creation of dynamic property App\Controllers\AdminArtikel::$model is deprecated in APPPATH\Controllers\AdminArtikel.php on line 14.
 1 SYSTEMPATH\CodeIgniter.php(903): App\Controllers\AdminArtikel->__construct()
 2 SYSTEMPATH\CodeIgniter.php(500): CodeIgniter\CodeIgniter->createController()
 3 SYSTEMPATH\CodeIgniter.php(355): CodeIgniter\CodeIgniter->handleRequest(null, Object(Config\Cache), false)
 4 SYSTEMPATH\Boot.php(312): CodeIgniter\CodeIgniter->run()
 5 SYSTEMPATH\Boot.php(67): CodeIgniter\Boot::runCodeIgniter(Object(CodeIgniter\CodeIgniter))
 6 FCPATH\index.php(56): CodeIgniter\Boot::bootWeb(Object(Config\Paths))
 7 SYSTEMPATH\Commands\Server\rewrite.php(49): require_once('C:\\xampp\\htdocs\\siput_umkm\\public\\index.php')
WARNING - 2024-08-05 18:09:44 --> [DEPRECATED] Creation of dynamic property App\Controllers\AdminArtikel::$db is deprecated in APPPATH\Controllers\BaseController.php on line 57.
 1 SYSTEMPATH\CodeIgniter.php(904): App\Controllers\BaseController->initController(Object(CodeIgniter\HTTP\IncomingRequest), Object(CodeIgniter\HTTP\Response), Object(CodeIgniter\Log\Logger))
 2 SYSTEMPATH\CodeIgniter.php(500): CodeIgniter\CodeIgniter->createController()
 3 SYSTEMPATH\CodeIgniter.php(355): CodeIgniter\CodeIgniter->handleRequest(null, Object(Config\Cache), false)
 4 SYSTEMPATH\Boot.php(312): CodeIgniter\CodeIgniter->run()
 5 SYSTEMPATH\Boot.php(67): CodeIgniter\Boot::runCodeIgniter(Object(CodeIgniter\CodeIgniter))
 6 FCPATH\index.php(56): CodeIgniter\Boot::bootWeb(Object(Config\Paths))
 7 SYSTEMPATH\Commands\Server\rewrite.php(49): require_once('C:\\xampp\\htdocs\\siput_umkm\\public\\index.php')
INFO - 2024-08-05 18:09:45 --> Session: Class initialized using 'CodeIgniter\Session\Handlers\FileHandler' driver.
WARNING - 2024-08-05 18:09:50 --> [DEPRECATED] Creation of dynamic property App\Controllers\AdminArtikel::$model is deprecated in APPPATH\Controllers\AdminArtikel.php on line 14.
 1 SYSTEMPATH\CodeIgniter.php(903): App\Controllers\AdminArtikel->__construct()
 2 SYSTEMPATH\CodeIgniter.php(500): CodeIgniter\CodeIgniter->createController()
 3 SYSTEMPATH\CodeIgniter.php(355): CodeIgniter\CodeIgniter->handleRequest(null, Object(Config\Cache), false)
 4 SYSTEMPATH\Boot.php(312): CodeIgniter\CodeIgniter->run()
 5 SYSTEMPATH\Boot.php(67): CodeIgniter\Boot::runCodeIgniter(Object(CodeIgniter\CodeIgniter))
 6 FCPATH\index.php(56): CodeIgniter\Boot::bootWeb(Object(Config\Paths))
 7 SYSTEMPATH\Commands\Server\rewrite.php(49): require_once('C:\\xampp\\htdocs\\siput_umkm\\public\\index.php')
WARNING - 2024-08-05 18:09:50 --> [DEPRECATED] Creation of dynamic property App\Controllers\AdminArtikel::$db is deprecated in APPPATH\Controllers\BaseController.php on line 57.
 1 SYSTEMPATH\CodeIgniter.php(904): App\Controllers\BaseController->initController(Object(CodeIgniter\HTTP\IncomingRequest), Object(CodeIgniter\HTTP\Response), Object(CodeIgniter\Log\Logger))
 2 SYSTEMPATH\CodeIgniter.php(500): CodeIgniter\CodeIgniter->createController()
 3 SYSTEMPATH\CodeIgniter.php(355): CodeIgniter\CodeIgniter->handleRequest(null, Object(Config\Cache), false)
 4 SYSTEMPATH\Boot.php(312): CodeIgniter\CodeIgniter->run()
 5 SYSTEMPATH\Boot.php(67): CodeIgniter\Boot::runCodeIgniter(Object(CodeIgniter\CodeIgniter))
 6 FCPATH\index.php(56): CodeIgniter\Boot::bootWeb(Object(Config\Paths))
 7 SYSTEMPATH\Commands\Server\rewrite.php(49): require_once('C:\\xampp\\htdocs\\siput_umkm\\public\\index.php')
INFO - 2024-08-05 18:09:50 --> Session: Class initialized using 'CodeIgniter\Session\Handlers\FileHandler' driver.
INFO - 2024-08-05 18:09:58 --> CSRF token verified.
WARNING - 2024-08-05 18:09:58 --> [DEPRECATED] Creation of dynamic property App\Controllers\AdminArtikel::$model is deprecated in APPPATH\Controllers\AdminArtikel.php on line 14.
 1 SYSTEMPATH\CodeIgniter.php(903): App\Controllers\AdminArtikel->__construct()
 2 SYSTEMPATH\CodeIgniter.php(500): CodeIgniter\CodeIgniter->createController()
 3 SYSTEMPATH\CodeIgniter.php(355): CodeIgniter\CodeIgniter->handleRequest(null, Object(Config\Cache), false)
 4 SYSTEMPATH\Boot.php(312): CodeIgniter\CodeIgniter->run()
 5 SYSTEMPATH\Boot.php(67): CodeIgniter\Boot::runCodeIgniter(Object(CodeIgniter\CodeIgniter))
 6 FCPATH\index.php(56): CodeIgniter\Boot::bootWeb(Object(Config\Paths))
 7 SYSTEMPATH\Commands\Server\rewrite.php(49): require_once('C:\\xampp\\htdocs\\siput_umkm\\public\\index.php')
WARNING - 2024-08-05 18:09:58 --> [DEPRECATED] Creation of dynamic property App\Controllers\AdminArtikel::$db is deprecated in APPPATH\Controllers\BaseController.php on line 57.
 1 SYSTEMPATH\CodeIgniter.php(904): App\Controllers\BaseController->initController(Object(CodeIgniter\HTTP\IncomingRequest), Object(CodeIgniter\HTTP\Response), Object(CodeIgniter\Log\Logger))
 2 SYSTEMPATH\CodeIgniter.php(500): CodeIgniter\CodeIgniter->createController()
 3 SYSTEMPATH\CodeIgniter.php(355): CodeIgniter\CodeIgniter->handleRequest(null, Object(Config\Cache), false)
 4 SYSTEMPATH\Boot.php(312): CodeIgniter\CodeIgniter->run()
 5 SYSTEMPATH\Boot.php(67): CodeIgniter\Boot::runCodeIgniter(Object(CodeIgniter\CodeIgniter))
 6 FCPATH\index.php(56): CodeIgniter\Boot::bootWeb(Object(Config\Paths))
 7 SYSTEMPATH\Commands\Server\rewrite.php(49): require_once('C:\\xampp\\htdocs\\siput_umkm\\public\\index.php')
INFO - 2024-08-05 18:09:59 --> Session: Class initialized using 'CodeIgniter\Session\Handlers\FileHandler' driver.
WARNING - 2024-08-05 18:10:00 --> [DEPRECATED] Creation of dynamic property App\Controllers\AdminArtikel::$model is deprecated in APPPATH\Controllers\AdminArtikel.php on line 14.
 1 SYSTEMPATH\CodeIgniter.php(903): App\Controllers\AdminArtikel->__construct()
 2 SYSTEMPATH\CodeIgniter.php(500): CodeIgniter\CodeIgniter->createController()
 3 SYSTEMPATH\CodeIgniter.php(355): CodeIgniter\CodeIgniter->handleRequest(null, Object(Config\Cache), false)
 4 SYSTEMPATH\Boot.php(312): CodeIgniter\CodeIgniter->run()
 5 SYSTEMPATH\Boot.php(67): CodeIgniter\Boot::runCodeIgniter(Object(CodeIgniter\CodeIgniter))
 6 FCPATH\index.php(56): CodeIgniter\Boot::bootWeb(Object(Config\Paths))
 7 SYSTEMPATH\Commands\Server\rewrite.php(49): require_once('C:\\xampp\\htdocs\\siput_umkm\\public\\index.php')
WARNING - 2024-08-05 18:10:00 --> [DEPRECATED] Creation of dynamic property App\Controllers\AdminArtikel::$db is deprecated in APPPATH\Controllers\BaseController.php on line 57.
 1 SYSTEMPATH\CodeIgniter.php(904): App\Controllers\BaseController->initController(Object(CodeIgniter\HTTP\IncomingRequest), Object(CodeIgniter\HTTP\Response), Object(CodeIgniter\Log\Logger))
 2 SYSTEMPATH\CodeIgniter.php(500): CodeIgniter\CodeIgniter->createController()
 3 SYSTEMPATH\CodeIgniter.php(355): CodeIgniter\CodeIgniter->handleRequest(null, Object(Config\Cache), false)
 4 SYSTEMPATH\Boot.php(312): CodeIgniter\CodeIgniter->run()
 5 SYSTEMPATH\Boot.php(67): CodeIgniter\Boot::runCodeIgniter(Object(CodeIgniter\CodeIgniter))
 6 FCPATH\index.php(56): CodeIgniter\Boot::bootWeb(Object(Config\Paths))
 7 SYSTEMPATH\Commands\Server\rewrite.php(49): require_once('C:\\xampp\\htdocs\\siput_umkm\\public\\index.php')
INFO - 2024-08-05 18:10:01 --> Session: Class initialized using 'CodeIgniter\Session\Handlers\FileHandler' driver.
INFO - 2024-08-05 18:10:27 --> Session: Class initialized using 'CodeIgniter\Session\Handlers\FileHandler' driver.
WARNING - 2024-08-05 18:10:27 --> [DEPRECATED] Creation of dynamic property App\Controllers\AdminProduct::$model is deprecated in APPPATH\Controllers\AdminProduct.php on line 13.
 1 SYSTEMPATH\CodeIgniter.php(903): App\Controllers\AdminProduct->__construct()
 2 SYSTEMPATH\CodeIgniter.php(500): CodeIgniter\CodeIgniter->createController()
 3 SYSTEMPATH\CodeIgniter.php(355): CodeIgniter\CodeIgniter->handleRequest(null, Object(Config\Cache), false)
 4 SYSTEMPATH\Boot.php(312): CodeIgniter\CodeIgniter->run()
 5 SYSTEMPATH\Boot.php(67): CodeIgniter\Boot::runCodeIgniter(Object(CodeIgniter\CodeIgniter))
 6 FCPATH\index.php(56): CodeIgniter\Boot::bootWeb(Object(Config\Paths))
 7 SYSTEMPATH\Commands\Server\rewrite.php(49): require_once('C:\\xampp\\htdocs\\siput_umkm\\public\\index.php')
WARNING - 2024-08-05 18:10:27 --> [DEPRECATED] Creation of dynamic property App\Controllers\AdminProduct::$db is deprecated in APPPATH\Controllers\AdminBaseController.php on line 57.
 1 SYSTEMPATH\CodeIgniter.php(904): App\Controllers\AdminBaseController->initController(Object(CodeIgniter\HTTP\IncomingRequest), Object(CodeIgniter\HTTP\Response), Object(CodeIgniter\Log\Logger))
 2 SYSTEMPATH\CodeIgniter.php(500): CodeIgniter\CodeIgniter->createController()
 3 SYSTEMPATH\CodeIgniter.php(355): CodeIgniter\CodeIgniter->handleRequest(null, Object(Config\Cache), false)
 4 SYSTEMPATH\Boot.php(312): CodeIgniter\CodeIgniter->run()
 5 SYSTEMPATH\Boot.php(67): CodeIgniter\Boot::runCodeIgniter(Object(CodeIgniter\CodeIgniter))
 6 FCPATH\index.php(56): CodeIgniter\Boot::bootWeb(Object(Config\Paths))
 7 SYSTEMPATH\Commands\Server\rewrite.php(49): require_once('C:\\xampp\\htdocs\\siput_umkm\\public\\index.php')
INFO - 2024-08-05 18:11:04 --> Session: Class initialized using 'CodeIgniter\Session\Handlers\FileHandler' driver.
WARNING - 2024-08-05 18:11:05 --> [DEPRECATED] Creation of dynamic property App\Controllers\AdminProduct::$model is deprecated in APPPATH\Controllers\AdminProduct.php on line 13.
 1 SYSTEMPATH\CodeIgniter.php(903): App\Controllers\AdminProduct->__construct()
 2 SYSTEMPATH\CodeIgniter.php(500): CodeIgniter\CodeIgniter->createController()
 3 SYSTEMPATH\CodeIgniter.php(355): CodeIgniter\CodeIgniter->handleRequest(null, Object(Config\Cache), false)
 4 SYSTEMPATH\Boot.php(312): CodeIgniter\CodeIgniter->run()
 5 SYSTEMPATH\Boot.php(67): CodeIgniter\Boot::runCodeIgniter(Object(CodeIgniter\CodeIgniter))
 6 FCPATH\index.php(56): CodeIgniter\Boot::bootWeb(Object(Config\Paths))
 7 SYSTEMPATH\Commands\Server\rewrite.php(49): require_once('C:\\xampp\\htdocs\\siput_umkm\\public\\index.php')
WARNING - 2024-08-05 18:11:05 --> [DEPRECATED] Creation of dynamic property App\Controllers\AdminProduct::$db is deprecated in APPPATH\Controllers\AdminBaseController.php on line 57.
 1 SYSTEMPATH\CodeIgniter.php(904): App\Controllers\AdminBaseController->initController(Object(CodeIgniter\HTTP\IncomingRequest), Object(CodeIgniter\HTTP\Response), Object(CodeIgniter\Log\Logger))
 2 SYSTEMPATH\CodeIgniter.php(500): CodeIgniter\CodeIgniter->createController()
 3 SYSTEMPATH\CodeIgniter.php(355): CodeIgniter\CodeIgniter->handleRequest(null, Object(Config\Cache), false)
 4 SYSTEMPATH\Boot.php(312): CodeIgniter\CodeIgniter->run()
 5 SYSTEMPATH\Boot.php(67): CodeIgniter\Boot::runCodeIgniter(Object(CodeIgniter\CodeIgniter))
 6 FCPATH\index.php(56): CodeIgniter\Boot::bootWeb(Object(Config\Paths))
 7 SYSTEMPATH\Commands\Server\rewrite.php(49): require_once('C:\\xampp\\htdocs\\siput_umkm\\public\\index.php')
INFO - 2024-08-05 18:11:50 --> Session: Class initialized using 'CodeIgniter\Session\Handlers\FileHandler' driver.
WARNING - 2024-08-05 18:11:50 --> [DEPRECATED] Creation of dynamic property App\Controllers\AdminProduct::$model is deprecated in APPPATH\Controllers\AdminProduct.php on line 13.
 1 SYSTEMPATH\CodeIgniter.php(903): App\Controllers\AdminProduct->__construct()
 2 SYSTEMPATH\CodeIgniter.php(500): CodeIgniter\CodeIgniter->createController()
 3 SYSTEMPATH\CodeIgniter.php(355): CodeIgniter\CodeIgniter->handleRequest(null, Object(Config\Cache), false)
 4 SYSTEMPATH\Boot.php(312): CodeIgniter\CodeIgniter->run()
 5 SYSTEMPATH\Boot.php(67): CodeIgniter\Boot::runCodeIgniter(Object(CodeIgniter\CodeIgniter))
 6 FCPATH\index.php(56): CodeIgniter\Boot::bootWeb(Object(Config\Paths))
 7 SYSTEMPATH\Commands\Server\rewrite.php(49): require_once('C:\\xampp\\htdocs\\siput_umkm\\public\\index.php')
WARNING - 2024-08-05 18:11:50 --> [DEPRECATED] Creation of dynamic property App\Controllers\AdminProduct::$db is deprecated in APPPATH\Controllers\AdminBaseController.php on line 57.
 1 SYSTEMPATH\CodeIgniter.php(904): App\Controllers\AdminBaseController->initController(Object(CodeIgniter\HTTP\IncomingRequest), Object(CodeIgniter\HTTP\Response), Object(CodeIgniter\Log\Logger))
 2 SYSTEMPATH\CodeIgniter.php(500): CodeIgniter\CodeIgniter->createController()
 3 SYSTEMPATH\CodeIgniter.php(355): CodeIgniter\CodeIgniter->handleRequest(null, Object(Config\Cache), false)
 4 SYSTEMPATH\Boot.php(312): CodeIgniter\CodeIgniter->run()
 5 SYSTEMPATH\Boot.php(67): CodeIgniter\Boot::runCodeIgniter(Object(CodeIgniter\CodeIgniter))
 6 FCPATH\index.php(56): CodeIgniter\Boot::bootWeb(Object(Config\Paths))
 7 SYSTEMPATH\Commands\Server\rewrite.php(49): require_once('C:\\xampp\\htdocs\\siput_umkm\\public\\index.php')
INFO - 2024-08-05 18:11:59 --> Session: Class initialized using 'CodeIgniter\Session\Handlers\FileHandler' driver.
WARNING - 2024-08-05 18:12:00 --> [DEPRECATED] Creation of dynamic property App\Controllers\AdminProduct::$model is deprecated in APPPATH\Controllers\AdminProduct.php on line 13.
 1 SYSTEMPATH\CodeIgniter.php(903): App\Controllers\AdminProduct->__construct()
 2 SYSTEMPATH\CodeIgniter.php(500): CodeIgniter\CodeIgniter->createController()
 3 SYSTEMPATH\CodeIgniter.php(355): CodeIgniter\CodeIgniter->handleRequest(null, Object(Config\Cache), false)
 4 SYSTEMPATH\Boot.php(312): CodeIgniter\CodeIgniter->run()
 5 SYSTEMPATH\Boot.php(67): CodeIgniter\Boot::runCodeIgniter(Object(CodeIgniter\CodeIgniter))
 6 FCPATH\index.php(56): CodeIgniter\Boot::bootWeb(Object(Config\Paths))
 7 SYSTEMPATH\Commands\Server\rewrite.php(49): require_once('C:\\xampp\\htdocs\\siput_umkm\\public\\index.php')
WARNING - 2024-08-05 18:12:00 --> [DEPRECATED] Creation of dynamic property App\Controllers\AdminProduct::$db is deprecated in APPPATH\Controllers\AdminBaseController.php on line 57.
 1 SYSTEMPATH\CodeIgniter.php(904): App\Controllers\AdminBaseController->initController(Object(CodeIgniter\HTTP\IncomingRequest), Object(CodeIgniter\HTTP\Response), Object(CodeIgniter\Log\Logger))
 2 SYSTEMPATH\CodeIgniter.php(500): CodeIgniter\CodeIgniter->createController()
 3 SYSTEMPATH\CodeIgniter.php(355): CodeIgniter\CodeIgniter->handleRequest(null, Object(Config\Cache), false)
 4 SYSTEMPATH\Boot.php(312): CodeIgniter\CodeIgniter->run()
 5 SYSTEMPATH\Boot.php(67): CodeIgniter\Boot::runCodeIgniter(Object(CodeIgniter\CodeIgniter))
 6 FCPATH\index.php(56): CodeIgniter\Boot::bootWeb(Object(Config\Paths))
 7 SYSTEMPATH\Commands\Server\rewrite.php(49): require_once('C:\\xampp\\htdocs\\siput_umkm\\public\\index.php')
WARNING - 2024-08-05 18:12:30 --> [DEPRECATED] Creation of dynamic property App\Controllers\Home::$db is deprecated in APPPATH\Controllers\BaseController.php on line 57.
 1 SYSTEMPATH\CodeIgniter.php(904): App\Controllers\BaseController->initController(Object(CodeIgniter\HTTP\IncomingRequest), Object(CodeIgniter\HTTP\Response), Object(CodeIgniter\Log\Logger))
 2 SYSTEMPATH\CodeIgniter.php(500): CodeIgniter\CodeIgniter->createController()
 3 SYSTEMPATH\CodeIgniter.php(355): CodeIgniter\CodeIgniter->handleRequest(null, Object(Config\Cache), false)
 4 SYSTEMPATH\Boot.php(312): CodeIgniter\CodeIgniter->run()
 5 SYSTEMPATH\Boot.php(67): CodeIgniter\Boot::runCodeIgniter(Object(CodeIgniter\CodeIgniter))
 6 FCPATH\index.php(56): CodeIgniter\Boot::bootWeb(Object(Config\Paths))
 7 SYSTEMPATH\Commands\Server\rewrite.php(49): require_once('C:\\xampp\\htdocs\\siput_umkm\\public\\index.php')
