INFO - 2024-08-03 05:46:23 --> Session: Class initialized using 'CodeIgniter\Session\Handlers\FileHandler' driver.
WARNING - 2024-08-03 05:46:42 --> [DEPRECATED] Creation of dynamic property App\Controllers\Home::$db is deprecated in APPPATH\Controllers\BaseController.php on line 57.
 1 SYSTEMPATH\CodeIgniter.php(904): App\Controllers\BaseController->initController(Object(CodeIgniter\HTTP\IncomingRequest), Object(CodeIgniter\HTTP\Response), Object(CodeIgniter\Log\Logger))
 2 SYSTEMPATH\CodeIgniter.php(500): CodeIgniter\CodeIgniter->createController()
 3 SYSTEMPATH\CodeIgniter.php(355): CodeIgniter\CodeIgniter->handleRequest(null, Object(Config\Cache), false)
 4 SYSTEMPATH\Boot.php(312): CodeIgniter\CodeIgniter->run()
 5 SYSTEMPATH\Boot.php(67): CodeIgniter\Boot::runCodeIgniter(Object(CodeIgniter\CodeIgniter))
 6 FCPATH\index.php(56): CodeIgniter\Boot::bootWeb(Object(Config\Paths))
 7 SYSTEMPATH\Commands\Server\rewrite.php(49): require_once('C:\\xampp\\htdocs\\siput_umkm\\public\\index.php')
WARNING - 2024-08-03 05:52:26 --> [DEPRECATED] Creation of dynamic property App\Controllers\Home::$db is deprecated in APPPATH\Controllers\BaseController.php on line 57.
 1 SYSTEMPATH\CodeIgniter.php(904): App\Controllers\BaseController->initController(Object(CodeIgniter\HTTP\IncomingRequest), Object(CodeIgniter\HTTP\Response), Object(CodeIgniter\Log\Logger))
 2 SYSTEMPATH\CodeIgniter.php(500): CodeIgniter\CodeIgniter->createController()
 3 SYSTEMPATH\CodeIgniter.php(355): CodeIgniter\CodeIgniter->handleRequest(null, Object(Config\Cache), false)
 4 SYSTEMPATH\Boot.php(312): CodeIgniter\CodeIgniter->run()
 5 SYSTEMPATH\Boot.php(67): CodeIgniter\Boot::runCodeIgniter(Object(CodeIgniter\CodeIgniter))
 6 FCPATH\index.php(56): CodeIgniter\Boot::bootWeb(Object(Config\Paths))
 7 SYSTEMPATH\Commands\Server\rewrite.php(49): require_once('C:\\xampp\\htdocs\\siput_umkm\\public\\index.php')
WARNING - 2024-08-03 05:55:35 --> [DEPRECATED] Creation of dynamic property App\Controllers\Home::$db is deprecated in APPPATH\Controllers\BaseController.php on line 57.
 1 SYSTEMPATH\CodeIgniter.php(904): App\Controllers\BaseController->initController(Object(CodeIgniter\HTTP\IncomingRequest), Object(CodeIgniter\HTTP\Response), Object(CodeIgniter\Log\Logger))
 2 SYSTEMPATH\CodeIgniter.php(500): CodeIgniter\CodeIgniter->createController()
 3 SYSTEMPATH\CodeIgniter.php(355): CodeIgniter\CodeIgniter->handleRequest(null, Object(Config\Cache), false)
 4 SYSTEMPATH\Boot.php(312): CodeIgniter\CodeIgniter->run()
 5 SYSTEMPATH\Boot.php(67): CodeIgniter\Boot::runCodeIgniter(Object(CodeIgniter\CodeIgniter))
 6 FCPATH\index.php(56): CodeIgniter\Boot::bootWeb(Object(Config\Paths))
 7 SYSTEMPATH\Commands\Server\rewrite.php(49): require_once('C:\\xampp\\htdocs\\siput_umkm\\public\\index.php')
WARNING - 2024-08-03 05:55:46 --> [DEPRECATED] Creation of dynamic property App\Controllers\Home::$db is deprecated in APPPATH\Controllers\BaseController.php on line 57.
 1 SYSTEMPATH\CodeIgniter.php(904): App\Controllers\BaseController->initController(Object(CodeIgniter\HTTP\IncomingRequest), Object(CodeIgniter\HTTP\Response), Object(CodeIgniter\Log\Logger))
 2 SYSTEMPATH\CodeIgniter.php(500): CodeIgniter\CodeIgniter->createController()
 3 SYSTEMPATH\CodeIgniter.php(355): CodeIgniter\CodeIgniter->handleRequest(null, Object(Config\Cache), false)
 4 SYSTEMPATH\Boot.php(312): CodeIgniter\CodeIgniter->run()
 5 SYSTEMPATH\Boot.php(67): CodeIgniter\Boot::runCodeIgniter(Object(CodeIgniter\CodeIgniter))
 6 FCPATH\index.php(56): CodeIgniter\Boot::bootWeb(Object(Config\Paths))
 7 SYSTEMPATH\Commands\Server\rewrite.php(49): require_once('C:\\xampp\\htdocs\\siput_umkm\\public\\index.php')
WARNING - 2024-08-03 05:56:20 --> [DEPRECATED] Creation of dynamic property App\Controllers\Home::$db is deprecated in APPPATH\Controllers\BaseController.php on line 57.
 1 SYSTEMPATH\CodeIgniter.php(904): App\Controllers\BaseController->initController(Object(CodeIgniter\HTTP\IncomingRequest), Object(CodeIgniter\HTTP\Response), Object(CodeIgniter\Log\Logger))
 2 SYSTEMPATH\CodeIgniter.php(500): CodeIgniter\CodeIgniter->createController()
 3 SYSTEMPATH\CodeIgniter.php(355): CodeIgniter\CodeIgniter->handleRequest(null, Object(Config\Cache), false)
 4 SYSTEMPATH\Boot.php(312): CodeIgniter\CodeIgniter->run()
 5 SYSTEMPATH\Boot.php(67): CodeIgniter\Boot::runCodeIgniter(Object(CodeIgniter\CodeIgniter))
 6 FCPATH\index.php(56): CodeIgniter\Boot::bootWeb(Object(Config\Paths))
 7 SYSTEMPATH\Commands\Server\rewrite.php(49): require_once('C:\\xampp\\htdocs\\siput_umkm\\public\\index.php')
WARNING - 2024-08-03 05:58:12 --> [DEPRECATED] Creation of dynamic property App\Controllers\Home::$db is deprecated in APPPATH\Controllers\BaseController.php on line 57.
 1 SYSTEMPATH\CodeIgniter.php(904): App\Controllers\BaseController->initController(Object(CodeIgniter\HTTP\IncomingRequest), Object(CodeIgniter\HTTP\Response), Object(CodeIgniter\Log\Logger))
 2 SYSTEMPATH\CodeIgniter.php(500): CodeIgniter\CodeIgniter->createController()
 3 SYSTEMPATH\CodeIgniter.php(355): CodeIgniter\CodeIgniter->handleRequest(null, Object(Config\Cache), false)
 4 SYSTEMPATH\Boot.php(312): CodeIgniter\CodeIgniter->run()
 5 SYSTEMPATH\Boot.php(67): CodeIgniter\Boot::runCodeIgniter(Object(CodeIgniter\CodeIgniter))
 6 FCPATH\index.php(56): CodeIgniter\Boot::bootWeb(Object(Config\Paths))
 7 SYSTEMPATH\Commands\Server\rewrite.php(49): require_once('C:\\xampp\\htdocs\\siput_umkm\\public\\index.php')
WARNING - 2024-08-03 05:59:09 --> [DEPRECATED] Creation of dynamic property App\Controllers\Home::$db is deprecated in APPPATH\Controllers\BaseController.php on line 57.
 1 SYSTEMPATH\CodeIgniter.php(904): App\Controllers\BaseController->initController(Object(CodeIgniter\HTTP\IncomingRequest), Object(CodeIgniter\HTTP\Response), Object(CodeIgniter\Log\Logger))
 2 SYSTEMPATH\CodeIgniter.php(500): CodeIgniter\CodeIgniter->createController()
 3 SYSTEMPATH\CodeIgniter.php(355): CodeIgniter\CodeIgniter->handleRequest(null, Object(Config\Cache), false)
 4 SYSTEMPATH\Boot.php(312): CodeIgniter\CodeIgniter->run()
 5 SYSTEMPATH\Boot.php(67): CodeIgniter\Boot::runCodeIgniter(Object(CodeIgniter\CodeIgniter))
 6 FCPATH\index.php(56): CodeIgniter\Boot::bootWeb(Object(Config\Paths))
 7 SYSTEMPATH\Commands\Server\rewrite.php(49): require_once('C:\\xampp\\htdocs\\siput_umkm\\public\\index.php')
WARNING - 2024-08-03 06:00:20 --> [DEPRECATED] Creation of dynamic property App\Controllers\Home::$db is deprecated in APPPATH\Controllers\BaseController.php on line 57.
 1 SYSTEMPATH\CodeIgniter.php(904): App\Controllers\BaseController->initController(Object(CodeIgniter\HTTP\IncomingRequest), Object(CodeIgniter\HTTP\Response), Object(CodeIgniter\Log\Logger))
 2 SYSTEMPATH\CodeIgniter.php(500): CodeIgniter\CodeIgniter->createController()
 3 SYSTEMPATH\CodeIgniter.php(355): CodeIgniter\CodeIgniter->handleRequest(null, Object(Config\Cache), false)
 4 SYSTEMPATH\Boot.php(312): CodeIgniter\CodeIgniter->run()
 5 SYSTEMPATH\Boot.php(67): CodeIgniter\Boot::runCodeIgniter(Object(CodeIgniter\CodeIgniter))
 6 FCPATH\index.php(56): CodeIgniter\Boot::bootWeb(Object(Config\Paths))
 7 SYSTEMPATH\Commands\Server\rewrite.php(49): require_once('C:\\xampp\\htdocs\\siput_umkm\\public\\index.php')
WARNING - 2024-08-03 06:00:48 --> [DEPRECATED] Creation of dynamic property App\Controllers\Home::$db is deprecated in APPPATH\Controllers\BaseController.php on line 57.
 1 SYSTEMPATH\CodeIgniter.php(904): App\Controllers\BaseController->initController(Object(CodeIgniter\HTTP\IncomingRequest), Object(CodeIgniter\HTTP\Response), Object(CodeIgniter\Log\Logger))
 2 SYSTEMPATH\CodeIgniter.php(500): CodeIgniter\CodeIgniter->createController()
 3 SYSTEMPATH\CodeIgniter.php(355): CodeIgniter\CodeIgniter->handleRequest(null, Object(Config\Cache), false)
 4 SYSTEMPATH\Boot.php(312): CodeIgniter\CodeIgniter->run()
 5 SYSTEMPATH\Boot.php(67): CodeIgniter\Boot::runCodeIgniter(Object(CodeIgniter\CodeIgniter))
 6 FCPATH\index.php(56): CodeIgniter\Boot::bootWeb(Object(Config\Paths))
 7 SYSTEMPATH\Commands\Server\rewrite.php(49): require_once('C:\\xampp\\htdocs\\siput_umkm\\public\\index.php')
WARNING - 2024-08-03 06:02:14 --> [DEPRECATED] Creation of dynamic property App\Controllers\Home::$db is deprecated in APPPATH\Controllers\BaseController.php on line 57.
 1 SYSTEMPATH\CodeIgniter.php(904): App\Controllers\BaseController->initController(Object(CodeIgniter\HTTP\IncomingRequest), Object(CodeIgniter\HTTP\Response), Object(CodeIgniter\Log\Logger))
 2 SYSTEMPATH\CodeIgniter.php(500): CodeIgniter\CodeIgniter->createController()
 3 SYSTEMPATH\CodeIgniter.php(355): CodeIgniter\CodeIgniter->handleRequest(null, Object(Config\Cache), false)
 4 SYSTEMPATH\Boot.php(312): CodeIgniter\CodeIgniter->run()
 5 SYSTEMPATH\Boot.php(67): CodeIgniter\Boot::runCodeIgniter(Object(CodeIgniter\CodeIgniter))
 6 FCPATH\index.php(56): CodeIgniter\Boot::bootWeb(Object(Config\Paths))
 7 SYSTEMPATH\Commands\Server\rewrite.php(49): require_once('C:\\xampp\\htdocs\\siput_umkm\\public\\index.php')
WARNING - 2024-08-03 06:03:15 --> [DEPRECATED] Creation of dynamic property App\Controllers\Home::$db is deprecated in APPPATH\Controllers\BaseController.php on line 57.
 1 SYSTEMPATH\CodeIgniter.php(904): App\Controllers\BaseController->initController(Object(CodeIgniter\HTTP\IncomingRequest), Object(CodeIgniter\HTTP\Response), Object(CodeIgniter\Log\Logger))
 2 SYSTEMPATH\CodeIgniter.php(500): CodeIgniter\CodeIgniter->createController()
 3 SYSTEMPATH\CodeIgniter.php(355): CodeIgniter\CodeIgniter->handleRequest(null, Object(Config\Cache), false)
 4 SYSTEMPATH\Boot.php(312): CodeIgniter\CodeIgniter->run()
 5 SYSTEMPATH\Boot.php(67): CodeIgniter\Boot::runCodeIgniter(Object(CodeIgniter\CodeIgniter))
 6 FCPATH\index.php(56): CodeIgniter\Boot::bootWeb(Object(Config\Paths))
 7 SYSTEMPATH\Commands\Server\rewrite.php(49): require_once('C:\\xampp\\htdocs\\siput_umkm\\public\\index.php')
WARNING - 2024-08-03 06:03:48 --> [DEPRECATED] Creation of dynamic property App\Controllers\Home::$db is deprecated in APPPATH\Controllers\BaseController.php on line 57.
 1 SYSTEMPATH\CodeIgniter.php(904): App\Controllers\BaseController->initController(Object(CodeIgniter\HTTP\IncomingRequest), Object(CodeIgniter\HTTP\Response), Object(CodeIgniter\Log\Logger))
 2 SYSTEMPATH\CodeIgniter.php(500): CodeIgniter\CodeIgniter->createController()
 3 SYSTEMPATH\CodeIgniter.php(355): CodeIgniter\CodeIgniter->handleRequest(null, Object(Config\Cache), false)
 4 SYSTEMPATH\Boot.php(312): CodeIgniter\CodeIgniter->run()
 5 SYSTEMPATH\Boot.php(67): CodeIgniter\Boot::runCodeIgniter(Object(CodeIgniter\CodeIgniter))
 6 FCPATH\index.php(56): CodeIgniter\Boot::bootWeb(Object(Config\Paths))
 7 SYSTEMPATH\Commands\Server\rewrite.php(49): require_once('C:\\xampp\\htdocs\\siput_umkm\\public\\index.php')
WARNING - 2024-08-03 06:04:26 --> [DEPRECATED] Creation of dynamic property App\Controllers\Home::$db is deprecated in APPPATH\Controllers\BaseController.php on line 57.
 1 SYSTEMPATH\CodeIgniter.php(904): App\Controllers\BaseController->initController(Object(CodeIgniter\HTTP\IncomingRequest), Object(CodeIgniter\HTTP\Response), Object(CodeIgniter\Log\Logger))
 2 SYSTEMPATH\CodeIgniter.php(500): CodeIgniter\CodeIgniter->createController()
 3 SYSTEMPATH\CodeIgniter.php(355): CodeIgniter\CodeIgniter->handleRequest(null, Object(Config\Cache), false)
 4 SYSTEMPATH\Boot.php(312): CodeIgniter\CodeIgniter->run()
 5 SYSTEMPATH\Boot.php(67): CodeIgniter\Boot::runCodeIgniter(Object(CodeIgniter\CodeIgniter))
 6 FCPATH\index.php(56): CodeIgniter\Boot::bootWeb(Object(Config\Paths))
 7 SYSTEMPATH\Commands\Server\rewrite.php(49): require_once('C:\\xampp\\htdocs\\siput_umkm\\public\\index.php')
WARNING - 2024-08-03 06:05:13 --> [DEPRECATED] Creation of dynamic property App\Controllers\Home::$db is deprecated in APPPATH\Controllers\BaseController.php on line 57.
 1 SYSTEMPATH\CodeIgniter.php(904): App\Controllers\BaseController->initController(Object(CodeIgniter\HTTP\IncomingRequest), Object(CodeIgniter\HTTP\Response), Object(CodeIgniter\Log\Logger))
 2 SYSTEMPATH\CodeIgniter.php(500): CodeIgniter\CodeIgniter->createController()
 3 SYSTEMPATH\CodeIgniter.php(355): CodeIgniter\CodeIgniter->handleRequest(null, Object(Config\Cache), false)
 4 SYSTEMPATH\Boot.php(312): CodeIgniter\CodeIgniter->run()
 5 SYSTEMPATH\Boot.php(67): CodeIgniter\Boot::runCodeIgniter(Object(CodeIgniter\CodeIgniter))
 6 FCPATH\index.php(56): CodeIgniter\Boot::bootWeb(Object(Config\Paths))
 7 SYSTEMPATH\Commands\Server\rewrite.php(49): require_once('C:\\xampp\\htdocs\\siput_umkm\\public\\index.php')
WARNING - 2024-08-03 06:06:01 --> [DEPRECATED] Creation of dynamic property App\Controllers\Home::$db is deprecated in APPPATH\Controllers\BaseController.php on line 57.
 1 SYSTEMPATH\CodeIgniter.php(904): App\Controllers\BaseController->initController(Object(CodeIgniter\HTTP\IncomingRequest), Object(CodeIgniter\HTTP\Response), Object(CodeIgniter\Log\Logger))
 2 SYSTEMPATH\CodeIgniter.php(500): CodeIgniter\CodeIgniter->createController()
 3 SYSTEMPATH\CodeIgniter.php(355): CodeIgniter\CodeIgniter->handleRequest(null, Object(Config\Cache), false)
 4 SYSTEMPATH\Boot.php(312): CodeIgniter\CodeIgniter->run()
 5 SYSTEMPATH\Boot.php(67): CodeIgniter\Boot::runCodeIgniter(Object(CodeIgniter\CodeIgniter))
 6 FCPATH\index.php(56): CodeIgniter\Boot::bootWeb(Object(Config\Paths))
 7 SYSTEMPATH\Commands\Server\rewrite.php(49): require_once('C:\\xampp\\htdocs\\siput_umkm\\public\\index.php')
WARNING - 2024-08-03 06:06:38 --> [DEPRECATED] Creation of dynamic property App\Controllers\Home::$db is deprecated in APPPATH\Controllers\BaseController.php on line 57.
 1 SYSTEMPATH\CodeIgniter.php(904): App\Controllers\BaseController->initController(Object(CodeIgniter\HTTP\IncomingRequest), Object(CodeIgniter\HTTP\Response), Object(CodeIgniter\Log\Logger))
 2 SYSTEMPATH\CodeIgniter.php(500): CodeIgniter\CodeIgniter->createController()
 3 SYSTEMPATH\CodeIgniter.php(355): CodeIgniter\CodeIgniter->handleRequest(null, Object(Config\Cache), false)
 4 SYSTEMPATH\Boot.php(312): CodeIgniter\CodeIgniter->run()
 5 SYSTEMPATH\Boot.php(67): CodeIgniter\Boot::runCodeIgniter(Object(CodeIgniter\CodeIgniter))
 6 FCPATH\index.php(56): CodeIgniter\Boot::bootWeb(Object(Config\Paths))
 7 SYSTEMPATH\Commands\Server\rewrite.php(49): require_once('C:\\xampp\\htdocs\\siput_umkm\\public\\index.php')
WARNING - 2024-08-03 06:07:28 --> [DEPRECATED] Creation of dynamic property App\Controllers\Home::$db is deprecated in APPPATH\Controllers\BaseController.php on line 57.
 1 SYSTEMPATH\CodeIgniter.php(904): App\Controllers\BaseController->initController(Object(CodeIgniter\HTTP\IncomingRequest), Object(CodeIgniter\HTTP\Response), Object(CodeIgniter\Log\Logger))
 2 SYSTEMPATH\CodeIgniter.php(500): CodeIgniter\CodeIgniter->createController()
 3 SYSTEMPATH\CodeIgniter.php(355): CodeIgniter\CodeIgniter->handleRequest(null, Object(Config\Cache), false)
 4 SYSTEMPATH\Boot.php(312): CodeIgniter\CodeIgniter->run()
 5 SYSTEMPATH\Boot.php(67): CodeIgniter\Boot::runCodeIgniter(Object(CodeIgniter\CodeIgniter))
 6 FCPATH\index.php(56): CodeIgniter\Boot::bootWeb(Object(Config\Paths))
 7 SYSTEMPATH\Commands\Server\rewrite.php(49): require_once('C:\\xampp\\htdocs\\siput_umkm\\public\\index.php')
WARNING - 2024-08-03 06:08:05 --> [DEPRECATED] Creation of dynamic property App\Controllers\Home::$db is deprecated in APPPATH\Controllers\BaseController.php on line 57.
 1 SYSTEMPATH\CodeIgniter.php(904): App\Controllers\BaseController->initController(Object(CodeIgniter\HTTP\IncomingRequest), Object(CodeIgniter\HTTP\Response), Object(CodeIgniter\Log\Logger))
 2 SYSTEMPATH\CodeIgniter.php(500): CodeIgniter\CodeIgniter->createController()
 3 SYSTEMPATH\CodeIgniter.php(355): CodeIgniter\CodeIgniter->handleRequest(null, Object(Config\Cache), false)
 4 SYSTEMPATH\Boot.php(312): CodeIgniter\CodeIgniter->run()
 5 SYSTEMPATH\Boot.php(67): CodeIgniter\Boot::runCodeIgniter(Object(CodeIgniter\CodeIgniter))
 6 FCPATH\index.php(56): CodeIgniter\Boot::bootWeb(Object(Config\Paths))
 7 SYSTEMPATH\Commands\Server\rewrite.php(49): require_once('C:\\xampp\\htdocs\\siput_umkm\\public\\index.php')
WARNING - 2024-08-03 06:08:53 --> [DEPRECATED] Creation of dynamic property App\Controllers\Home::$db is deprecated in APPPATH\Controllers\BaseController.php on line 57.
 1 SYSTEMPATH\CodeIgniter.php(904): App\Controllers\BaseController->initController(Object(CodeIgniter\HTTP\IncomingRequest), Object(CodeIgniter\HTTP\Response), Object(CodeIgniter\Log\Logger))
 2 SYSTEMPATH\CodeIgniter.php(500): CodeIgniter\CodeIgniter->createController()
 3 SYSTEMPATH\CodeIgniter.php(355): CodeIgniter\CodeIgniter->handleRequest(null, Object(Config\Cache), false)
 4 SYSTEMPATH\Boot.php(312): CodeIgniter\CodeIgniter->run()
 5 SYSTEMPATH\Boot.php(67): CodeIgniter\Boot::runCodeIgniter(Object(CodeIgniter\CodeIgniter))
 6 FCPATH\index.php(56): CodeIgniter\Boot::bootWeb(Object(Config\Paths))
 7 SYSTEMPATH\Commands\Server\rewrite.php(49): require_once('C:\\xampp\\htdocs\\siput_umkm\\public\\index.php')
WARNING - 2024-08-03 06:09:30 --> [DEPRECATED] Creation of dynamic property App\Controllers\Home::$db is deprecated in APPPATH\Controllers\BaseController.php on line 57.
 1 SYSTEMPATH\CodeIgniter.php(904): App\Controllers\BaseController->initController(Object(CodeIgniter\HTTP\IncomingRequest), Object(CodeIgniter\HTTP\Response), Object(CodeIgniter\Log\Logger))
 2 SYSTEMPATH\CodeIgniter.php(500): CodeIgniter\CodeIgniter->createController()
 3 SYSTEMPATH\CodeIgniter.php(355): CodeIgniter\CodeIgniter->handleRequest(null, Object(Config\Cache), false)
 4 SYSTEMPATH\Boot.php(312): CodeIgniter\CodeIgniter->run()
 5 SYSTEMPATH\Boot.php(67): CodeIgniter\Boot::runCodeIgniter(Object(CodeIgniter\CodeIgniter))
 6 FCPATH\index.php(56): CodeIgniter\Boot::bootWeb(Object(Config\Paths))
 7 SYSTEMPATH\Commands\Server\rewrite.php(49): require_once('C:\\xampp\\htdocs\\siput_umkm\\public\\index.php')
WARNING - 2024-08-03 06:11:03 --> [DEPRECATED] Creation of dynamic property App\Controllers\Home::$db is deprecated in APPPATH\Controllers\BaseController.php on line 57.
 1 SYSTEMPATH\CodeIgniter.php(904): App\Controllers\BaseController->initController(Object(CodeIgniter\HTTP\IncomingRequest), Object(CodeIgniter\HTTP\Response), Object(CodeIgniter\Log\Logger))
 2 SYSTEMPATH\CodeIgniter.php(500): CodeIgniter\CodeIgniter->createController()
 3 SYSTEMPATH\CodeIgniter.php(355): CodeIgniter\CodeIgniter->handleRequest(null, Object(Config\Cache), false)
 4 SYSTEMPATH\Boot.php(312): CodeIgniter\CodeIgniter->run()
 5 SYSTEMPATH\Boot.php(67): CodeIgniter\Boot::runCodeIgniter(Object(CodeIgniter\CodeIgniter))
 6 FCPATH\index.php(56): CodeIgniter\Boot::bootWeb(Object(Config\Paths))
 7 SYSTEMPATH\Commands\Server\rewrite.php(49): require_once('C:\\xampp\\htdocs\\siput_umkm\\public\\index.php')
WARNING - 2024-08-03 06:11:22 --> [DEPRECATED] Creation of dynamic property App\Controllers\Home::$db is deprecated in APPPATH\Controllers\BaseController.php on line 57.
 1 SYSTEMPATH\CodeIgniter.php(904): App\Controllers\BaseController->initController(Object(CodeIgniter\HTTP\IncomingRequest), Object(CodeIgniter\HTTP\Response), Object(CodeIgniter\Log\Logger))
 2 SYSTEMPATH\CodeIgniter.php(500): CodeIgniter\CodeIgniter->createController()
 3 SYSTEMPATH\CodeIgniter.php(355): CodeIgniter\CodeIgniter->handleRequest(null, Object(Config\Cache), false)
 4 SYSTEMPATH\Boot.php(312): CodeIgniter\CodeIgniter->run()
 5 SYSTEMPATH\Boot.php(67): CodeIgniter\Boot::runCodeIgniter(Object(CodeIgniter\CodeIgniter))
 6 FCPATH\index.php(56): CodeIgniter\Boot::bootWeb(Object(Config\Paths))
 7 SYSTEMPATH\Commands\Server\rewrite.php(49): require_once('C:\\xampp\\htdocs\\siput_umkm\\public\\index.php')
WARNING - 2024-08-03 06:11:51 --> [DEPRECATED] Creation of dynamic property App\Controllers\Home::$db is deprecated in APPPATH\Controllers\BaseController.php on line 57.
 1 SYSTEMPATH\CodeIgniter.php(904): App\Controllers\BaseController->initController(Object(CodeIgniter\HTTP\IncomingRequest), Object(CodeIgniter\HTTP\Response), Object(CodeIgniter\Log\Logger))
 2 SYSTEMPATH\CodeIgniter.php(500): CodeIgniter\CodeIgniter->createController()
 3 SYSTEMPATH\CodeIgniter.php(355): CodeIgniter\CodeIgniter->handleRequest(null, Object(Config\Cache), false)
 4 SYSTEMPATH\Boot.php(312): CodeIgniter\CodeIgniter->run()
 5 SYSTEMPATH\Boot.php(67): CodeIgniter\Boot::runCodeIgniter(Object(CodeIgniter\CodeIgniter))
 6 FCPATH\index.php(56): CodeIgniter\Boot::bootWeb(Object(Config\Paths))
 7 SYSTEMPATH\Commands\Server\rewrite.php(49): require_once('C:\\xampp\\htdocs\\siput_umkm\\public\\index.php')
WARNING - 2024-08-03 06:12:31 --> [DEPRECATED] Creation of dynamic property App\Controllers\Home::$db is deprecated in APPPATH\Controllers\BaseController.php on line 57.
 1 SYSTEMPATH\CodeIgniter.php(904): App\Controllers\BaseController->initController(Object(CodeIgniter\HTTP\IncomingRequest), Object(CodeIgniter\HTTP\Response), Object(CodeIgniter\Log\Logger))
 2 SYSTEMPATH\CodeIgniter.php(500): CodeIgniter\CodeIgniter->createController()
 3 SYSTEMPATH\CodeIgniter.php(355): CodeIgniter\CodeIgniter->handleRequest(null, Object(Config\Cache), false)
 4 SYSTEMPATH\Boot.php(312): CodeIgniter\CodeIgniter->run()
 5 SYSTEMPATH\Boot.php(67): CodeIgniter\Boot::runCodeIgniter(Object(CodeIgniter\CodeIgniter))
 6 FCPATH\index.php(56): CodeIgniter\Boot::bootWeb(Object(Config\Paths))
 7 SYSTEMPATH\Commands\Server\rewrite.php(49): require_once('C:\\xampp\\htdocs\\siput_umkm\\public\\index.php')
WARNING - 2024-08-03 06:13:03 --> [DEPRECATED] Creation of dynamic property App\Controllers\Home::$db is deprecated in APPPATH\Controllers\BaseController.php on line 57.
 1 SYSTEMPATH\CodeIgniter.php(904): App\Controllers\BaseController->initController(Object(CodeIgniter\HTTP\IncomingRequest), Object(CodeIgniter\HTTP\Response), Object(CodeIgniter\Log\Logger))
 2 SYSTEMPATH\CodeIgniter.php(500): CodeIgniter\CodeIgniter->createController()
 3 SYSTEMPATH\CodeIgniter.php(355): CodeIgniter\CodeIgniter->handleRequest(null, Object(Config\Cache), false)
 4 SYSTEMPATH\Boot.php(312): CodeIgniter\CodeIgniter->run()
 5 SYSTEMPATH\Boot.php(67): CodeIgniter\Boot::runCodeIgniter(Object(CodeIgniter\CodeIgniter))
 6 FCPATH\index.php(56): CodeIgniter\Boot::bootWeb(Object(Config\Paths))
 7 SYSTEMPATH\Commands\Server\rewrite.php(49): require_once('C:\\xampp\\htdocs\\siput_umkm\\public\\index.php')
WARNING - 2024-08-03 06:13:39 --> [DEPRECATED] Creation of dynamic property App\Controllers\Home::$db is deprecated in APPPATH\Controllers\BaseController.php on line 57.
 1 SYSTEMPATH\CodeIgniter.php(904): App\Controllers\BaseController->initController(Object(CodeIgniter\HTTP\IncomingRequest), Object(CodeIgniter\HTTP\Response), Object(CodeIgniter\Log\Logger))
 2 SYSTEMPATH\CodeIgniter.php(500): CodeIgniter\CodeIgniter->createController()
 3 SYSTEMPATH\CodeIgniter.php(355): CodeIgniter\CodeIgniter->handleRequest(null, Object(Config\Cache), false)
 4 SYSTEMPATH\Boot.php(312): CodeIgniter\CodeIgniter->run()
 5 SYSTEMPATH\Boot.php(67): CodeIgniter\Boot::runCodeIgniter(Object(CodeIgniter\CodeIgniter))
 6 FCPATH\index.php(56): CodeIgniter\Boot::bootWeb(Object(Config\Paths))
 7 SYSTEMPATH\Commands\Server\rewrite.php(49): require_once('C:\\xampp\\htdocs\\siput_umkm\\public\\index.php')
WARNING - 2024-08-03 06:14:23 --> [DEPRECATED] Creation of dynamic property App\Controllers\Home::$db is deprecated in APPPATH\Controllers\BaseController.php on line 57.
 1 SYSTEMPATH\CodeIgniter.php(904): App\Controllers\BaseController->initController(Object(CodeIgniter\HTTP\IncomingRequest), Object(CodeIgniter\HTTP\Response), Object(CodeIgniter\Log\Logger))
 2 SYSTEMPATH\CodeIgniter.php(500): CodeIgniter\CodeIgniter->createController()
 3 SYSTEMPATH\CodeIgniter.php(355): CodeIgniter\CodeIgniter->handleRequest(null, Object(Config\Cache), false)
 4 SYSTEMPATH\Boot.php(312): CodeIgniter\CodeIgniter->run()
 5 SYSTEMPATH\Boot.php(67): CodeIgniter\Boot::runCodeIgniter(Object(CodeIgniter\CodeIgniter))
 6 FCPATH\index.php(56): CodeIgniter\Boot::bootWeb(Object(Config\Paths))
 7 SYSTEMPATH\Commands\Server\rewrite.php(49): require_once('C:\\xampp\\htdocs\\siput_umkm\\public\\index.php')
WARNING - 2024-08-03 06:14:58 --> [DEPRECATED] Creation of dynamic property App\Controllers\Home::$db is deprecated in APPPATH\Controllers\BaseController.php on line 57.
 1 SYSTEMPATH\CodeIgniter.php(904): App\Controllers\BaseController->initController(Object(CodeIgniter\HTTP\IncomingRequest), Object(CodeIgniter\HTTP\Response), Object(CodeIgniter\Log\Logger))
 2 SYSTEMPATH\CodeIgniter.php(500): CodeIgniter\CodeIgniter->createController()
 3 SYSTEMPATH\CodeIgniter.php(355): CodeIgniter\CodeIgniter->handleRequest(null, Object(Config\Cache), false)
 4 SYSTEMPATH\Boot.php(312): CodeIgniter\CodeIgniter->run()
 5 SYSTEMPATH\Boot.php(67): CodeIgniter\Boot::runCodeIgniter(Object(CodeIgniter\CodeIgniter))
 6 FCPATH\index.php(56): CodeIgniter\Boot::bootWeb(Object(Config\Paths))
 7 SYSTEMPATH\Commands\Server\rewrite.php(49): require_once('C:\\xampp\\htdocs\\siput_umkm\\public\\index.php')
WARNING - 2024-08-03 06:15:20 --> [DEPRECATED] Creation of dynamic property App\Controllers\Home::$db is deprecated in APPPATH\Controllers\BaseController.php on line 57.
 1 SYSTEMPATH\CodeIgniter.php(904): App\Controllers\BaseController->initController(Object(CodeIgniter\HTTP\IncomingRequest), Object(CodeIgniter\HTTP\Response), Object(CodeIgniter\Log\Logger))
 2 SYSTEMPATH\CodeIgniter.php(500): CodeIgniter\CodeIgniter->createController()
 3 SYSTEMPATH\CodeIgniter.php(355): CodeIgniter\CodeIgniter->handleRequest(null, Object(Config\Cache), false)
 4 SYSTEMPATH\Boot.php(312): CodeIgniter\CodeIgniter->run()
 5 SYSTEMPATH\Boot.php(67): CodeIgniter\Boot::runCodeIgniter(Object(CodeIgniter\CodeIgniter))
 6 FCPATH\index.php(56): CodeIgniter\Boot::bootWeb(Object(Config\Paths))
 7 SYSTEMPATH\Commands\Server\rewrite.php(49): require_once('C:\\xampp\\htdocs\\siput_umkm\\public\\index.php')
WARNING - 2024-08-03 06:15:51 --> [DEPRECATED] Creation of dynamic property App\Controllers\Home::$db is deprecated in APPPATH\Controllers\BaseController.php on line 57.
 1 SYSTEMPATH\CodeIgniter.php(904): App\Controllers\BaseController->initController(Object(CodeIgniter\HTTP\IncomingRequest), Object(CodeIgniter\HTTP\Response), Object(CodeIgniter\Log\Logger))
 2 SYSTEMPATH\CodeIgniter.php(500): CodeIgniter\CodeIgniter->createController()
 3 SYSTEMPATH\CodeIgniter.php(355): CodeIgniter\CodeIgniter->handleRequest(null, Object(Config\Cache), false)
 4 SYSTEMPATH\Boot.php(312): CodeIgniter\CodeIgniter->run()
 5 SYSTEMPATH\Boot.php(67): CodeIgniter\Boot::runCodeIgniter(Object(CodeIgniter\CodeIgniter))
 6 FCPATH\index.php(56): CodeIgniter\Boot::bootWeb(Object(Config\Paths))
 7 SYSTEMPATH\Commands\Server\rewrite.php(49): require_once('C:\\xampp\\htdocs\\siput_umkm\\public\\index.php')
WARNING - 2024-08-03 06:16:13 --> [DEPRECATED] Creation of dynamic property App\Controllers\Home::$db is deprecated in APPPATH\Controllers\BaseController.php on line 57.
 1 SYSTEMPATH\CodeIgniter.php(904): App\Controllers\BaseController->initController(Object(CodeIgniter\HTTP\IncomingRequest), Object(CodeIgniter\HTTP\Response), Object(CodeIgniter\Log\Logger))
 2 SYSTEMPATH\CodeIgniter.php(500): CodeIgniter\CodeIgniter->createController()
 3 SYSTEMPATH\CodeIgniter.php(355): CodeIgniter\CodeIgniter->handleRequest(null, Object(Config\Cache), false)
 4 SYSTEMPATH\Boot.php(312): CodeIgniter\CodeIgniter->run()
 5 SYSTEMPATH\Boot.php(67): CodeIgniter\Boot::runCodeIgniter(Object(CodeIgniter\CodeIgniter))
 6 FCPATH\index.php(56): CodeIgniter\Boot::bootWeb(Object(Config\Paths))
 7 SYSTEMPATH\Commands\Server\rewrite.php(49): require_once('C:\\xampp\\htdocs\\siput_umkm\\public\\index.php')
WARNING - 2024-08-03 06:16:35 --> [DEPRECATED] Creation of dynamic property App\Controllers\Home::$db is deprecated in APPPATH\Controllers\BaseController.php on line 57.
 1 SYSTEMPATH\CodeIgniter.php(904): App\Controllers\BaseController->initController(Object(CodeIgniter\HTTP\IncomingRequest), Object(CodeIgniter\HTTP\Response), Object(CodeIgniter\Log\Logger))
 2 SYSTEMPATH\CodeIgniter.php(500): CodeIgniter\CodeIgniter->createController()
 3 SYSTEMPATH\CodeIgniter.php(355): CodeIgniter\CodeIgniter->handleRequest(null, Object(Config\Cache), false)
 4 SYSTEMPATH\Boot.php(312): CodeIgniter\CodeIgniter->run()
 5 SYSTEMPATH\Boot.php(67): CodeIgniter\Boot::runCodeIgniter(Object(CodeIgniter\CodeIgniter))
 6 FCPATH\index.php(56): CodeIgniter\Boot::bootWeb(Object(Config\Paths))
 7 SYSTEMPATH\Commands\Server\rewrite.php(49): require_once('C:\\xampp\\htdocs\\siput_umkm\\public\\index.php')
WARNING - 2024-08-03 06:17:01 --> [DEPRECATED] Creation of dynamic property App\Controllers\Home::$db is deprecated in APPPATH\Controllers\BaseController.php on line 57.
 1 SYSTEMPATH\CodeIgniter.php(904): App\Controllers\BaseController->initController(Object(CodeIgniter\HTTP\IncomingRequest), Object(CodeIgniter\HTTP\Response), Object(CodeIgniter\Log\Logger))
 2 SYSTEMPATH\CodeIgniter.php(500): CodeIgniter\CodeIgniter->createController()
 3 SYSTEMPATH\CodeIgniter.php(355): CodeIgniter\CodeIgniter->handleRequest(null, Object(Config\Cache), false)
 4 SYSTEMPATH\Boot.php(312): CodeIgniter\CodeIgniter->run()
 5 SYSTEMPATH\Boot.php(67): CodeIgniter\Boot::runCodeIgniter(Object(CodeIgniter\CodeIgniter))
 6 FCPATH\index.php(56): CodeIgniter\Boot::bootWeb(Object(Config\Paths))
 7 SYSTEMPATH\Commands\Server\rewrite.php(49): require_once('C:\\xampp\\htdocs\\siput_umkm\\public\\index.php')
WARNING - 2024-08-03 06:17:55 --> [DEPRECATED] Creation of dynamic property App\Controllers\Home::$db is deprecated in APPPATH\Controllers\BaseController.php on line 57.
 1 SYSTEMPATH\CodeIgniter.php(904): App\Controllers\BaseController->initController(Object(CodeIgniter\HTTP\IncomingRequest), Object(CodeIgniter\HTTP\Response), Object(CodeIgniter\Log\Logger))
 2 SYSTEMPATH\CodeIgniter.php(500): CodeIgniter\CodeIgniter->createController()
 3 SYSTEMPATH\CodeIgniter.php(355): CodeIgniter\CodeIgniter->handleRequest(null, Object(Config\Cache), false)
 4 SYSTEMPATH\Boot.php(312): CodeIgniter\CodeIgniter->run()
 5 SYSTEMPATH\Boot.php(67): CodeIgniter\Boot::runCodeIgniter(Object(CodeIgniter\CodeIgniter))
 6 FCPATH\index.php(56): CodeIgniter\Boot::bootWeb(Object(Config\Paths))
 7 SYSTEMPATH\Commands\Server\rewrite.php(49): require_once('C:\\xampp\\htdocs\\siput_umkm\\public\\index.php')
WARNING - 2024-08-03 06:18:10 --> [DEPRECATED] Creation of dynamic property App\Controllers\Home::$db is deprecated in APPPATH\Controllers\BaseController.php on line 57.
 1 SYSTEMPATH\CodeIgniter.php(904): App\Controllers\BaseController->initController(Object(CodeIgniter\HTTP\IncomingRequest), Object(CodeIgniter\HTTP\Response), Object(CodeIgniter\Log\Logger))
 2 SYSTEMPATH\CodeIgniter.php(500): CodeIgniter\CodeIgniter->createController()
 3 SYSTEMPATH\CodeIgniter.php(355): CodeIgniter\CodeIgniter->handleRequest(null, Object(Config\Cache), false)
 4 SYSTEMPATH\Boot.php(312): CodeIgniter\CodeIgniter->run()
 5 SYSTEMPATH\Boot.php(67): CodeIgniter\Boot::runCodeIgniter(Object(CodeIgniter\CodeIgniter))
 6 FCPATH\index.php(56): CodeIgniter\Boot::bootWeb(Object(Config\Paths))
 7 SYSTEMPATH\Commands\Server\rewrite.php(49): require_once('C:\\xampp\\htdocs\\siput_umkm\\public\\index.php')
WARNING - 2024-08-03 06:19:18 --> [DEPRECATED] Creation of dynamic property App\Controllers\Home::$db is deprecated in APPPATH\Controllers\BaseController.php on line 57.
 1 SYSTEMPATH\CodeIgniter.php(904): App\Controllers\BaseController->initController(Object(CodeIgniter\HTTP\IncomingRequest), Object(CodeIgniter\HTTP\Response), Object(CodeIgniter\Log\Logger))
 2 SYSTEMPATH\CodeIgniter.php(500): CodeIgniter\CodeIgniter->createController()
 3 SYSTEMPATH\CodeIgniter.php(355): CodeIgniter\CodeIgniter->handleRequest(null, Object(Config\Cache), false)
 4 SYSTEMPATH\Boot.php(312): CodeIgniter\CodeIgniter->run()
 5 SYSTEMPATH\Boot.php(67): CodeIgniter\Boot::runCodeIgniter(Object(CodeIgniter\CodeIgniter))
 6 FCPATH\index.php(56): CodeIgniter\Boot::bootWeb(Object(Config\Paths))
 7 SYSTEMPATH\Commands\Server\rewrite.php(49): require_once('C:\\xampp\\htdocs\\siput_umkm\\public\\index.php')
WARNING - 2024-08-03 06:22:07 --> [DEPRECATED] Creation of dynamic property App\Controllers\Home::$db is deprecated in APPPATH\Controllers\BaseController.php on line 57.
 1 SYSTEMPATH\CodeIgniter.php(904): App\Controllers\BaseController->initController(Object(CodeIgniter\HTTP\IncomingRequest), Object(CodeIgniter\HTTP\Response), Object(CodeIgniter\Log\Logger))
 2 SYSTEMPATH\CodeIgniter.php(500): CodeIgniter\CodeIgniter->createController()
 3 SYSTEMPATH\CodeIgniter.php(355): CodeIgniter\CodeIgniter->handleRequest(null, Object(Config\Cache), false)
 4 SYSTEMPATH\Boot.php(312): CodeIgniter\CodeIgniter->run()
 5 SYSTEMPATH\Boot.php(67): CodeIgniter\Boot::runCodeIgniter(Object(CodeIgniter\CodeIgniter))
 6 FCPATH\index.php(56): CodeIgniter\Boot::bootWeb(Object(Config\Paths))
 7 SYSTEMPATH\Commands\Server\rewrite.php(49): require_once('C:\\xampp\\htdocs\\siput_umkm\\public\\index.php')
WARNING - 2024-08-03 06:22:42 --> [DEPRECATED] Creation of dynamic property App\Controllers\Home::$db is deprecated in APPPATH\Controllers\BaseController.php on line 57.
 1 SYSTEMPATH\CodeIgniter.php(904): App\Controllers\BaseController->initController(Object(CodeIgniter\HTTP\IncomingRequest), Object(CodeIgniter\HTTP\Response), Object(CodeIgniter\Log\Logger))
 2 SYSTEMPATH\CodeIgniter.php(500): CodeIgniter\CodeIgniter->createController()
 3 SYSTEMPATH\CodeIgniter.php(355): CodeIgniter\CodeIgniter->handleRequest(null, Object(Config\Cache), false)
 4 SYSTEMPATH\Boot.php(312): CodeIgniter\CodeIgniter->run()
 5 SYSTEMPATH\Boot.php(67): CodeIgniter\Boot::runCodeIgniter(Object(CodeIgniter\CodeIgniter))
 6 FCPATH\index.php(56): CodeIgniter\Boot::bootWeb(Object(Config\Paths))
 7 SYSTEMPATH\Commands\Server\rewrite.php(49): require_once('C:\\xampp\\htdocs\\siput_umkm\\public\\index.php')
WARNING - 2024-08-03 06:23:32 --> [DEPRECATED] Creation of dynamic property App\Controllers\Home::$db is deprecated in APPPATH\Controllers\BaseController.php on line 57.
 1 SYSTEMPATH\CodeIgniter.php(904): App\Controllers\BaseController->initController(Object(CodeIgniter\HTTP\IncomingRequest), Object(CodeIgniter\HTTP\Response), Object(CodeIgniter\Log\Logger))
 2 SYSTEMPATH\CodeIgniter.php(500): CodeIgniter\CodeIgniter->createController()
 3 SYSTEMPATH\CodeIgniter.php(355): CodeIgniter\CodeIgniter->handleRequest(null, Object(Config\Cache), false)
 4 SYSTEMPATH\Boot.php(312): CodeIgniter\CodeIgniter->run()
 5 SYSTEMPATH\Boot.php(67): CodeIgniter\Boot::runCodeIgniter(Object(CodeIgniter\CodeIgniter))
 6 FCPATH\index.php(56): CodeIgniter\Boot::bootWeb(Object(Config\Paths))
 7 SYSTEMPATH\Commands\Server\rewrite.php(49): require_once('C:\\xampp\\htdocs\\siput_umkm\\public\\index.php')
WARNING - 2024-08-03 06:24:17 --> [DEPRECATED] Creation of dynamic property App\Controllers\Home::$db is deprecated in APPPATH\Controllers\BaseController.php on line 57.
 1 SYSTEMPATH\CodeIgniter.php(904): App\Controllers\BaseController->initController(Object(CodeIgniter\HTTP\IncomingRequest), Object(CodeIgniter\HTTP\Response), Object(CodeIgniter\Log\Logger))
 2 SYSTEMPATH\CodeIgniter.php(500): CodeIgniter\CodeIgniter->createController()
 3 SYSTEMPATH\CodeIgniter.php(355): CodeIgniter\CodeIgniter->handleRequest(null, Object(Config\Cache), false)
 4 SYSTEMPATH\Boot.php(312): CodeIgniter\CodeIgniter->run()
 5 SYSTEMPATH\Boot.php(67): CodeIgniter\Boot::runCodeIgniter(Object(CodeIgniter\CodeIgniter))
 6 FCPATH\index.php(56): CodeIgniter\Boot::bootWeb(Object(Config\Paths))
 7 SYSTEMPATH\Commands\Server\rewrite.php(49): require_once('C:\\xampp\\htdocs\\siput_umkm\\public\\index.php')
WARNING - 2024-08-03 06:24:44 --> [DEPRECATED] Creation of dynamic property App\Controllers\Home::$db is deprecated in APPPATH\Controllers\BaseController.php on line 57.
 1 SYSTEMPATH\CodeIgniter.php(904): App\Controllers\BaseController->initController(Object(CodeIgniter\HTTP\IncomingRequest), Object(CodeIgniter\HTTP\Response), Object(CodeIgniter\Log\Logger))
 2 SYSTEMPATH\CodeIgniter.php(500): CodeIgniter\CodeIgniter->createController()
 3 SYSTEMPATH\CodeIgniter.php(355): CodeIgniter\CodeIgniter->handleRequest(null, Object(Config\Cache), false)
 4 SYSTEMPATH\Boot.php(312): CodeIgniter\CodeIgniter->run()
 5 SYSTEMPATH\Boot.php(67): CodeIgniter\Boot::runCodeIgniter(Object(CodeIgniter\CodeIgniter))
 6 FCPATH\index.php(56): CodeIgniter\Boot::bootWeb(Object(Config\Paths))
 7 SYSTEMPATH\Commands\Server\rewrite.php(49): require_once('C:\\xampp\\htdocs\\siput_umkm\\public\\index.php')
WARNING - 2024-08-03 06:25:21 --> [DEPRECATED] Creation of dynamic property App\Controllers\Home::$db is deprecated in APPPATH\Controllers\BaseController.php on line 57.
 1 SYSTEMPATH\CodeIgniter.php(904): App\Controllers\BaseController->initController(Object(CodeIgniter\HTTP\IncomingRequest), Object(CodeIgniter\HTTP\Response), Object(CodeIgniter\Log\Logger))
 2 SYSTEMPATH\CodeIgniter.php(500): CodeIgniter\CodeIgniter->createController()
 3 SYSTEMPATH\CodeIgniter.php(355): CodeIgniter\CodeIgniter->handleRequest(null, Object(Config\Cache), false)
 4 SYSTEMPATH\Boot.php(312): CodeIgniter\CodeIgniter->run()
 5 SYSTEMPATH\Boot.php(67): CodeIgniter\Boot::runCodeIgniter(Object(CodeIgniter\CodeIgniter))
 6 FCPATH\index.php(56): CodeIgniter\Boot::bootWeb(Object(Config\Paths))
 7 SYSTEMPATH\Commands\Server\rewrite.php(49): require_once('C:\\xampp\\htdocs\\siput_umkm\\public\\index.php')
WARNING - 2024-08-03 06:25:35 --> [DEPRECATED] Creation of dynamic property App\Controllers\Home::$db is deprecated in APPPATH\Controllers\BaseController.php on line 57.
 1 SYSTEMPATH\CodeIgniter.php(904): App\Controllers\BaseController->initController(Object(CodeIgniter\HTTP\IncomingRequest), Object(CodeIgniter\HTTP\Response), Object(CodeIgniter\Log\Logger))
 2 SYSTEMPATH\CodeIgniter.php(500): CodeIgniter\CodeIgniter->createController()
 3 SYSTEMPATH\CodeIgniter.php(355): CodeIgniter\CodeIgniter->handleRequest(null, Object(Config\Cache), false)
 4 SYSTEMPATH\Boot.php(312): CodeIgniter\CodeIgniter->run()
 5 SYSTEMPATH\Boot.php(67): CodeIgniter\Boot::runCodeIgniter(Object(CodeIgniter\CodeIgniter))
 6 FCPATH\index.php(56): CodeIgniter\Boot::bootWeb(Object(Config\Paths))
 7 SYSTEMPATH\Commands\Server\rewrite.php(49): require_once('C:\\xampp\\htdocs\\siput_umkm\\public\\index.php')
WARNING - 2024-08-03 06:25:56 --> [DEPRECATED] Creation of dynamic property App\Controllers\Home::$db is deprecated in APPPATH\Controllers\BaseController.php on line 57.
 1 SYSTEMPATH\CodeIgniter.php(904): App\Controllers\BaseController->initController(Object(CodeIgniter\HTTP\IncomingRequest), Object(CodeIgniter\HTTP\Response), Object(CodeIgniter\Log\Logger))
 2 SYSTEMPATH\CodeIgniter.php(500): CodeIgniter\CodeIgniter->createController()
 3 SYSTEMPATH\CodeIgniter.php(355): CodeIgniter\CodeIgniter->handleRequest(null, Object(Config\Cache), false)
 4 SYSTEMPATH\Boot.php(312): CodeIgniter\CodeIgniter->run()
 5 SYSTEMPATH\Boot.php(67): CodeIgniter\Boot::runCodeIgniter(Object(CodeIgniter\CodeIgniter))
 6 FCPATH\index.php(56): CodeIgniter\Boot::bootWeb(Object(Config\Paths))
 7 SYSTEMPATH\Commands\Server\rewrite.php(49): require_once('C:\\xampp\\htdocs\\siput_umkm\\public\\index.php')
WARNING - 2024-08-03 06:30:31 --> [DEPRECATED] Creation of dynamic property App\Controllers\Home::$db is deprecated in APPPATH\Controllers\BaseController.php on line 57.
 1 SYSTEMPATH\CodeIgniter.php(904): App\Controllers\BaseController->initController(Object(CodeIgniter\HTTP\IncomingRequest), Object(CodeIgniter\HTTP\Response), Object(CodeIgniter\Log\Logger))
 2 SYSTEMPATH\CodeIgniter.php(500): CodeIgniter\CodeIgniter->createController()
 3 SYSTEMPATH\CodeIgniter.php(355): CodeIgniter\CodeIgniter->handleRequest(null, Object(Config\Cache), false)
 4 SYSTEMPATH\Boot.php(312): CodeIgniter\CodeIgniter->run()
 5 SYSTEMPATH\Boot.php(67): CodeIgniter\Boot::runCodeIgniter(Object(CodeIgniter\CodeIgniter))
 6 FCPATH\index.php(56): CodeIgniter\Boot::bootWeb(Object(Config\Paths))
 7 SYSTEMPATH\Commands\Server\rewrite.php(49): require_once('C:\\xampp\\htdocs\\siput_umkm\\public\\index.php')
WARNING - 2024-08-03 06:33:02 --> [DEPRECATED] Creation of dynamic property App\Controllers\Home::$db is deprecated in APPPATH\Controllers\BaseController.php on line 57.
 1 SYSTEMPATH\CodeIgniter.php(904): App\Controllers\BaseController->initController(Object(CodeIgniter\HTTP\IncomingRequest), Object(CodeIgniter\HTTP\Response), Object(CodeIgniter\Log\Logger))
 2 SYSTEMPATH\CodeIgniter.php(500): CodeIgniter\CodeIgniter->createController()
 3 SYSTEMPATH\CodeIgniter.php(355): CodeIgniter\CodeIgniter->handleRequest(null, Object(Config\Cache), false)
 4 SYSTEMPATH\Boot.php(312): CodeIgniter\CodeIgniter->run()
 5 SYSTEMPATH\Boot.php(67): CodeIgniter\Boot::runCodeIgniter(Object(CodeIgniter\CodeIgniter))
 6 FCPATH\index.php(56): CodeIgniter\Boot::bootWeb(Object(Config\Paths))
 7 SYSTEMPATH\Commands\Server\rewrite.php(49): require_once('C:\\xampp\\htdocs\\siput_umkm\\public\\index.php')
WARNING - 2024-08-03 06:33:58 --> [DEPRECATED] Creation of dynamic property App\Controllers\Home::$db is deprecated in APPPATH\Controllers\BaseController.php on line 57.
 1 SYSTEMPATH\CodeIgniter.php(904): App\Controllers\BaseController->initController(Object(CodeIgniter\HTTP\IncomingRequest), Object(CodeIgniter\HTTP\Response), Object(CodeIgniter\Log\Logger))
 2 SYSTEMPATH\CodeIgniter.php(500): CodeIgniter\CodeIgniter->createController()
 3 SYSTEMPATH\CodeIgniter.php(355): CodeIgniter\CodeIgniter->handleRequest(null, Object(Config\Cache), false)
 4 SYSTEMPATH\Boot.php(312): CodeIgniter\CodeIgniter->run()
 5 SYSTEMPATH\Boot.php(67): CodeIgniter\Boot::runCodeIgniter(Object(CodeIgniter\CodeIgniter))
 6 FCPATH\index.php(56): CodeIgniter\Boot::bootWeb(Object(Config\Paths))
 7 SYSTEMPATH\Commands\Server\rewrite.php(49): require_once('C:\\xampp\\htdocs\\siput_umkm\\public\\index.php')
WARNING - 2024-08-03 06:36:56 --> [DEPRECATED] Creation of dynamic property App\Controllers\Home::$db is deprecated in APPPATH\Controllers\BaseController.php on line 57.
 1 SYSTEMPATH\CodeIgniter.php(904): App\Controllers\BaseController->initController(Object(CodeIgniter\HTTP\IncomingRequest), Object(CodeIgniter\HTTP\Response), Object(CodeIgniter\Log\Logger))
 2 SYSTEMPATH\CodeIgniter.php(500): CodeIgniter\CodeIgniter->createController()
 3 SYSTEMPATH\CodeIgniter.php(355): CodeIgniter\CodeIgniter->handleRequest(null, Object(Config\Cache), false)
 4 SYSTEMPATH\Boot.php(312): CodeIgniter\CodeIgniter->run()
 5 SYSTEMPATH\Boot.php(67): CodeIgniter\Boot::runCodeIgniter(Object(CodeIgniter\CodeIgniter))
 6 FCPATH\index.php(56): CodeIgniter\Boot::bootWeb(Object(Config\Paths))
 7 SYSTEMPATH\Commands\Server\rewrite.php(49): require_once('C:\\xampp\\htdocs\\siput_umkm\\public\\index.php')
WARNING - 2024-08-03 06:37:40 --> [DEPRECATED] Creation of dynamic property App\Controllers\Home::$db is deprecated in APPPATH\Controllers\BaseController.php on line 57.
 1 SYSTEMPATH\CodeIgniter.php(904): App\Controllers\BaseController->initController(Object(CodeIgniter\HTTP\IncomingRequest), Object(CodeIgniter\HTTP\Response), Object(CodeIgniter\Log\Logger))
 2 SYSTEMPATH\CodeIgniter.php(500): CodeIgniter\CodeIgniter->createController()
 3 SYSTEMPATH\CodeIgniter.php(355): CodeIgniter\CodeIgniter->handleRequest(null, Object(Config\Cache), false)
 4 SYSTEMPATH\Boot.php(312): CodeIgniter\CodeIgniter->run()
 5 SYSTEMPATH\Boot.php(67): CodeIgniter\Boot::runCodeIgniter(Object(CodeIgniter\CodeIgniter))
 6 FCPATH\index.php(56): CodeIgniter\Boot::bootWeb(Object(Config\Paths))
 7 SYSTEMPATH\Commands\Server\rewrite.php(49): require_once('C:\\xampp\\htdocs\\siput_umkm\\public\\index.php')
WARNING - 2024-08-03 06:38:52 --> [DEPRECATED] Creation of dynamic property App\Controllers\Home::$db is deprecated in APPPATH\Controllers\BaseController.php on line 57.
 1 SYSTEMPATH\CodeIgniter.php(904): App\Controllers\BaseController->initController(Object(CodeIgniter\HTTP\IncomingRequest), Object(CodeIgniter\HTTP\Response), Object(CodeIgniter\Log\Logger))
 2 SYSTEMPATH\CodeIgniter.php(500): CodeIgniter\CodeIgniter->createController()
 3 SYSTEMPATH\CodeIgniter.php(355): CodeIgniter\CodeIgniter->handleRequest(null, Object(Config\Cache), false)
 4 SYSTEMPATH\Boot.php(312): CodeIgniter\CodeIgniter->run()
 5 SYSTEMPATH\Boot.php(67): CodeIgniter\Boot::runCodeIgniter(Object(CodeIgniter\CodeIgniter))
 6 FCPATH\index.php(56): CodeIgniter\Boot::bootWeb(Object(Config\Paths))
 7 SYSTEMPATH\Commands\Server\rewrite.php(49): require_once('C:\\xampp\\htdocs\\siput_umkm\\public\\index.php')
WARNING - 2024-08-03 06:41:50 --> [DEPRECATED] Creation of dynamic property App\Controllers\Home::$db is deprecated in APPPATH\Controllers\BaseController.php on line 57.
 1 SYSTEMPATH\CodeIgniter.php(904): App\Controllers\BaseController->initController(Object(CodeIgniter\HTTP\IncomingRequest), Object(CodeIgniter\HTTP\Response), Object(CodeIgniter\Log\Logger))
 2 SYSTEMPATH\CodeIgniter.php(500): CodeIgniter\CodeIgniter->createController()
 3 SYSTEMPATH\CodeIgniter.php(355): CodeIgniter\CodeIgniter->handleRequest(null, Object(Config\Cache), false)
 4 SYSTEMPATH\Boot.php(312): CodeIgniter\CodeIgniter->run()
 5 SYSTEMPATH\Boot.php(67): CodeIgniter\Boot::runCodeIgniter(Object(CodeIgniter\CodeIgniter))
 6 FCPATH\index.php(56): CodeIgniter\Boot::bootWeb(Object(Config\Paths))
 7 SYSTEMPATH\Commands\Server\rewrite.php(49): require_once('C:\\xampp\\htdocs\\siput_umkm\\public\\index.php')
WARNING - 2024-08-03 06:42:10 --> [DEPRECATED] Creation of dynamic property App\Controllers\Home::$db is deprecated in APPPATH\Controllers\BaseController.php on line 57.
 1 SYSTEMPATH\CodeIgniter.php(904): App\Controllers\BaseController->initController(Object(CodeIgniter\HTTP\IncomingRequest), Object(CodeIgniter\HTTP\Response), Object(CodeIgniter\Log\Logger))
 2 SYSTEMPATH\CodeIgniter.php(500): CodeIgniter\CodeIgniter->createController()
 3 SYSTEMPATH\CodeIgniter.php(355): CodeIgniter\CodeIgniter->handleRequest(null, Object(Config\Cache), false)
 4 SYSTEMPATH\Boot.php(312): CodeIgniter\CodeIgniter->run()
 5 SYSTEMPATH\Boot.php(67): CodeIgniter\Boot::runCodeIgniter(Object(CodeIgniter\CodeIgniter))
 6 FCPATH\index.php(56): CodeIgniter\Boot::bootWeb(Object(Config\Paths))
 7 SYSTEMPATH\Commands\Server\rewrite.php(49): require_once('C:\\xampp\\htdocs\\siput_umkm\\public\\index.php')
WARNING - 2024-08-03 06:42:39 --> [DEPRECATED] Creation of dynamic property App\Controllers\Home::$db is deprecated in APPPATH\Controllers\BaseController.php on line 57.
 1 SYSTEMPATH\CodeIgniter.php(904): App\Controllers\BaseController->initController(Object(CodeIgniter\HTTP\IncomingRequest), Object(CodeIgniter\HTTP\Response), Object(CodeIgniter\Log\Logger))
 2 SYSTEMPATH\CodeIgniter.php(500): CodeIgniter\CodeIgniter->createController()
 3 SYSTEMPATH\CodeIgniter.php(355): CodeIgniter\CodeIgniter->handleRequest(null, Object(Config\Cache), false)
 4 SYSTEMPATH\Boot.php(312): CodeIgniter\CodeIgniter->run()
 5 SYSTEMPATH\Boot.php(67): CodeIgniter\Boot::runCodeIgniter(Object(CodeIgniter\CodeIgniter))
 6 FCPATH\index.php(56): CodeIgniter\Boot::bootWeb(Object(Config\Paths))
 7 SYSTEMPATH\Commands\Server\rewrite.php(49): require_once('C:\\xampp\\htdocs\\siput_umkm\\public\\index.php')
WARNING - 2024-08-03 06:42:55 --> [DEPRECATED] Creation of dynamic property App\Controllers\Home::$db is deprecated in APPPATH\Controllers\BaseController.php on line 57.
 1 SYSTEMPATH\CodeIgniter.php(904): App\Controllers\BaseController->initController(Object(CodeIgniter\HTTP\IncomingRequest), Object(CodeIgniter\HTTP\Response), Object(CodeIgniter\Log\Logger))
 2 SYSTEMPATH\CodeIgniter.php(500): CodeIgniter\CodeIgniter->createController()
 3 SYSTEMPATH\CodeIgniter.php(355): CodeIgniter\CodeIgniter->handleRequest(null, Object(Config\Cache), false)
 4 SYSTEMPATH\Boot.php(312): CodeIgniter\CodeIgniter->run()
 5 SYSTEMPATH\Boot.php(67): CodeIgniter\Boot::runCodeIgniter(Object(CodeIgniter\CodeIgniter))
 6 FCPATH\index.php(56): CodeIgniter\Boot::bootWeb(Object(Config\Paths))
 7 SYSTEMPATH\Commands\Server\rewrite.php(49): require_once('C:\\xampp\\htdocs\\siput_umkm\\public\\index.php')
WARNING - 2024-08-03 06:44:43 --> [DEPRECATED] Creation of dynamic property App\Controllers\Home::$db is deprecated in APPPATH\Controllers\BaseController.php on line 57.
 1 SYSTEMPATH\CodeIgniter.php(904): App\Controllers\BaseController->initController(Object(CodeIgniter\HTTP\IncomingRequest), Object(CodeIgniter\HTTP\Response), Object(CodeIgniter\Log\Logger))
 2 SYSTEMPATH\CodeIgniter.php(500): CodeIgniter\CodeIgniter->createController()
 3 SYSTEMPATH\CodeIgniter.php(355): CodeIgniter\CodeIgniter->handleRequest(null, Object(Config\Cache), false)
 4 SYSTEMPATH\Boot.php(312): CodeIgniter\CodeIgniter->run()
 5 SYSTEMPATH\Boot.php(67): CodeIgniter\Boot::runCodeIgniter(Object(CodeIgniter\CodeIgniter))
 6 FCPATH\index.php(56): CodeIgniter\Boot::bootWeb(Object(Config\Paths))
 7 SYSTEMPATH\Commands\Server\rewrite.php(49): require_once('C:\\xampp\\htdocs\\siput_umkm\\public\\index.php')
WARNING - 2024-08-03 06:45:38 --> [DEPRECATED] Creation of dynamic property App\Controllers\Home::$db is deprecated in APPPATH\Controllers\BaseController.php on line 57.
 1 SYSTEMPATH\CodeIgniter.php(904): App\Controllers\BaseController->initController(Object(CodeIgniter\HTTP\IncomingRequest), Object(CodeIgniter\HTTP\Response), Object(CodeIgniter\Log\Logger))
 2 SYSTEMPATH\CodeIgniter.php(500): CodeIgniter\CodeIgniter->createController()
 3 SYSTEMPATH\CodeIgniter.php(355): CodeIgniter\CodeIgniter->handleRequest(null, Object(Config\Cache), false)
 4 SYSTEMPATH\Boot.php(312): CodeIgniter\CodeIgniter->run()
 5 SYSTEMPATH\Boot.php(67): CodeIgniter\Boot::runCodeIgniter(Object(CodeIgniter\CodeIgniter))
 6 FCPATH\index.php(56): CodeIgniter\Boot::bootWeb(Object(Config\Paths))
 7 SYSTEMPATH\Commands\Server\rewrite.php(49): require_once('C:\\xampp\\htdocs\\siput_umkm\\public\\index.php')
WARNING - 2024-08-03 06:50:04 --> [DEPRECATED] Creation of dynamic property App\Controllers\Home::$db is deprecated in APPPATH\Controllers\BaseController.php on line 57.
 1 SYSTEMPATH\CodeIgniter.php(904): App\Controllers\BaseController->initController(Object(CodeIgniter\HTTP\IncomingRequest), Object(CodeIgniter\HTTP\Response), Object(CodeIgniter\Log\Logger))
 2 SYSTEMPATH\CodeIgniter.php(500): CodeIgniter\CodeIgniter->createController()
 3 SYSTEMPATH\CodeIgniter.php(355): CodeIgniter\CodeIgniter->handleRequest(null, Object(Config\Cache), false)
 4 SYSTEMPATH\Boot.php(312): CodeIgniter\CodeIgniter->run()
 5 SYSTEMPATH\Boot.php(67): CodeIgniter\Boot::runCodeIgniter(Object(CodeIgniter\CodeIgniter))
 6 FCPATH\index.php(56): CodeIgniter\Boot::bootWeb(Object(Config\Paths))
 7 SYSTEMPATH\Commands\Server\rewrite.php(49): require_once('C:\\xampp\\htdocs\\siput_umkm\\public\\index.php')
WARNING - 2024-08-03 06:51:31 --> [DEPRECATED] Creation of dynamic property App\Controllers\Home::$db is deprecated in APPPATH\Controllers\BaseController.php on line 57.
 1 SYSTEMPATH\CodeIgniter.php(904): App\Controllers\BaseController->initController(Object(CodeIgniter\HTTP\IncomingRequest), Object(CodeIgniter\HTTP\Response), Object(CodeIgniter\Log\Logger))
 2 SYSTEMPATH\CodeIgniter.php(500): CodeIgniter\CodeIgniter->createController()
 3 SYSTEMPATH\CodeIgniter.php(355): CodeIgniter\CodeIgniter->handleRequest(null, Object(Config\Cache), false)
 4 SYSTEMPATH\Boot.php(312): CodeIgniter\CodeIgniter->run()
 5 SYSTEMPATH\Boot.php(67): CodeIgniter\Boot::runCodeIgniter(Object(CodeIgniter\CodeIgniter))
 6 FCPATH\index.php(56): CodeIgniter\Boot::bootWeb(Object(Config\Paths))
 7 SYSTEMPATH\Commands\Server\rewrite.php(49): require_once('C:\\xampp\\htdocs\\siput_umkm\\public\\index.php')
WARNING - 2024-08-03 06:52:46 --> [DEPRECATED] Creation of dynamic property App\Controllers\Home::$db is deprecated in APPPATH\Controllers\BaseController.php on line 57.
 1 SYSTEMPATH\CodeIgniter.php(904): App\Controllers\BaseController->initController(Object(CodeIgniter\HTTP\IncomingRequest), Object(CodeIgniter\HTTP\Response), Object(CodeIgniter\Log\Logger))
 2 SYSTEMPATH\CodeIgniter.php(500): CodeIgniter\CodeIgniter->createController()
 3 SYSTEMPATH\CodeIgniter.php(355): CodeIgniter\CodeIgniter->handleRequest(null, Object(Config\Cache), false)
 4 SYSTEMPATH\Boot.php(312): CodeIgniter\CodeIgniter->run()
 5 SYSTEMPATH\Boot.php(67): CodeIgniter\Boot::runCodeIgniter(Object(CodeIgniter\CodeIgniter))
 6 FCPATH\index.php(56): CodeIgniter\Boot::bootWeb(Object(Config\Paths))
 7 SYSTEMPATH\Commands\Server\rewrite.php(49): require_once('C:\\xampp\\htdocs\\siput_umkm\\public\\index.php')
WARNING - 2024-08-03 06:53:49 --> [DEPRECATED] Creation of dynamic property App\Controllers\Home::$db is deprecated in APPPATH\Controllers\BaseController.php on line 57.
 1 SYSTEMPATH\CodeIgniter.php(904): App\Controllers\BaseController->initController(Object(CodeIgniter\HTTP\IncomingRequest), Object(CodeIgniter\HTTP\Response), Object(CodeIgniter\Log\Logger))
 2 SYSTEMPATH\CodeIgniter.php(500): CodeIgniter\CodeIgniter->createController()
 3 SYSTEMPATH\CodeIgniter.php(355): CodeIgniter\CodeIgniter->handleRequest(null, Object(Config\Cache), false)
 4 SYSTEMPATH\Boot.php(312): CodeIgniter\CodeIgniter->run()
 5 SYSTEMPATH\Boot.php(67): CodeIgniter\Boot::runCodeIgniter(Object(CodeIgniter\CodeIgniter))
 6 FCPATH\index.php(56): CodeIgniter\Boot::bootWeb(Object(Config\Paths))
 7 SYSTEMPATH\Commands\Server\rewrite.php(49): require_once('C:\\xampp\\htdocs\\siput_umkm\\public\\index.php')
WARNING - 2024-08-03 06:55:38 --> [DEPRECATED] Creation of dynamic property App\Controllers\Home::$db is deprecated in APPPATH\Controllers\BaseController.php on line 57.
 1 SYSTEMPATH\CodeIgniter.php(904): App\Controllers\BaseController->initController(Object(CodeIgniter\HTTP\IncomingRequest), Object(CodeIgniter\HTTP\Response), Object(CodeIgniter\Log\Logger))
 2 SYSTEMPATH\CodeIgniter.php(500): CodeIgniter\CodeIgniter->createController()
 3 SYSTEMPATH\CodeIgniter.php(355): CodeIgniter\CodeIgniter->handleRequest(null, Object(Config\Cache), false)
 4 SYSTEMPATH\Boot.php(312): CodeIgniter\CodeIgniter->run()
 5 SYSTEMPATH\Boot.php(67): CodeIgniter\Boot::runCodeIgniter(Object(CodeIgniter\CodeIgniter))
 6 FCPATH\index.php(56): CodeIgniter\Boot::bootWeb(Object(Config\Paths))
 7 SYSTEMPATH\Commands\Server\rewrite.php(49): require_once('C:\\xampp\\htdocs\\siput_umkm\\public\\index.php')
WARNING - 2024-08-03 06:56:15 --> [DEPRECATED] Creation of dynamic property App\Controllers\Home::$db is deprecated in APPPATH\Controllers\BaseController.php on line 57.
 1 SYSTEMPATH\CodeIgniter.php(904): App\Controllers\BaseController->initController(Object(CodeIgniter\HTTP\IncomingRequest), Object(CodeIgniter\HTTP\Response), Object(CodeIgniter\Log\Logger))
 2 SYSTEMPATH\CodeIgniter.php(500): CodeIgniter\CodeIgniter->createController()
 3 SYSTEMPATH\CodeIgniter.php(355): CodeIgniter\CodeIgniter->handleRequest(null, Object(Config\Cache), false)
 4 SYSTEMPATH\Boot.php(312): CodeIgniter\CodeIgniter->run()
 5 SYSTEMPATH\Boot.php(67): CodeIgniter\Boot::runCodeIgniter(Object(CodeIgniter\CodeIgniter))
 6 FCPATH\index.php(56): CodeIgniter\Boot::bootWeb(Object(Config\Paths))
 7 SYSTEMPATH\Commands\Server\rewrite.php(49): require_once('C:\\xampp\\htdocs\\siput_umkm\\public\\index.php')
WARNING - 2024-08-03 06:56:34 --> [DEPRECATED] Creation of dynamic property App\Controllers\Home::$db is deprecated in APPPATH\Controllers\BaseController.php on line 57.
 1 SYSTEMPATH\CodeIgniter.php(904): App\Controllers\BaseController->initController(Object(CodeIgniter\HTTP\IncomingRequest), Object(CodeIgniter\HTTP\Response), Object(CodeIgniter\Log\Logger))
 2 SYSTEMPATH\CodeIgniter.php(500): CodeIgniter\CodeIgniter->createController()
 3 SYSTEMPATH\CodeIgniter.php(355): CodeIgniter\CodeIgniter->handleRequest(null, Object(Config\Cache), false)
 4 SYSTEMPATH\Boot.php(312): CodeIgniter\CodeIgniter->run()
 5 SYSTEMPATH\Boot.php(67): CodeIgniter\Boot::runCodeIgniter(Object(CodeIgniter\CodeIgniter))
 6 FCPATH\index.php(56): CodeIgniter\Boot::bootWeb(Object(Config\Paths))
 7 SYSTEMPATH\Commands\Server\rewrite.php(49): require_once('C:\\xampp\\htdocs\\siput_umkm\\public\\index.php')
WARNING - 2024-08-03 06:56:58 --> [DEPRECATED] Creation of dynamic property App\Controllers\Home::$db is deprecated in APPPATH\Controllers\BaseController.php on line 57.
 1 SYSTEMPATH\CodeIgniter.php(904): App\Controllers\BaseController->initController(Object(CodeIgniter\HTTP\IncomingRequest), Object(CodeIgniter\HTTP\Response), Object(CodeIgniter\Log\Logger))
 2 SYSTEMPATH\CodeIgniter.php(500): CodeIgniter\CodeIgniter->createController()
 3 SYSTEMPATH\CodeIgniter.php(355): CodeIgniter\CodeIgniter->handleRequest(null, Object(Config\Cache), false)
 4 SYSTEMPATH\Boot.php(312): CodeIgniter\CodeIgniter->run()
 5 SYSTEMPATH\Boot.php(67): CodeIgniter\Boot::runCodeIgniter(Object(CodeIgniter\CodeIgniter))
 6 FCPATH\index.php(56): CodeIgniter\Boot::bootWeb(Object(Config\Paths))
 7 SYSTEMPATH\Commands\Server\rewrite.php(49): require_once('C:\\xampp\\htdocs\\siput_umkm\\public\\index.php')
WARNING - 2024-08-03 06:57:16 --> [DEPRECATED] Creation of dynamic property App\Controllers\Home::$db is deprecated in APPPATH\Controllers\BaseController.php on line 57.
 1 SYSTEMPATH\CodeIgniter.php(904): App\Controllers\BaseController->initController(Object(CodeIgniter\HTTP\IncomingRequest), Object(CodeIgniter\HTTP\Response), Object(CodeIgniter\Log\Logger))
 2 SYSTEMPATH\CodeIgniter.php(500): CodeIgniter\CodeIgniter->createController()
 3 SYSTEMPATH\CodeIgniter.php(355): CodeIgniter\CodeIgniter->handleRequest(null, Object(Config\Cache), false)
 4 SYSTEMPATH\Boot.php(312): CodeIgniter\CodeIgniter->run()
 5 SYSTEMPATH\Boot.php(67): CodeIgniter\Boot::runCodeIgniter(Object(CodeIgniter\CodeIgniter))
 6 FCPATH\index.php(56): CodeIgniter\Boot::bootWeb(Object(Config\Paths))
 7 SYSTEMPATH\Commands\Server\rewrite.php(49): require_once('C:\\xampp\\htdocs\\siput_umkm\\public\\index.php')
WARNING - 2024-08-03 06:58:11 --> [DEPRECATED] Creation of dynamic property App\Controllers\Home::$db is deprecated in APPPATH\Controllers\BaseController.php on line 57.
 1 SYSTEMPATH\CodeIgniter.php(904): App\Controllers\BaseController->initController(Object(CodeIgniter\HTTP\IncomingRequest), Object(CodeIgniter\HTTP\Response), Object(CodeIgniter\Log\Logger))
 2 SYSTEMPATH\CodeIgniter.php(500): CodeIgniter\CodeIgniter->createController()
 3 SYSTEMPATH\CodeIgniter.php(355): CodeIgniter\CodeIgniter->handleRequest(null, Object(Config\Cache), false)
 4 SYSTEMPATH\Boot.php(312): CodeIgniter\CodeIgniter->run()
 5 SYSTEMPATH\Boot.php(67): CodeIgniter\Boot::runCodeIgniter(Object(CodeIgniter\CodeIgniter))
 6 FCPATH\index.php(56): CodeIgniter\Boot::bootWeb(Object(Config\Paths))
 7 SYSTEMPATH\Commands\Server\rewrite.php(49): require_once('C:\\xampp\\htdocs\\siput_umkm\\public\\index.php')
WARNING - 2024-08-03 06:58:28 --> [DEPRECATED] Creation of dynamic property App\Controllers\Home::$db is deprecated in APPPATH\Controllers\BaseController.php on line 57.
 1 SYSTEMPATH\CodeIgniter.php(904): App\Controllers\BaseController->initController(Object(CodeIgniter\HTTP\IncomingRequest), Object(CodeIgniter\HTTP\Response), Object(CodeIgniter\Log\Logger))
 2 SYSTEMPATH\CodeIgniter.php(500): CodeIgniter\CodeIgniter->createController()
 3 SYSTEMPATH\CodeIgniter.php(355): CodeIgniter\CodeIgniter->handleRequest(null, Object(Config\Cache), false)
 4 SYSTEMPATH\Boot.php(312): CodeIgniter\CodeIgniter->run()
 5 SYSTEMPATH\Boot.php(67): CodeIgniter\Boot::runCodeIgniter(Object(CodeIgniter\CodeIgniter))
 6 FCPATH\index.php(56): CodeIgniter\Boot::bootWeb(Object(Config\Paths))
 7 SYSTEMPATH\Commands\Server\rewrite.php(49): require_once('C:\\xampp\\htdocs\\siput_umkm\\public\\index.php')
WARNING - 2024-08-03 07:03:54 --> [DEPRECATED] Creation of dynamic property App\Controllers\Home::$db is deprecated in APPPATH\Controllers\BaseController.php on line 57.
 1 SYSTEMPATH\CodeIgniter.php(904): App\Controllers\BaseController->initController(Object(CodeIgniter\HTTP\IncomingRequest), Object(CodeIgniter\HTTP\Response), Object(CodeIgniter\Log\Logger))
 2 SYSTEMPATH\CodeIgniter.php(500): CodeIgniter\CodeIgniter->createController()
 3 SYSTEMPATH\CodeIgniter.php(355): CodeIgniter\CodeIgniter->handleRequest(null, Object(Config\Cache), false)
 4 SYSTEMPATH\Boot.php(312): CodeIgniter\CodeIgniter->run()
 5 SYSTEMPATH\Boot.php(67): CodeIgniter\Boot::runCodeIgniter(Object(CodeIgniter\CodeIgniter))
 6 FCPATH\index.php(56): CodeIgniter\Boot::bootWeb(Object(Config\Paths))
 7 SYSTEMPATH\Commands\Server\rewrite.php(49): require_once('C:\\xampp\\htdocs\\siput_umkm\\public\\index.php')
WARNING - 2024-08-03 07:10:13 --> [DEPRECATED] Creation of dynamic property App\Controllers\Home::$db is deprecated in APPPATH\Controllers\BaseController.php on line 57.
 1 SYSTEMPATH\CodeIgniter.php(904): App\Controllers\BaseController->initController(Object(CodeIgniter\HTTP\IncomingRequest), Object(CodeIgniter\HTTP\Response), Object(CodeIgniter\Log\Logger))
 2 SYSTEMPATH\CodeIgniter.php(500): CodeIgniter\CodeIgniter->createController()
 3 SYSTEMPATH\CodeIgniter.php(355): CodeIgniter\CodeIgniter->handleRequest(null, Object(Config\Cache), false)
 4 SYSTEMPATH\Boot.php(312): CodeIgniter\CodeIgniter->run()
 5 SYSTEMPATH\Boot.php(67): CodeIgniter\Boot::runCodeIgniter(Object(CodeIgniter\CodeIgniter))
 6 FCPATH\index.php(56): CodeIgniter\Boot::bootWeb(Object(Config\Paths))
 7 SYSTEMPATH\Commands\Server\rewrite.php(49): require_once('C:\\xampp\\htdocs\\siput_umkm\\public\\index.php')
WARNING - 2024-08-03 07:10:43 --> [DEPRECATED] Creation of dynamic property App\Controllers\Home::$db is deprecated in APPPATH\Controllers\BaseController.php on line 57.
 1 SYSTEMPATH\CodeIgniter.php(904): App\Controllers\BaseController->initController(Object(CodeIgniter\HTTP\IncomingRequest), Object(CodeIgniter\HTTP\Response), Object(CodeIgniter\Log\Logger))
 2 SYSTEMPATH\CodeIgniter.php(500): CodeIgniter\CodeIgniter->createController()
 3 SYSTEMPATH\CodeIgniter.php(355): CodeIgniter\CodeIgniter->handleRequest(null, Object(Config\Cache), false)
 4 SYSTEMPATH\Boot.php(312): CodeIgniter\CodeIgniter->run()
 5 SYSTEMPATH\Boot.php(67): CodeIgniter\Boot::runCodeIgniter(Object(CodeIgniter\CodeIgniter))
 6 FCPATH\index.php(56): CodeIgniter\Boot::bootWeb(Object(Config\Paths))
 7 SYSTEMPATH\Commands\Server\rewrite.php(49): require_once('C:\\xampp\\htdocs\\siput_umkm\\public\\index.php')
WARNING - 2024-08-03 07:11:09 --> [DEPRECATED] Creation of dynamic property App\Controllers\Home::$db is deprecated in APPPATH\Controllers\BaseController.php on line 57.
 1 SYSTEMPATH\CodeIgniter.php(904): App\Controllers\BaseController->initController(Object(CodeIgniter\HTTP\IncomingRequest), Object(CodeIgniter\HTTP\Response), Object(CodeIgniter\Log\Logger))
 2 SYSTEMPATH\CodeIgniter.php(500): CodeIgniter\CodeIgniter->createController()
 3 SYSTEMPATH\CodeIgniter.php(355): CodeIgniter\CodeIgniter->handleRequest(null, Object(Config\Cache), false)
 4 SYSTEMPATH\Boot.php(312): CodeIgniter\CodeIgniter->run()
 5 SYSTEMPATH\Boot.php(67): CodeIgniter\Boot::runCodeIgniter(Object(CodeIgniter\CodeIgniter))
 6 FCPATH\index.php(56): CodeIgniter\Boot::bootWeb(Object(Config\Paths))
 7 SYSTEMPATH\Commands\Server\rewrite.php(49): require_once('C:\\xampp\\htdocs\\siput_umkm\\public\\index.php')
WARNING - 2024-08-03 07:12:49 --> [DEPRECATED] Creation of dynamic property App\Controllers\Home::$db is deprecated in APPPATH\Controllers\BaseController.php on line 57.
 1 SYSTEMPATH\CodeIgniter.php(904): App\Controllers\BaseController->initController(Object(CodeIgniter\HTTP\IncomingRequest), Object(CodeIgniter\HTTP\Response), Object(CodeIgniter\Log\Logger))
 2 SYSTEMPATH\CodeIgniter.php(500): CodeIgniter\CodeIgniter->createController()
 3 SYSTEMPATH\CodeIgniter.php(355): CodeIgniter\CodeIgniter->handleRequest(null, Object(Config\Cache), false)
 4 SYSTEMPATH\Boot.php(312): CodeIgniter\CodeIgniter->run()
 5 SYSTEMPATH\Boot.php(67): CodeIgniter\Boot::runCodeIgniter(Object(CodeIgniter\CodeIgniter))
 6 FCPATH\index.php(56): CodeIgniter\Boot::bootWeb(Object(Config\Paths))
 7 SYSTEMPATH\Commands\Server\rewrite.php(49): require_once('C:\\xampp\\htdocs\\siput_umkm\\public\\index.php')
WARNING - 2024-08-03 07:13:07 --> [DEPRECATED] Creation of dynamic property App\Controllers\Home::$db is deprecated in APPPATH\Controllers\BaseController.php on line 57.
 1 SYSTEMPATH\CodeIgniter.php(904): App\Controllers\BaseController->initController(Object(CodeIgniter\HTTP\IncomingRequest), Object(CodeIgniter\HTTP\Response), Object(CodeIgniter\Log\Logger))
 2 SYSTEMPATH\CodeIgniter.php(500): CodeIgniter\CodeIgniter->createController()
 3 SYSTEMPATH\CodeIgniter.php(355): CodeIgniter\CodeIgniter->handleRequest(null, Object(Config\Cache), false)
 4 SYSTEMPATH\Boot.php(312): CodeIgniter\CodeIgniter->run()
 5 SYSTEMPATH\Boot.php(67): CodeIgniter\Boot::runCodeIgniter(Object(CodeIgniter\CodeIgniter))
 6 FCPATH\index.php(56): CodeIgniter\Boot::bootWeb(Object(Config\Paths))
 7 SYSTEMPATH\Commands\Server\rewrite.php(49): require_once('C:\\xampp\\htdocs\\siput_umkm\\public\\index.php')
WARNING - 2024-08-03 07:13:24 --> [DEPRECATED] Creation of dynamic property App\Controllers\Home::$db is deprecated in APPPATH\Controllers\BaseController.php on line 57.
 1 SYSTEMPATH\CodeIgniter.php(904): App\Controllers\BaseController->initController(Object(CodeIgniter\HTTP\IncomingRequest), Object(CodeIgniter\HTTP\Response), Object(CodeIgniter\Log\Logger))
 2 SYSTEMPATH\CodeIgniter.php(500): CodeIgniter\CodeIgniter->createController()
 3 SYSTEMPATH\CodeIgniter.php(355): CodeIgniter\CodeIgniter->handleRequest(null, Object(Config\Cache), false)
 4 SYSTEMPATH\Boot.php(312): CodeIgniter\CodeIgniter->run()
 5 SYSTEMPATH\Boot.php(67): CodeIgniter\Boot::runCodeIgniter(Object(CodeIgniter\CodeIgniter))
 6 FCPATH\index.php(56): CodeIgniter\Boot::bootWeb(Object(Config\Paths))
 7 SYSTEMPATH\Commands\Server\rewrite.php(49): require_once('C:\\xampp\\htdocs\\siput_umkm\\public\\index.php')
WARNING - 2024-08-03 07:17:50 --> [DEPRECATED] Creation of dynamic property App\Controllers\Home::$db is deprecated in APPPATH\Controllers\BaseController.php on line 57.
 1 SYSTEMPATH\CodeIgniter.php(904): App\Controllers\BaseController->initController(Object(CodeIgniter\HTTP\IncomingRequest), Object(CodeIgniter\HTTP\Response), Object(CodeIgniter\Log\Logger))
 2 SYSTEMPATH\CodeIgniter.php(500): CodeIgniter\CodeIgniter->createController()
 3 SYSTEMPATH\CodeIgniter.php(355): CodeIgniter\CodeIgniter->handleRequest(null, Object(Config\Cache), false)
 4 SYSTEMPATH\Boot.php(312): CodeIgniter\CodeIgniter->run()
 5 SYSTEMPATH\Boot.php(67): CodeIgniter\Boot::runCodeIgniter(Object(CodeIgniter\CodeIgniter))
 6 FCPATH\index.php(56): CodeIgniter\Boot::bootWeb(Object(Config\Paths))
 7 SYSTEMPATH\Commands\Server\rewrite.php(49): require_once('C:\\xampp\\htdocs\\siput_umkm\\public\\index.php')
WARNING - 2024-08-03 07:24:30 --> [DEPRECATED] Creation of dynamic property App\Controllers\Home::$db is deprecated in APPPATH\Controllers\BaseController.php on line 57.
 1 SYSTEMPATH\CodeIgniter.php(904): App\Controllers\BaseController->initController(Object(CodeIgniter\HTTP\IncomingRequest), Object(CodeIgniter\HTTP\Response), Object(CodeIgniter\Log\Logger))
 2 SYSTEMPATH\CodeIgniter.php(500): CodeIgniter\CodeIgniter->createController()
 3 SYSTEMPATH\CodeIgniter.php(355): CodeIgniter\CodeIgniter->handleRequest(null, Object(Config\Cache), false)
 4 SYSTEMPATH\Boot.php(312): CodeIgniter\CodeIgniter->run()
 5 SYSTEMPATH\Boot.php(67): CodeIgniter\Boot::runCodeIgniter(Object(CodeIgniter\CodeIgniter))
 6 FCPATH\index.php(56): CodeIgniter\Boot::bootWeb(Object(Config\Paths))
 7 SYSTEMPATH\Commands\Server\rewrite.php(49): require_once('C:\\xampp\\htdocs\\siput_umkm\\public\\index.php')
WARNING - 2024-08-03 07:25:52 --> [DEPRECATED] Creation of dynamic property App\Controllers\Home::$db is deprecated in APPPATH\Controllers\BaseController.php on line 57.
 1 SYSTEMPATH\CodeIgniter.php(904): App\Controllers\BaseController->initController(Object(CodeIgniter\HTTP\IncomingRequest), Object(CodeIgniter\HTTP\Response), Object(CodeIgniter\Log\Logger))
 2 SYSTEMPATH\CodeIgniter.php(500): CodeIgniter\CodeIgniter->createController()
 3 SYSTEMPATH\CodeIgniter.php(355): CodeIgniter\CodeIgniter->handleRequest(null, Object(Config\Cache), false)
 4 SYSTEMPATH\Boot.php(312): CodeIgniter\CodeIgniter->run()
 5 SYSTEMPATH\Boot.php(67): CodeIgniter\Boot::runCodeIgniter(Object(CodeIgniter\CodeIgniter))
 6 FCPATH\index.php(56): CodeIgniter\Boot::bootWeb(Object(Config\Paths))
 7 SYSTEMPATH\Commands\Server\rewrite.php(49): require_once('C:\\xampp\\htdocs\\siput_umkm\\public\\index.php')
WARNING - 2024-08-03 07:26:36 --> [DEPRECATED] Creation of dynamic property App\Controllers\Home::$db is deprecated in APPPATH\Controllers\BaseController.php on line 57.
 1 SYSTEMPATH\CodeIgniter.php(904): App\Controllers\BaseController->initController(Object(CodeIgniter\HTTP\IncomingRequest), Object(CodeIgniter\HTTP\Response), Object(CodeIgniter\Log\Logger))
 2 SYSTEMPATH\CodeIgniter.php(500): CodeIgniter\CodeIgniter->createController()
 3 SYSTEMPATH\CodeIgniter.php(355): CodeIgniter\CodeIgniter->handleRequest(null, Object(Config\Cache), false)
 4 SYSTEMPATH\Boot.php(312): CodeIgniter\CodeIgniter->run()
 5 SYSTEMPATH\Boot.php(67): CodeIgniter\Boot::runCodeIgniter(Object(CodeIgniter\CodeIgniter))
 6 FCPATH\index.php(56): CodeIgniter\Boot::bootWeb(Object(Config\Paths))
 7 SYSTEMPATH\Commands\Server\rewrite.php(49): require_once('C:\\xampp\\htdocs\\siput_umkm\\public\\index.php')
WARNING - 2024-08-03 07:27:51 --> [DEPRECATED] Creation of dynamic property App\Controllers\Home::$db is deprecated in APPPATH\Controllers\BaseController.php on line 57.
 1 SYSTEMPATH\CodeIgniter.php(904): App\Controllers\BaseController->initController(Object(CodeIgniter\HTTP\IncomingRequest), Object(CodeIgniter\HTTP\Response), Object(CodeIgniter\Log\Logger))
 2 SYSTEMPATH\CodeIgniter.php(500): CodeIgniter\CodeIgniter->createController()
 3 SYSTEMPATH\CodeIgniter.php(355): CodeIgniter\CodeIgniter->handleRequest(null, Object(Config\Cache), false)
 4 SYSTEMPATH\Boot.php(312): CodeIgniter\CodeIgniter->run()
 5 SYSTEMPATH\Boot.php(67): CodeIgniter\Boot::runCodeIgniter(Object(CodeIgniter\CodeIgniter))
 6 FCPATH\index.php(56): CodeIgniter\Boot::bootWeb(Object(Config\Paths))
 7 SYSTEMPATH\Commands\Server\rewrite.php(49): require_once('C:\\xampp\\htdocs\\siput_umkm\\public\\index.php')
WARNING - 2024-08-03 07:29:17 --> [DEPRECATED] Creation of dynamic property App\Controllers\Home::$db is deprecated in APPPATH\Controllers\BaseController.php on line 57.
 1 SYSTEMPATH\CodeIgniter.php(904): App\Controllers\BaseController->initController(Object(CodeIgniter\HTTP\IncomingRequest), Object(CodeIgniter\HTTP\Response), Object(CodeIgniter\Log\Logger))
 2 SYSTEMPATH\CodeIgniter.php(500): CodeIgniter\CodeIgniter->createController()
 3 SYSTEMPATH\CodeIgniter.php(355): CodeIgniter\CodeIgniter->handleRequest(null, Object(Config\Cache), false)
 4 SYSTEMPATH\Boot.php(312): CodeIgniter\CodeIgniter->run()
 5 SYSTEMPATH\Boot.php(67): CodeIgniter\Boot::runCodeIgniter(Object(CodeIgniter\CodeIgniter))
 6 FCPATH\index.php(56): CodeIgniter\Boot::bootWeb(Object(Config\Paths))
 7 SYSTEMPATH\Commands\Server\rewrite.php(49): require_once('C:\\xampp\\htdocs\\siput_umkm\\public\\index.php')
WARNING - 2024-08-03 07:29:57 --> [DEPRECATED] Creation of dynamic property App\Controllers\Home::$db is deprecated in APPPATH\Controllers\BaseController.php on line 57.
 1 SYSTEMPATH\CodeIgniter.php(904): App\Controllers\BaseController->initController(Object(CodeIgniter\HTTP\IncomingRequest), Object(CodeIgniter\HTTP\Response), Object(CodeIgniter\Log\Logger))
 2 SYSTEMPATH\CodeIgniter.php(500): CodeIgniter\CodeIgniter->createController()
 3 SYSTEMPATH\CodeIgniter.php(355): CodeIgniter\CodeIgniter->handleRequest(null, Object(Config\Cache), false)
 4 SYSTEMPATH\Boot.php(312): CodeIgniter\CodeIgniter->run()
 5 SYSTEMPATH\Boot.php(67): CodeIgniter\Boot::runCodeIgniter(Object(CodeIgniter\CodeIgniter))
 6 FCPATH\index.php(56): CodeIgniter\Boot::bootWeb(Object(Config\Paths))
 7 SYSTEMPATH\Commands\Server\rewrite.php(49): require_once('C:\\xampp\\htdocs\\siput_umkm\\public\\index.php')
WARNING - 2024-08-03 07:30:20 --> [DEPRECATED] Creation of dynamic property App\Controllers\Home::$db is deprecated in APPPATH\Controllers\BaseController.php on line 57.
 1 SYSTEMPATH\CodeIgniter.php(904): App\Controllers\BaseController->initController(Object(CodeIgniter\HTTP\IncomingRequest), Object(CodeIgniter\HTTP\Response), Object(CodeIgniter\Log\Logger))
 2 SYSTEMPATH\CodeIgniter.php(500): CodeIgniter\CodeIgniter->createController()
 3 SYSTEMPATH\CodeIgniter.php(355): CodeIgniter\CodeIgniter->handleRequest(null, Object(Config\Cache), false)
 4 SYSTEMPATH\Boot.php(312): CodeIgniter\CodeIgniter->run()
 5 SYSTEMPATH\Boot.php(67): CodeIgniter\Boot::runCodeIgniter(Object(CodeIgniter\CodeIgniter))
 6 FCPATH\index.php(56): CodeIgniter\Boot::bootWeb(Object(Config\Paths))
 7 SYSTEMPATH\Commands\Server\rewrite.php(49): require_once('C:\\xampp\\htdocs\\siput_umkm\\public\\index.php')
WARNING - 2024-08-03 07:31:35 --> [DEPRECATED] Creation of dynamic property App\Controllers\Home::$db is deprecated in APPPATH\Controllers\BaseController.php on line 57.
 1 SYSTEMPATH\CodeIgniter.php(904): App\Controllers\BaseController->initController(Object(CodeIgniter\HTTP\IncomingRequest), Object(CodeIgniter\HTTP\Response), Object(CodeIgniter\Log\Logger))
 2 SYSTEMPATH\CodeIgniter.php(500): CodeIgniter\CodeIgniter->createController()
 3 SYSTEMPATH\CodeIgniter.php(355): CodeIgniter\CodeIgniter->handleRequest(null, Object(Config\Cache), false)
 4 SYSTEMPATH\Boot.php(312): CodeIgniter\CodeIgniter->run()
 5 SYSTEMPATH\Boot.php(67): CodeIgniter\Boot::runCodeIgniter(Object(CodeIgniter\CodeIgniter))
 6 FCPATH\index.php(56): CodeIgniter\Boot::bootWeb(Object(Config\Paths))
 7 SYSTEMPATH\Commands\Server\rewrite.php(49): require_once('C:\\xampp\\htdocs\\siput_umkm\\public\\index.php')
WARNING - 2024-08-03 07:32:12 --> [DEPRECATED] Creation of dynamic property App\Controllers\Home::$db is deprecated in APPPATH\Controllers\BaseController.php on line 57.
 1 SYSTEMPATH\CodeIgniter.php(904): App\Controllers\BaseController->initController(Object(CodeIgniter\HTTP\IncomingRequest), Object(CodeIgniter\HTTP\Response), Object(CodeIgniter\Log\Logger))
 2 SYSTEMPATH\CodeIgniter.php(500): CodeIgniter\CodeIgniter->createController()
 3 SYSTEMPATH\CodeIgniter.php(355): CodeIgniter\CodeIgniter->handleRequest(null, Object(Config\Cache), false)
 4 SYSTEMPATH\Boot.php(312): CodeIgniter\CodeIgniter->run()
 5 SYSTEMPATH\Boot.php(67): CodeIgniter\Boot::runCodeIgniter(Object(CodeIgniter\CodeIgniter))
 6 FCPATH\index.php(56): CodeIgniter\Boot::bootWeb(Object(Config\Paths))
 7 SYSTEMPATH\Commands\Server\rewrite.php(49): require_once('C:\\xampp\\htdocs\\siput_umkm\\public\\index.php')
WARNING - 2024-08-03 07:33:02 --> [DEPRECATED] Creation of dynamic property App\Controllers\Home::$db is deprecated in APPPATH\Controllers\BaseController.php on line 57.
 1 SYSTEMPATH\CodeIgniter.php(904): App\Controllers\BaseController->initController(Object(CodeIgniter\HTTP\IncomingRequest), Object(CodeIgniter\HTTP\Response), Object(CodeIgniter\Log\Logger))
 2 SYSTEMPATH\CodeIgniter.php(500): CodeIgniter\CodeIgniter->createController()
 3 SYSTEMPATH\CodeIgniter.php(355): CodeIgniter\CodeIgniter->handleRequest(null, Object(Config\Cache), false)
 4 SYSTEMPATH\Boot.php(312): CodeIgniter\CodeIgniter->run()
 5 SYSTEMPATH\Boot.php(67): CodeIgniter\Boot::runCodeIgniter(Object(CodeIgniter\CodeIgniter))
 6 FCPATH\index.php(56): CodeIgniter\Boot::bootWeb(Object(Config\Paths))
 7 SYSTEMPATH\Commands\Server\rewrite.php(49): require_once('C:\\xampp\\htdocs\\siput_umkm\\public\\index.php')
WARNING - 2024-08-03 07:33:53 --> [DEPRECATED] Creation of dynamic property App\Controllers\Home::$db is deprecated in APPPATH\Controllers\BaseController.php on line 57.
 1 SYSTEMPATH\CodeIgniter.php(904): App\Controllers\BaseController->initController(Object(CodeIgniter\HTTP\IncomingRequest), Object(CodeIgniter\HTTP\Response), Object(CodeIgniter\Log\Logger))
 2 SYSTEMPATH\CodeIgniter.php(500): CodeIgniter\CodeIgniter->createController()
 3 SYSTEMPATH\CodeIgniter.php(355): CodeIgniter\CodeIgniter->handleRequest(null, Object(Config\Cache), false)
 4 SYSTEMPATH\Boot.php(312): CodeIgniter\CodeIgniter->run()
 5 SYSTEMPATH\Boot.php(67): CodeIgniter\Boot::runCodeIgniter(Object(CodeIgniter\CodeIgniter))
 6 FCPATH\index.php(56): CodeIgniter\Boot::bootWeb(Object(Config\Paths))
 7 SYSTEMPATH\Commands\Server\rewrite.php(49): require_once('C:\\xampp\\htdocs\\siput_umkm\\public\\index.php')
WARNING - 2024-08-03 07:34:58 --> [DEPRECATED] Creation of dynamic property App\Controllers\Home::$db is deprecated in APPPATH\Controllers\BaseController.php on line 57.
 1 SYSTEMPATH\CodeIgniter.php(904): App\Controllers\BaseController->initController(Object(CodeIgniter\HTTP\IncomingRequest), Object(CodeIgniter\HTTP\Response), Object(CodeIgniter\Log\Logger))
 2 SYSTEMPATH\CodeIgniter.php(500): CodeIgniter\CodeIgniter->createController()
 3 SYSTEMPATH\CodeIgniter.php(355): CodeIgniter\CodeIgniter->handleRequest(null, Object(Config\Cache), false)
 4 SYSTEMPATH\Boot.php(312): CodeIgniter\CodeIgniter->run()
 5 SYSTEMPATH\Boot.php(67): CodeIgniter\Boot::runCodeIgniter(Object(CodeIgniter\CodeIgniter))
 6 FCPATH\index.php(56): CodeIgniter\Boot::bootWeb(Object(Config\Paths))
 7 SYSTEMPATH\Commands\Server\rewrite.php(49): require_once('C:\\xampp\\htdocs\\siput_umkm\\public\\index.php')
WARNING - 2024-08-03 07:35:23 --> [DEPRECATED] Creation of dynamic property App\Controllers\Home::$db is deprecated in APPPATH\Controllers\BaseController.php on line 57.
 1 SYSTEMPATH\CodeIgniter.php(904): App\Controllers\BaseController->initController(Object(CodeIgniter\HTTP\IncomingRequest), Object(CodeIgniter\HTTP\Response), Object(CodeIgniter\Log\Logger))
 2 SYSTEMPATH\CodeIgniter.php(500): CodeIgniter\CodeIgniter->createController()
 3 SYSTEMPATH\CodeIgniter.php(355): CodeIgniter\CodeIgniter->handleRequest(null, Object(Config\Cache), false)
 4 SYSTEMPATH\Boot.php(312): CodeIgniter\CodeIgniter->run()
 5 SYSTEMPATH\Boot.php(67): CodeIgniter\Boot::runCodeIgniter(Object(CodeIgniter\CodeIgniter))
 6 FCPATH\index.php(56): CodeIgniter\Boot::bootWeb(Object(Config\Paths))
 7 SYSTEMPATH\Commands\Server\rewrite.php(49): require_once('C:\\xampp\\htdocs\\siput_umkm\\public\\index.php')
WARNING - 2024-08-03 07:36:05 --> [DEPRECATED] Creation of dynamic property App\Controllers\Home::$db is deprecated in APPPATH\Controllers\BaseController.php on line 57.
 1 SYSTEMPATH\CodeIgniter.php(904): App\Controllers\BaseController->initController(Object(CodeIgniter\HTTP\IncomingRequest), Object(CodeIgniter\HTTP\Response), Object(CodeIgniter\Log\Logger))
 2 SYSTEMPATH\CodeIgniter.php(500): CodeIgniter\CodeIgniter->createController()
 3 SYSTEMPATH\CodeIgniter.php(355): CodeIgniter\CodeIgniter->handleRequest(null, Object(Config\Cache), false)
 4 SYSTEMPATH\Boot.php(312): CodeIgniter\CodeIgniter->run()
 5 SYSTEMPATH\Boot.php(67): CodeIgniter\Boot::runCodeIgniter(Object(CodeIgniter\CodeIgniter))
 6 FCPATH\index.php(56): CodeIgniter\Boot::bootWeb(Object(Config\Paths))
 7 SYSTEMPATH\Commands\Server\rewrite.php(49): require_once('C:\\xampp\\htdocs\\siput_umkm\\public\\index.php')
WARNING - 2024-08-03 07:36:23 --> [DEPRECATED] Creation of dynamic property App\Controllers\Auth::$db is deprecated in APPPATH\Controllers\BaseController.php on line 57.
 1 SYSTEMPATH\CodeIgniter.php(904): App\Controllers\BaseController->initController(Object(CodeIgniter\HTTP\IncomingRequest), Object(CodeIgniter\HTTP\Response), Object(CodeIgniter\Log\Logger))
 2 SYSTEMPATH\CodeIgniter.php(500): CodeIgniter\CodeIgniter->createController()
 3 SYSTEMPATH\CodeIgniter.php(355): CodeIgniter\CodeIgniter->handleRequest(null, Object(Config\Cache), false)
 4 SYSTEMPATH\Boot.php(312): CodeIgniter\CodeIgniter->run()
 5 SYSTEMPATH\Boot.php(67): CodeIgniter\Boot::runCodeIgniter(Object(CodeIgniter\CodeIgniter))
 6 FCPATH\index.php(56): CodeIgniter\Boot::bootWeb(Object(Config\Paths))
 7 SYSTEMPATH\Commands\Server\rewrite.php(49): require_once('C:\\xampp\\htdocs\\siput_umkm\\public\\index.php')
INFO - 2024-08-03 07:36:23 --> Session: Class initialized using 'CodeIgniter\Session\Handlers\FileHandler' driver.
WARNING - 2024-08-03 07:36:34 --> [DEPRECATED] Creation of dynamic property App\Controllers\Home::$db is deprecated in APPPATH\Controllers\BaseController.php on line 57.
 1 SYSTEMPATH\CodeIgniter.php(904): App\Controllers\BaseController->initController(Object(CodeIgniter\HTTP\IncomingRequest), Object(CodeIgniter\HTTP\Response), Object(CodeIgniter\Log\Logger))
 2 SYSTEMPATH\CodeIgniter.php(500): CodeIgniter\CodeIgniter->createController()
 3 SYSTEMPATH\CodeIgniter.php(355): CodeIgniter\CodeIgniter->handleRequest(null, Object(Config\Cache), false)
 4 SYSTEMPATH\Boot.php(312): CodeIgniter\CodeIgniter->run()
 5 SYSTEMPATH\Boot.php(67): CodeIgniter\Boot::runCodeIgniter(Object(CodeIgniter\CodeIgniter))
 6 FCPATH\index.php(56): CodeIgniter\Boot::bootWeb(Object(Config\Paths))
 7 SYSTEMPATH\Commands\Server\rewrite.php(49): require_once('C:\\xampp\\htdocs\\siput_umkm\\public\\index.php')
WARNING - 2024-08-03 07:37:12 --> [DEPRECATED] Creation of dynamic property App\Controllers\Home::$db is deprecated in APPPATH\Controllers\BaseController.php on line 57.
 1 SYSTEMPATH\CodeIgniter.php(904): App\Controllers\BaseController->initController(Object(CodeIgniter\HTTP\IncomingRequest), Object(CodeIgniter\HTTP\Response), Object(CodeIgniter\Log\Logger))
 2 SYSTEMPATH\CodeIgniter.php(500): CodeIgniter\CodeIgniter->createController()
 3 SYSTEMPATH\CodeIgniter.php(355): CodeIgniter\CodeIgniter->handleRequest(null, Object(Config\Cache), false)
 4 SYSTEMPATH\Boot.php(312): CodeIgniter\CodeIgniter->run()
 5 SYSTEMPATH\Boot.php(67): CodeIgniter\Boot::runCodeIgniter(Object(CodeIgniter\CodeIgniter))
 6 FCPATH\index.php(56): CodeIgniter\Boot::bootWeb(Object(Config\Paths))
 7 SYSTEMPATH\Commands\Server\rewrite.php(49): require_once('C:\\xampp\\htdocs\\siput_umkm\\public\\index.php')
WARNING - 2024-08-03 07:37:49 --> [DEPRECATED] Creation of dynamic property App\Controllers\Home::$db is deprecated in APPPATH\Controllers\BaseController.php on line 57.
 1 SYSTEMPATH\CodeIgniter.php(904): App\Controllers\BaseController->initController(Object(CodeIgniter\HTTP\IncomingRequest), Object(CodeIgniter\HTTP\Response), Object(CodeIgniter\Log\Logger))
 2 SYSTEMPATH\CodeIgniter.php(500): CodeIgniter\CodeIgniter->createController()
 3 SYSTEMPATH\CodeIgniter.php(355): CodeIgniter\CodeIgniter->handleRequest(null, Object(Config\Cache), false)
 4 SYSTEMPATH\Boot.php(312): CodeIgniter\CodeIgniter->run()
 5 SYSTEMPATH\Boot.php(67): CodeIgniter\Boot::runCodeIgniter(Object(CodeIgniter\CodeIgniter))
 6 FCPATH\index.php(56): CodeIgniter\Boot::bootWeb(Object(Config\Paths))
 7 SYSTEMPATH\Commands\Server\rewrite.php(49): require_once('C:\\xampp\\htdocs\\siput_umkm\\public\\index.php')
WARNING - 2024-08-03 07:39:01 --> [DEPRECATED] Creation of dynamic property App\Controllers\Home::$db is deprecated in APPPATH\Controllers\BaseController.php on line 57.
 1 SYSTEMPATH\CodeIgniter.php(904): App\Controllers\BaseController->initController(Object(CodeIgniter\HTTP\IncomingRequest), Object(CodeIgniter\HTTP\Response), Object(CodeIgniter\Log\Logger))
 2 SYSTEMPATH\CodeIgniter.php(500): CodeIgniter\CodeIgniter->createController()
 3 SYSTEMPATH\CodeIgniter.php(355): CodeIgniter\CodeIgniter->handleRequest(null, Object(Config\Cache), false)
 4 SYSTEMPATH\Boot.php(312): CodeIgniter\CodeIgniter->run()
 5 SYSTEMPATH\Boot.php(67): CodeIgniter\Boot::runCodeIgniter(Object(CodeIgniter\CodeIgniter))
 6 FCPATH\index.php(56): CodeIgniter\Boot::bootWeb(Object(Config\Paths))
 7 SYSTEMPATH\Commands\Server\rewrite.php(49): require_once('C:\\xampp\\htdocs\\siput_umkm\\public\\index.php')
WARNING - 2024-08-03 07:39:27 --> [DEPRECATED] Creation of dynamic property App\Controllers\Home::$db is deprecated in APPPATH\Controllers\BaseController.php on line 57.
 1 SYSTEMPATH\CodeIgniter.php(904): App\Controllers\BaseController->initController(Object(CodeIgniter\HTTP\IncomingRequest), Object(CodeIgniter\HTTP\Response), Object(CodeIgniter\Log\Logger))
 2 SYSTEMPATH\CodeIgniter.php(500): CodeIgniter\CodeIgniter->createController()
 3 SYSTEMPATH\CodeIgniter.php(355): CodeIgniter\CodeIgniter->handleRequest(null, Object(Config\Cache), false)
 4 SYSTEMPATH\Boot.php(312): CodeIgniter\CodeIgniter->run()
 5 SYSTEMPATH\Boot.php(67): CodeIgniter\Boot::runCodeIgniter(Object(CodeIgniter\CodeIgniter))
 6 FCPATH\index.php(56): CodeIgniter\Boot::bootWeb(Object(Config\Paths))
 7 SYSTEMPATH\Commands\Server\rewrite.php(49): require_once('C:\\xampp\\htdocs\\siput_umkm\\public\\index.php')
WARNING - 2024-08-03 07:40:23 --> [DEPRECATED] Creation of dynamic property App\Controllers\Home::$db is deprecated in APPPATH\Controllers\BaseController.php on line 57.
 1 SYSTEMPATH\CodeIgniter.php(904): App\Controllers\BaseController->initController(Object(CodeIgniter\HTTP\IncomingRequest), Object(CodeIgniter\HTTP\Response), Object(CodeIgniter\Log\Logger))
 2 SYSTEMPATH\CodeIgniter.php(500): CodeIgniter\CodeIgniter->createController()
 3 SYSTEMPATH\CodeIgniter.php(355): CodeIgniter\CodeIgniter->handleRequest(null, Object(Config\Cache), false)
 4 SYSTEMPATH\Boot.php(312): CodeIgniter\CodeIgniter->run()
 5 SYSTEMPATH\Boot.php(67): CodeIgniter\Boot::runCodeIgniter(Object(CodeIgniter\CodeIgniter))
 6 FCPATH\index.php(56): CodeIgniter\Boot::bootWeb(Object(Config\Paths))
 7 SYSTEMPATH\Commands\Server\rewrite.php(49): require_once('C:\\xampp\\htdocs\\siput_umkm\\public\\index.php')
WARNING - 2024-08-03 07:40:42 --> [DEPRECATED] Creation of dynamic property App\Controllers\Home::$db is deprecated in APPPATH\Controllers\BaseController.php on line 57.
 1 SYSTEMPATH\CodeIgniter.php(904): App\Controllers\BaseController->initController(Object(CodeIgniter\HTTP\IncomingRequest), Object(CodeIgniter\HTTP\Response), Object(CodeIgniter\Log\Logger))
 2 SYSTEMPATH\CodeIgniter.php(500): CodeIgniter\CodeIgniter->createController()
 3 SYSTEMPATH\CodeIgniter.php(355): CodeIgniter\CodeIgniter->handleRequest(null, Object(Config\Cache), false)
 4 SYSTEMPATH\Boot.php(312): CodeIgniter\CodeIgniter->run()
 5 SYSTEMPATH\Boot.php(67): CodeIgniter\Boot::runCodeIgniter(Object(CodeIgniter\CodeIgniter))
 6 FCPATH\index.php(56): CodeIgniter\Boot::bootWeb(Object(Config\Paths))
 7 SYSTEMPATH\Commands\Server\rewrite.php(49): require_once('C:\\xampp\\htdocs\\siput_umkm\\public\\index.php')
WARNING - 2024-08-03 07:41:00 --> [DEPRECATED] Creation of dynamic property App\Controllers\Home::$db is deprecated in APPPATH\Controllers\BaseController.php on line 57.
 1 SYSTEMPATH\CodeIgniter.php(904): App\Controllers\BaseController->initController(Object(CodeIgniter\HTTP\IncomingRequest), Object(CodeIgniter\HTTP\Response), Object(CodeIgniter\Log\Logger))
 2 SYSTEMPATH\CodeIgniter.php(500): CodeIgniter\CodeIgniter->createController()
 3 SYSTEMPATH\CodeIgniter.php(355): CodeIgniter\CodeIgniter->handleRequest(null, Object(Config\Cache), false)
 4 SYSTEMPATH\Boot.php(312): CodeIgniter\CodeIgniter->run()
 5 SYSTEMPATH\Boot.php(67): CodeIgniter\Boot::runCodeIgniter(Object(CodeIgniter\CodeIgniter))
 6 FCPATH\index.php(56): CodeIgniter\Boot::bootWeb(Object(Config\Paths))
 7 SYSTEMPATH\Commands\Server\rewrite.php(49): require_once('C:\\xampp\\htdocs\\siput_umkm\\public\\index.php')
WARNING - 2024-08-03 07:41:23 --> [DEPRECATED] Creation of dynamic property App\Controllers\Home::$db is deprecated in APPPATH\Controllers\BaseController.php on line 57.
 1 SYSTEMPATH\CodeIgniter.php(904): App\Controllers\BaseController->initController(Object(CodeIgniter\HTTP\IncomingRequest), Object(CodeIgniter\HTTP\Response), Object(CodeIgniter\Log\Logger))
 2 SYSTEMPATH\CodeIgniter.php(500): CodeIgniter\CodeIgniter->createController()
 3 SYSTEMPATH\CodeIgniter.php(355): CodeIgniter\CodeIgniter->handleRequest(null, Object(Config\Cache), false)
 4 SYSTEMPATH\Boot.php(312): CodeIgniter\CodeIgniter->run()
 5 SYSTEMPATH\Boot.php(67): CodeIgniter\Boot::runCodeIgniter(Object(CodeIgniter\CodeIgniter))
 6 FCPATH\index.php(56): CodeIgniter\Boot::bootWeb(Object(Config\Paths))
 7 SYSTEMPATH\Commands\Server\rewrite.php(49): require_once('C:\\xampp\\htdocs\\siput_umkm\\public\\index.php')
WARNING - 2024-08-03 07:42:03 --> [DEPRECATED] Creation of dynamic property App\Controllers\Home::$db is deprecated in APPPATH\Controllers\BaseController.php on line 57.
 1 SYSTEMPATH\CodeIgniter.php(904): App\Controllers\BaseController->initController(Object(CodeIgniter\HTTP\IncomingRequest), Object(CodeIgniter\HTTP\Response), Object(CodeIgniter\Log\Logger))
 2 SYSTEMPATH\CodeIgniter.php(500): CodeIgniter\CodeIgniter->createController()
 3 SYSTEMPATH\CodeIgniter.php(355): CodeIgniter\CodeIgniter->handleRequest(null, Object(Config\Cache), false)
 4 SYSTEMPATH\Boot.php(312): CodeIgniter\CodeIgniter->run()
 5 SYSTEMPATH\Boot.php(67): CodeIgniter\Boot::runCodeIgniter(Object(CodeIgniter\CodeIgniter))
 6 FCPATH\index.php(56): CodeIgniter\Boot::bootWeb(Object(Config\Paths))
 7 SYSTEMPATH\Commands\Server\rewrite.php(49): require_once('C:\\xampp\\htdocs\\siput_umkm\\public\\index.php')
WARNING - 2024-08-03 07:46:39 --> [DEPRECATED] Creation of dynamic property App\Controllers\Home::$db is deprecated in APPPATH\Controllers\BaseController.php on line 57.
 1 SYSTEMPATH\CodeIgniter.php(904): App\Controllers\BaseController->initController(Object(CodeIgniter\HTTP\IncomingRequest), Object(CodeIgniter\HTTP\Response), Object(CodeIgniter\Log\Logger))
 2 SYSTEMPATH\CodeIgniter.php(500): CodeIgniter\CodeIgniter->createController()
 3 SYSTEMPATH\CodeIgniter.php(355): CodeIgniter\CodeIgniter->handleRequest(null, Object(Config\Cache), false)
 4 SYSTEMPATH\Boot.php(312): CodeIgniter\CodeIgniter->run()
 5 SYSTEMPATH\Boot.php(67): CodeIgniter\Boot::runCodeIgniter(Object(CodeIgniter\CodeIgniter))
 6 FCPATH\index.php(56): CodeIgniter\Boot::bootWeb(Object(Config\Paths))
 7 SYSTEMPATH\Commands\Server\rewrite.php(49): require_once('C:\\xampp\\htdocs\\siput_umkm\\public\\index.php')
WARNING - 2024-08-03 07:46:56 --> [DEPRECATED] Creation of dynamic property App\Controllers\Home::$db is deprecated in APPPATH\Controllers\BaseController.php on line 57.
 1 SYSTEMPATH\CodeIgniter.php(904): App\Controllers\BaseController->initController(Object(CodeIgniter\HTTP\IncomingRequest), Object(CodeIgniter\HTTP\Response), Object(CodeIgniter\Log\Logger))
 2 SYSTEMPATH\CodeIgniter.php(500): CodeIgniter\CodeIgniter->createController()
 3 SYSTEMPATH\CodeIgniter.php(355): CodeIgniter\CodeIgniter->handleRequest(null, Object(Config\Cache), false)
 4 SYSTEMPATH\Boot.php(312): CodeIgniter\CodeIgniter->run()
 5 SYSTEMPATH\Boot.php(67): CodeIgniter\Boot::runCodeIgniter(Object(CodeIgniter\CodeIgniter))
 6 FCPATH\index.php(56): CodeIgniter\Boot::bootWeb(Object(Config\Paths))
 7 SYSTEMPATH\Commands\Server\rewrite.php(49): require_once('C:\\xampp\\htdocs\\siput_umkm\\public\\index.php')
WARNING - 2024-08-03 07:47:25 --> [DEPRECATED] Creation of dynamic property App\Controllers\Home::$db is deprecated in APPPATH\Controllers\BaseController.php on line 57.
 1 SYSTEMPATH\CodeIgniter.php(904): App\Controllers\BaseController->initController(Object(CodeIgniter\HTTP\IncomingRequest), Object(CodeIgniter\HTTP\Response), Object(CodeIgniter\Log\Logger))
 2 SYSTEMPATH\CodeIgniter.php(500): CodeIgniter\CodeIgniter->createController()
 3 SYSTEMPATH\CodeIgniter.php(355): CodeIgniter\CodeIgniter->handleRequest(null, Object(Config\Cache), false)
 4 SYSTEMPATH\Boot.php(312): CodeIgniter\CodeIgniter->run()
 5 SYSTEMPATH\Boot.php(67): CodeIgniter\Boot::runCodeIgniter(Object(CodeIgniter\CodeIgniter))
 6 FCPATH\index.php(56): CodeIgniter\Boot::bootWeb(Object(Config\Paths))
 7 SYSTEMPATH\Commands\Server\rewrite.php(49): require_once('C:\\xampp\\htdocs\\siput_umkm\\public\\index.php')
WARNING - 2024-08-03 07:47:37 --> [DEPRECATED] Creation of dynamic property App\Controllers\Home::$db is deprecated in APPPATH\Controllers\BaseController.php on line 57.
 1 SYSTEMPATH\CodeIgniter.php(904): App\Controllers\BaseController->initController(Object(CodeIgniter\HTTP\IncomingRequest), Object(CodeIgniter\HTTP\Response), Object(CodeIgniter\Log\Logger))
 2 SYSTEMPATH\CodeIgniter.php(500): CodeIgniter\CodeIgniter->createController()
 3 SYSTEMPATH\CodeIgniter.php(355): CodeIgniter\CodeIgniter->handleRequest(null, Object(Config\Cache), false)
 4 SYSTEMPATH\Boot.php(312): CodeIgniter\CodeIgniter->run()
 5 SYSTEMPATH\Boot.php(67): CodeIgniter\Boot::runCodeIgniter(Object(CodeIgniter\CodeIgniter))
 6 FCPATH\index.php(56): CodeIgniter\Boot::bootWeb(Object(Config\Paths))
 7 SYSTEMPATH\Commands\Server\rewrite.php(49): require_once('C:\\xampp\\htdocs\\siput_umkm\\public\\index.php')
WARNING - 2024-08-03 07:47:43 --> [DEPRECATED] Creation of dynamic property App\Controllers\Home::$db is deprecated in APPPATH\Controllers\BaseController.php on line 57.
 1 SYSTEMPATH\CodeIgniter.php(904): App\Controllers\BaseController->initController(Object(CodeIgniter\HTTP\IncomingRequest), Object(CodeIgniter\HTTP\Response), Object(CodeIgniter\Log\Logger))
 2 SYSTEMPATH\CodeIgniter.php(500): CodeIgniter\CodeIgniter->createController()
 3 SYSTEMPATH\CodeIgniter.php(355): CodeIgniter\CodeIgniter->handleRequest(null, Object(Config\Cache), false)
 4 SYSTEMPATH\Boot.php(312): CodeIgniter\CodeIgniter->run()
 5 SYSTEMPATH\Boot.php(67): CodeIgniter\Boot::runCodeIgniter(Object(CodeIgniter\CodeIgniter))
 6 FCPATH\index.php(56): CodeIgniter\Boot::bootWeb(Object(Config\Paths))
 7 SYSTEMPATH\Commands\Server\rewrite.php(49): require_once('C:\\xampp\\htdocs\\siput_umkm\\public\\index.php')
WARNING - 2024-08-03 07:47:49 --> [DEPRECATED] Creation of dynamic property App\Controllers\Home::$db is deprecated in APPPATH\Controllers\BaseController.php on line 57.
 1 SYSTEMPATH\CodeIgniter.php(904): App\Controllers\BaseController->initController(Object(CodeIgniter\HTTP\IncomingRequest), Object(CodeIgniter\HTTP\Response), Object(CodeIgniter\Log\Logger))
 2 SYSTEMPATH\CodeIgniter.php(500): CodeIgniter\CodeIgniter->createController()
 3 SYSTEMPATH\CodeIgniter.php(355): CodeIgniter\CodeIgniter->handleRequest(null, Object(Config\Cache), false)
 4 SYSTEMPATH\Boot.php(312): CodeIgniter\CodeIgniter->run()
 5 SYSTEMPATH\Boot.php(67): CodeIgniter\Boot::runCodeIgniter(Object(CodeIgniter\CodeIgniter))
 6 FCPATH\index.php(56): CodeIgniter\Boot::bootWeb(Object(Config\Paths))
 7 SYSTEMPATH\Commands\Server\rewrite.php(49): require_once('C:\\xampp\\htdocs\\siput_umkm\\public\\index.php')
WARNING - 2024-08-03 07:48:08 --> [DEPRECATED] Creation of dynamic property App\Controllers\Home::$db is deprecated in APPPATH\Controllers\BaseController.php on line 57.
 1 SYSTEMPATH\CodeIgniter.php(904): App\Controllers\BaseController->initController(Object(CodeIgniter\HTTP\IncomingRequest), Object(CodeIgniter\HTTP\Response), Object(CodeIgniter\Log\Logger))
 2 SYSTEMPATH\CodeIgniter.php(500): CodeIgniter\CodeIgniter->createController()
 3 SYSTEMPATH\CodeIgniter.php(355): CodeIgniter\CodeIgniter->handleRequest(null, Object(Config\Cache), false)
 4 SYSTEMPATH\Boot.php(312): CodeIgniter\CodeIgniter->run()
 5 SYSTEMPATH\Boot.php(67): CodeIgniter\Boot::runCodeIgniter(Object(CodeIgniter\CodeIgniter))
 6 FCPATH\index.php(56): CodeIgniter\Boot::bootWeb(Object(Config\Paths))
 7 SYSTEMPATH\Commands\Server\rewrite.php(49): require_once('C:\\xampp\\htdocs\\siput_umkm\\public\\index.php')
WARNING - 2024-08-03 07:48:12 --> [DEPRECATED] Creation of dynamic property App\Controllers\Auth::$db is deprecated in APPPATH\Controllers\BaseController.php on line 57.
 1 SYSTEMPATH\CodeIgniter.php(904): App\Controllers\BaseController->initController(Object(CodeIgniter\HTTP\IncomingRequest), Object(CodeIgniter\HTTP\Response), Object(CodeIgniter\Log\Logger))
 2 SYSTEMPATH\CodeIgniter.php(500): CodeIgniter\CodeIgniter->createController()
 3 SYSTEMPATH\CodeIgniter.php(355): CodeIgniter\CodeIgniter->handleRequest(null, Object(Config\Cache), false)
 4 SYSTEMPATH\Boot.php(312): CodeIgniter\CodeIgniter->run()
 5 SYSTEMPATH\Boot.php(67): CodeIgniter\Boot::runCodeIgniter(Object(CodeIgniter\CodeIgniter))
 6 FCPATH\index.php(56): CodeIgniter\Boot::bootWeb(Object(Config\Paths))
 7 SYSTEMPATH\Commands\Server\rewrite.php(49): require_once('C:\\xampp\\htdocs\\siput_umkm\\public\\index.php')
INFO - 2024-08-03 07:48:12 --> Session: Class initialized using 'CodeIgniter\Session\Handlers\FileHandler' driver.
WARNING - 2024-08-03 07:48:19 --> [DEPRECATED] Creation of dynamic property App\Controllers\Home::$db is deprecated in APPPATH\Controllers\BaseController.php on line 57.
 1 SYSTEMPATH\CodeIgniter.php(904): App\Controllers\BaseController->initController(Object(CodeIgniter\HTTP\IncomingRequest), Object(CodeIgniter\HTTP\Response), Object(CodeIgniter\Log\Logger))
 2 SYSTEMPATH\CodeIgniter.php(500): CodeIgniter\CodeIgniter->createController()
 3 SYSTEMPATH\CodeIgniter.php(355): CodeIgniter\CodeIgniter->handleRequest(null, Object(Config\Cache), false)
 4 SYSTEMPATH\Boot.php(312): CodeIgniter\CodeIgniter->run()
 5 SYSTEMPATH\Boot.php(67): CodeIgniter\Boot::runCodeIgniter(Object(CodeIgniter\CodeIgniter))
 6 FCPATH\index.php(56): CodeIgniter\Boot::bootWeb(Object(Config\Paths))
 7 SYSTEMPATH\Commands\Server\rewrite.php(49): require_once('C:\\xampp\\htdocs\\siput_umkm\\public\\index.php')
WARNING - 2024-08-03 07:49:52 --> [DEPRECATED] Creation of dynamic property App\Controllers\Home::$db is deprecated in APPPATH\Controllers\BaseController.php on line 57.
 1 SYSTEMPATH\CodeIgniter.php(904): App\Controllers\BaseController->initController(Object(CodeIgniter\HTTP\IncomingRequest), Object(CodeIgniter\HTTP\Response), Object(CodeIgniter\Log\Logger))
 2 SYSTEMPATH\CodeIgniter.php(500): CodeIgniter\CodeIgniter->createController()
 3 SYSTEMPATH\CodeIgniter.php(355): CodeIgniter\CodeIgniter->handleRequest(null, Object(Config\Cache), false)
 4 SYSTEMPATH\Boot.php(312): CodeIgniter\CodeIgniter->run()
 5 SYSTEMPATH\Boot.php(67): CodeIgniter\Boot::runCodeIgniter(Object(CodeIgniter\CodeIgniter))
 6 FCPATH\index.php(56): CodeIgniter\Boot::bootWeb(Object(Config\Paths))
 7 SYSTEMPATH\Commands\Server\rewrite.php(49): require_once('C:\\xampp\\htdocs\\siput_umkm\\public\\index.php')
WARNING - 2024-08-03 07:52:23 --> [DEPRECATED] Creation of dynamic property App\Controllers\Home::$db is deprecated in APPPATH\Controllers\BaseController.php on line 57.
 1 SYSTEMPATH\CodeIgniter.php(904): App\Controllers\BaseController->initController(Object(CodeIgniter\HTTP\IncomingRequest), Object(CodeIgniter\HTTP\Response), Object(CodeIgniter\Log\Logger))
 2 SYSTEMPATH\CodeIgniter.php(500): CodeIgniter\CodeIgniter->createController()
 3 SYSTEMPATH\CodeIgniter.php(355): CodeIgniter\CodeIgniter->handleRequest(null, Object(Config\Cache), false)
 4 SYSTEMPATH\Boot.php(312): CodeIgniter\CodeIgniter->run()
 5 SYSTEMPATH\Boot.php(67): CodeIgniter\Boot::runCodeIgniter(Object(CodeIgniter\CodeIgniter))
 6 FCPATH\index.php(56): CodeIgniter\Boot::bootWeb(Object(Config\Paths))
 7 SYSTEMPATH\Commands\Server\rewrite.php(49): require_once('C:\\xampp\\htdocs\\siput_umkm\\public\\index.php')
WARNING - 2024-08-03 07:53:29 --> [DEPRECATED] Creation of dynamic property App\Controllers\Home::$db is deprecated in APPPATH\Controllers\BaseController.php on line 57.
 1 SYSTEMPATH\CodeIgniter.php(904): App\Controllers\BaseController->initController(Object(CodeIgniter\HTTP\IncomingRequest), Object(CodeIgniter\HTTP\Response), Object(CodeIgniter\Log\Logger))
 2 SYSTEMPATH\CodeIgniter.php(500): CodeIgniter\CodeIgniter->createController()
 3 SYSTEMPATH\CodeIgniter.php(355): CodeIgniter\CodeIgniter->handleRequest(null, Object(Config\Cache), false)
 4 SYSTEMPATH\Boot.php(312): CodeIgniter\CodeIgniter->run()
 5 SYSTEMPATH\Boot.php(67): CodeIgniter\Boot::runCodeIgniter(Object(CodeIgniter\CodeIgniter))
 6 FCPATH\index.php(56): CodeIgniter\Boot::bootWeb(Object(Config\Paths))
 7 SYSTEMPATH\Commands\Server\rewrite.php(49): require_once('C:\\xampp\\htdocs\\siput_umkm\\public\\index.php')
WARNING - 2024-08-03 07:54:03 --> [DEPRECATED] Creation of dynamic property App\Controllers\Home::$db is deprecated in APPPATH\Controllers\BaseController.php on line 57.
 1 SYSTEMPATH\CodeIgniter.php(904): App\Controllers\BaseController->initController(Object(CodeIgniter\HTTP\IncomingRequest), Object(CodeIgniter\HTTP\Response), Object(CodeIgniter\Log\Logger))
 2 SYSTEMPATH\CodeIgniter.php(500): CodeIgniter\CodeIgniter->createController()
 3 SYSTEMPATH\CodeIgniter.php(355): CodeIgniter\CodeIgniter->handleRequest(null, Object(Config\Cache), false)
 4 SYSTEMPATH\Boot.php(312): CodeIgniter\CodeIgniter->run()
 5 SYSTEMPATH\Boot.php(67): CodeIgniter\Boot::runCodeIgniter(Object(CodeIgniter\CodeIgniter))
 6 FCPATH\index.php(56): CodeIgniter\Boot::bootWeb(Object(Config\Paths))
 7 SYSTEMPATH\Commands\Server\rewrite.php(49): require_once('C:\\xampp\\htdocs\\siput_umkm\\public\\index.php')
WARNING - 2024-08-03 07:59:38 --> [DEPRECATED] Creation of dynamic property App\Controllers\Home::$db is deprecated in APPPATH\Controllers\BaseController.php on line 57.
 1 SYSTEMPATH\CodeIgniter.php(904): App\Controllers\BaseController->initController(Object(CodeIgniter\HTTP\IncomingRequest), Object(CodeIgniter\HTTP\Response), Object(CodeIgniter\Log\Logger))
 2 SYSTEMPATH\CodeIgniter.php(500): CodeIgniter\CodeIgniter->createController()
 3 SYSTEMPATH\CodeIgniter.php(355): CodeIgniter\CodeIgniter->handleRequest(null, Object(Config\Cache), false)
 4 SYSTEMPATH\Boot.php(312): CodeIgniter\CodeIgniter->run()
 5 SYSTEMPATH\Boot.php(67): CodeIgniter\Boot::runCodeIgniter(Object(CodeIgniter\CodeIgniter))
 6 FCPATH\index.php(56): CodeIgniter\Boot::bootWeb(Object(Config\Paths))
 7 SYSTEMPATH\Commands\Server\rewrite.php(49): require_once('C:\\xampp\\htdocs\\siput_umkm\\public\\index.php')
WARNING - 2024-08-03 08:02:23 --> [DEPRECATED] Creation of dynamic property App\Controllers\Home::$db is deprecated in APPPATH\Controllers\BaseController.php on line 57.
 1 SYSTEMPATH\CodeIgniter.php(904): App\Controllers\BaseController->initController(Object(CodeIgniter\HTTP\IncomingRequest), Object(CodeIgniter\HTTP\Response), Object(CodeIgniter\Log\Logger))
 2 SYSTEMPATH\CodeIgniter.php(500): CodeIgniter\CodeIgniter->createController()
 3 SYSTEMPATH\CodeIgniter.php(355): CodeIgniter\CodeIgniter->handleRequest(null, Object(Config\Cache), false)
 4 SYSTEMPATH\Boot.php(312): CodeIgniter\CodeIgniter->run()
 5 SYSTEMPATH\Boot.php(67): CodeIgniter\Boot::runCodeIgniter(Object(CodeIgniter\CodeIgniter))
 6 FCPATH\index.php(56): CodeIgniter\Boot::bootWeb(Object(Config\Paths))
 7 SYSTEMPATH\Commands\Server\rewrite.php(49): require_once('C:\\xampp\\htdocs\\siput_umkm\\public\\index.php')
WARNING - 2024-08-03 08:03:24 --> [DEPRECATED] Creation of dynamic property App\Controllers\Home::$db is deprecated in APPPATH\Controllers\BaseController.php on line 57.
 1 SYSTEMPATH\CodeIgniter.php(904): App\Controllers\BaseController->initController(Object(CodeIgniter\HTTP\IncomingRequest), Object(CodeIgniter\HTTP\Response), Object(CodeIgniter\Log\Logger))
 2 SYSTEMPATH\CodeIgniter.php(500): CodeIgniter\CodeIgniter->createController()
 3 SYSTEMPATH\CodeIgniter.php(355): CodeIgniter\CodeIgniter->handleRequest(null, Object(Config\Cache), false)
 4 SYSTEMPATH\Boot.php(312): CodeIgniter\CodeIgniter->run()
 5 SYSTEMPATH\Boot.php(67): CodeIgniter\Boot::runCodeIgniter(Object(CodeIgniter\CodeIgniter))
 6 FCPATH\index.php(56): CodeIgniter\Boot::bootWeb(Object(Config\Paths))
 7 SYSTEMPATH\Commands\Server\rewrite.php(49): require_once('C:\\xampp\\htdocs\\siput_umkm\\public\\index.php')
WARNING - 2024-08-03 08:05:23 --> [DEPRECATED] Creation of dynamic property App\Controllers\Home::$db is deprecated in APPPATH\Controllers\BaseController.php on line 57.
 1 SYSTEMPATH\CodeIgniter.php(904): App\Controllers\BaseController->initController(Object(CodeIgniter\HTTP\IncomingRequest), Object(CodeIgniter\HTTP\Response), Object(CodeIgniter\Log\Logger))
 2 SYSTEMPATH\CodeIgniter.php(500): CodeIgniter\CodeIgniter->createController()
 3 SYSTEMPATH\CodeIgniter.php(355): CodeIgniter\CodeIgniter->handleRequest(null, Object(Config\Cache), false)
 4 SYSTEMPATH\Boot.php(312): CodeIgniter\CodeIgniter->run()
 5 SYSTEMPATH\Boot.php(67): CodeIgniter\Boot::runCodeIgniter(Object(CodeIgniter\CodeIgniter))
 6 FCPATH\index.php(56): CodeIgniter\Boot::bootWeb(Object(Config\Paths))
 7 SYSTEMPATH\Commands\Server\rewrite.php(49): require_once('C:\\xampp\\htdocs\\siput_umkm\\public\\index.php')
WARNING - 2024-08-03 08:06:07 --> [DEPRECATED] Creation of dynamic property App\Controllers\Home::$db is deprecated in APPPATH\Controllers\BaseController.php on line 57.
 1 SYSTEMPATH\CodeIgniter.php(904): App\Controllers\BaseController->initController(Object(CodeIgniter\HTTP\IncomingRequest), Object(CodeIgniter\HTTP\Response), Object(CodeIgniter\Log\Logger))
 2 SYSTEMPATH\CodeIgniter.php(500): CodeIgniter\CodeIgniter->createController()
 3 SYSTEMPATH\CodeIgniter.php(355): CodeIgniter\CodeIgniter->handleRequest(null, Object(Config\Cache), false)
 4 SYSTEMPATH\Boot.php(312): CodeIgniter\CodeIgniter->run()
 5 SYSTEMPATH\Boot.php(67): CodeIgniter\Boot::runCodeIgniter(Object(CodeIgniter\CodeIgniter))
 6 FCPATH\index.php(56): CodeIgniter\Boot::bootWeb(Object(Config\Paths))
 7 SYSTEMPATH\Commands\Server\rewrite.php(49): require_once('C:\\xampp\\htdocs\\siput_umkm\\public\\index.php')
WARNING - 2024-08-03 08:10:00 --> [DEPRECATED] Creation of dynamic property App\Controllers\Home::$db is deprecated in APPPATH\Controllers\BaseController.php on line 57.
 1 SYSTEMPATH\CodeIgniter.php(904): App\Controllers\BaseController->initController(Object(CodeIgniter\HTTP\IncomingRequest), Object(CodeIgniter\HTTP\Response), Object(CodeIgniter\Log\Logger))
 2 SYSTEMPATH\CodeIgniter.php(500): CodeIgniter\CodeIgniter->createController()
 3 SYSTEMPATH\CodeIgniter.php(355): CodeIgniter\CodeIgniter->handleRequest(null, Object(Config\Cache), false)
 4 SYSTEMPATH\Boot.php(312): CodeIgniter\CodeIgniter->run()
 5 SYSTEMPATH\Boot.php(67): CodeIgniter\Boot::runCodeIgniter(Object(CodeIgniter\CodeIgniter))
 6 FCPATH\index.php(56): CodeIgniter\Boot::bootWeb(Object(Config\Paths))
 7 SYSTEMPATH\Commands\Server\rewrite.php(49): require_once('C:\\xampp\\htdocs\\siput_umkm\\public\\index.php')
WARNING - 2024-08-03 08:12:54 --> [DEPRECATED] Creation of dynamic property App\Controllers\Home::$db is deprecated in APPPATH\Controllers\BaseController.php on line 57.
 1 SYSTEMPATH\CodeIgniter.php(904): App\Controllers\BaseController->initController(Object(CodeIgniter\HTTP\IncomingRequest), Object(CodeIgniter\HTTP\Response), Object(CodeIgniter\Log\Logger))
 2 SYSTEMPATH\CodeIgniter.php(500): CodeIgniter\CodeIgniter->createController()
 3 SYSTEMPATH\CodeIgniter.php(355): CodeIgniter\CodeIgniter->handleRequest(null, Object(Config\Cache), false)
 4 SYSTEMPATH\Boot.php(312): CodeIgniter\CodeIgniter->run()
 5 SYSTEMPATH\Boot.php(67): CodeIgniter\Boot::runCodeIgniter(Object(CodeIgniter\CodeIgniter))
 6 FCPATH\index.php(56): CodeIgniter\Boot::bootWeb(Object(Config\Paths))
 7 SYSTEMPATH\Commands\Server\rewrite.php(49): require_once('C:\\xampp\\htdocs\\siput_umkm\\public\\index.php')
WARNING - 2024-08-03 08:13:56 --> [DEPRECATED] Creation of dynamic property App\Controllers\Home::$db is deprecated in APPPATH\Controllers\BaseController.php on line 57.
 1 SYSTEMPATH\CodeIgniter.php(904): App\Controllers\BaseController->initController(Object(CodeIgniter\HTTP\IncomingRequest), Object(CodeIgniter\HTTP\Response), Object(CodeIgniter\Log\Logger))
 2 SYSTEMPATH\CodeIgniter.php(500): CodeIgniter\CodeIgniter->createController()
 3 SYSTEMPATH\CodeIgniter.php(355): CodeIgniter\CodeIgniter->handleRequest(null, Object(Config\Cache), false)
 4 SYSTEMPATH\Boot.php(312): CodeIgniter\CodeIgniter->run()
 5 SYSTEMPATH\Boot.php(67): CodeIgniter\Boot::runCodeIgniter(Object(CodeIgniter\CodeIgniter))
 6 FCPATH\index.php(56): CodeIgniter\Boot::bootWeb(Object(Config\Paths))
 7 SYSTEMPATH\Commands\Server\rewrite.php(49): require_once('C:\\xampp\\htdocs\\siput_umkm\\public\\index.php')
WARNING - 2024-08-03 08:14:26 --> [DEPRECATED] Creation of dynamic property App\Controllers\Home::$db is deprecated in APPPATH\Controllers\BaseController.php on line 57.
 1 SYSTEMPATH\CodeIgniter.php(904): App\Controllers\BaseController->initController(Object(CodeIgniter\HTTP\IncomingRequest), Object(CodeIgniter\HTTP\Response), Object(CodeIgniter\Log\Logger))
 2 SYSTEMPATH\CodeIgniter.php(500): CodeIgniter\CodeIgniter->createController()
 3 SYSTEMPATH\CodeIgniter.php(355): CodeIgniter\CodeIgniter->handleRequest(null, Object(Config\Cache), false)
 4 SYSTEMPATH\Boot.php(312): CodeIgniter\CodeIgniter->run()
 5 SYSTEMPATH\Boot.php(67): CodeIgniter\Boot::runCodeIgniter(Object(CodeIgniter\CodeIgniter))
 6 FCPATH\index.php(56): CodeIgniter\Boot::bootWeb(Object(Config\Paths))
 7 SYSTEMPATH\Commands\Server\rewrite.php(49): require_once('C:\\xampp\\htdocs\\siput_umkm\\public\\index.php')
WARNING - 2024-08-03 08:15:41 --> [DEPRECATED] Creation of dynamic property App\Controllers\Home::$db is deprecated in APPPATH\Controllers\BaseController.php on line 57.
 1 SYSTEMPATH\CodeIgniter.php(904): App\Controllers\BaseController->initController(Object(CodeIgniter\HTTP\IncomingRequest), Object(CodeIgniter\HTTP\Response), Object(CodeIgniter\Log\Logger))
 2 SYSTEMPATH\CodeIgniter.php(500): CodeIgniter\CodeIgniter->createController()
 3 SYSTEMPATH\CodeIgniter.php(355): CodeIgniter\CodeIgniter->handleRequest(null, Object(Config\Cache), false)
 4 SYSTEMPATH\Boot.php(312): CodeIgniter\CodeIgniter->run()
 5 SYSTEMPATH\Boot.php(67): CodeIgniter\Boot::runCodeIgniter(Object(CodeIgniter\CodeIgniter))
 6 FCPATH\index.php(56): CodeIgniter\Boot::bootWeb(Object(Config\Paths))
 7 SYSTEMPATH\Commands\Server\rewrite.php(49): require_once('C:\\xampp\\htdocs\\siput_umkm\\public\\index.php')
WARNING - 2024-08-03 08:19:45 --> [DEPRECATED] Creation of dynamic property App\Controllers\Home::$db is deprecated in APPPATH\Controllers\BaseController.php on line 57.
 1 SYSTEMPATH\CodeIgniter.php(904): App\Controllers\BaseController->initController(Object(CodeIgniter\HTTP\IncomingRequest), Object(CodeIgniter\HTTP\Response), Object(CodeIgniter\Log\Logger))
 2 SYSTEMPATH\CodeIgniter.php(500): CodeIgniter\CodeIgniter->createController()
 3 SYSTEMPATH\CodeIgniter.php(355): CodeIgniter\CodeIgniter->handleRequest(null, Object(Config\Cache), false)
 4 SYSTEMPATH\Boot.php(312): CodeIgniter\CodeIgniter->run()
 5 SYSTEMPATH\Boot.php(67): CodeIgniter\Boot::runCodeIgniter(Object(CodeIgniter\CodeIgniter))
 6 FCPATH\index.php(56): CodeIgniter\Boot::bootWeb(Object(Config\Paths))
 7 SYSTEMPATH\Commands\Server\rewrite.php(49): require_once('C:\\xampp\\htdocs\\siput_umkm\\public\\index.php')
WARNING - 2024-08-03 08:20:59 --> [DEPRECATED] Creation of dynamic property App\Controllers\Home::$db is deprecated in APPPATH\Controllers\BaseController.php on line 57.
 1 SYSTEMPATH\CodeIgniter.php(904): App\Controllers\BaseController->initController(Object(CodeIgniter\HTTP\IncomingRequest), Object(CodeIgniter\HTTP\Response), Object(CodeIgniter\Log\Logger))
 2 SYSTEMPATH\CodeIgniter.php(500): CodeIgniter\CodeIgniter->createController()
 3 SYSTEMPATH\CodeIgniter.php(355): CodeIgniter\CodeIgniter->handleRequest(null, Object(Config\Cache), false)
 4 SYSTEMPATH\Boot.php(312): CodeIgniter\CodeIgniter->run()
 5 SYSTEMPATH\Boot.php(67): CodeIgniter\Boot::runCodeIgniter(Object(CodeIgniter\CodeIgniter))
 6 FCPATH\index.php(56): CodeIgniter\Boot::bootWeb(Object(Config\Paths))
 7 SYSTEMPATH\Commands\Server\rewrite.php(49): require_once('C:\\xampp\\htdocs\\siput_umkm\\public\\index.php')
WARNING - 2024-08-03 08:50:38 --> [DEPRECATED] Creation of dynamic property App\Controllers\Home::$db is deprecated in APPPATH\Controllers\BaseController.php on line 57.
 1 SYSTEMPATH\CodeIgniter.php(904): App\Controllers\BaseController->initController(Object(CodeIgniter\HTTP\IncomingRequest), Object(CodeIgniter\HTTP\Response), Object(CodeIgniter\Log\Logger))
 2 SYSTEMPATH\CodeIgniter.php(500): CodeIgniter\CodeIgniter->createController()
 3 SYSTEMPATH\CodeIgniter.php(355): CodeIgniter\CodeIgniter->handleRequest(null, Object(Config\Cache), false)
 4 SYSTEMPATH\Boot.php(312): CodeIgniter\CodeIgniter->run()
 5 SYSTEMPATH\Boot.php(67): CodeIgniter\Boot::runCodeIgniter(Object(CodeIgniter\CodeIgniter))
 6 FCPATH\index.php(56): CodeIgniter\Boot::bootWeb(Object(Config\Paths))
 7 SYSTEMPATH\Commands\Server\rewrite.php(49): require_once('C:\\xampp\\htdocs\\siput_umkm\\public\\index.php')
WARNING - 2024-08-03 08:52:18 --> [DEPRECATED] Creation of dynamic property App\Controllers\Home::$db is deprecated in APPPATH\Controllers\BaseController.php on line 57.
 1 SYSTEMPATH\CodeIgniter.php(904): App\Controllers\BaseController->initController(Object(CodeIgniter\HTTP\IncomingRequest), Object(CodeIgniter\HTTP\Response), Object(CodeIgniter\Log\Logger))
 2 SYSTEMPATH\CodeIgniter.php(500): CodeIgniter\CodeIgniter->createController()
 3 SYSTEMPATH\CodeIgniter.php(355): CodeIgniter\CodeIgniter->handleRequest(null, Object(Config\Cache), false)
 4 SYSTEMPATH\Boot.php(312): CodeIgniter\CodeIgniter->run()
 5 SYSTEMPATH\Boot.php(67): CodeIgniter\Boot::runCodeIgniter(Object(CodeIgniter\CodeIgniter))
 6 FCPATH\index.php(56): CodeIgniter\Boot::bootWeb(Object(Config\Paths))
 7 SYSTEMPATH\Commands\Server\rewrite.php(49): require_once('C:\\xampp\\htdocs\\siput_umkm\\public\\index.php')
WARNING - 2024-08-03 08:52:56 --> [DEPRECATED] Creation of dynamic property App\Controllers\Home::$db is deprecated in APPPATH\Controllers\BaseController.php on line 57.
 1 SYSTEMPATH\CodeIgniter.php(904): App\Controllers\BaseController->initController(Object(CodeIgniter\HTTP\IncomingRequest), Object(CodeIgniter\HTTP\Response), Object(CodeIgniter\Log\Logger))
 2 SYSTEMPATH\CodeIgniter.php(500): CodeIgniter\CodeIgniter->createController()
 3 SYSTEMPATH\CodeIgniter.php(355): CodeIgniter\CodeIgniter->handleRequest(null, Object(Config\Cache), false)
 4 SYSTEMPATH\Boot.php(312): CodeIgniter\CodeIgniter->run()
 5 SYSTEMPATH\Boot.php(67): CodeIgniter\Boot::runCodeIgniter(Object(CodeIgniter\CodeIgniter))
 6 FCPATH\index.php(56): CodeIgniter\Boot::bootWeb(Object(Config\Paths))
 7 SYSTEMPATH\Commands\Server\rewrite.php(49): require_once('C:\\xampp\\htdocs\\siput_umkm\\public\\index.php')
WARNING - 2024-08-03 08:55:00 --> [DEPRECATED] Creation of dynamic property App\Controllers\Home::$db is deprecated in APPPATH\Controllers\BaseController.php on line 57.
 1 SYSTEMPATH\CodeIgniter.php(904): App\Controllers\BaseController->initController(Object(CodeIgniter\HTTP\IncomingRequest), Object(CodeIgniter\HTTP\Response), Object(CodeIgniter\Log\Logger))
 2 SYSTEMPATH\CodeIgniter.php(500): CodeIgniter\CodeIgniter->createController()
 3 SYSTEMPATH\CodeIgniter.php(355): CodeIgniter\CodeIgniter->handleRequest(null, Object(Config\Cache), false)
 4 SYSTEMPATH\Boot.php(312): CodeIgniter\CodeIgniter->run()
 5 SYSTEMPATH\Boot.php(67): CodeIgniter\Boot::runCodeIgniter(Object(CodeIgniter\CodeIgniter))
 6 FCPATH\index.php(56): CodeIgniter\Boot::bootWeb(Object(Config\Paths))
 7 SYSTEMPATH\Commands\Server\rewrite.php(49): require_once('C:\\xampp\\htdocs\\siput_umkm\\public\\index.php')
WARNING - 2024-08-03 08:58:39 --> [DEPRECATED] Creation of dynamic property App\Controllers\Home::$db is deprecated in APPPATH\Controllers\BaseController.php on line 57.
 1 SYSTEMPATH\CodeIgniter.php(904): App\Controllers\BaseController->initController(Object(CodeIgniter\HTTP\IncomingRequest), Object(CodeIgniter\HTTP\Response), Object(CodeIgniter\Log\Logger))
 2 SYSTEMPATH\CodeIgniter.php(500): CodeIgniter\CodeIgniter->createController()
 3 SYSTEMPATH\CodeIgniter.php(355): CodeIgniter\CodeIgniter->handleRequest(null, Object(Config\Cache), false)
 4 SYSTEMPATH\Boot.php(312): CodeIgniter\CodeIgniter->run()
 5 SYSTEMPATH\Boot.php(67): CodeIgniter\Boot::runCodeIgniter(Object(CodeIgniter\CodeIgniter))
 6 FCPATH\index.php(56): CodeIgniter\Boot::bootWeb(Object(Config\Paths))
 7 SYSTEMPATH\Commands\Server\rewrite.php(49): require_once('C:\\xampp\\htdocs\\siput_umkm\\public\\index.php')
WARNING - 2024-08-03 08:59:33 --> [DEPRECATED] Creation of dynamic property App\Controllers\Home::$db is deprecated in APPPATH\Controllers\BaseController.php on line 57.
 1 SYSTEMPATH\CodeIgniter.php(904): App\Controllers\BaseController->initController(Object(CodeIgniter\HTTP\IncomingRequest), Object(CodeIgniter\HTTP\Response), Object(CodeIgniter\Log\Logger))
 2 SYSTEMPATH\CodeIgniter.php(500): CodeIgniter\CodeIgniter->createController()
 3 SYSTEMPATH\CodeIgniter.php(355): CodeIgniter\CodeIgniter->handleRequest(null, Object(Config\Cache), false)
 4 SYSTEMPATH\Boot.php(312): CodeIgniter\CodeIgniter->run()
 5 SYSTEMPATH\Boot.php(67): CodeIgniter\Boot::runCodeIgniter(Object(CodeIgniter\CodeIgniter))
 6 FCPATH\index.php(56): CodeIgniter\Boot::bootWeb(Object(Config\Paths))
 7 SYSTEMPATH\Commands\Server\rewrite.php(49): require_once('C:\\xampp\\htdocs\\siput_umkm\\public\\index.php')
WARNING - 2024-08-03 09:01:13 --> [DEPRECATED] Creation of dynamic property App\Controllers\Home::$db is deprecated in APPPATH\Controllers\BaseController.php on line 57.
 1 SYSTEMPATH\CodeIgniter.php(904): App\Controllers\BaseController->initController(Object(CodeIgniter\HTTP\IncomingRequest), Object(CodeIgniter\HTTP\Response), Object(CodeIgniter\Log\Logger))
 2 SYSTEMPATH\CodeIgniter.php(500): CodeIgniter\CodeIgniter->createController()
 3 SYSTEMPATH\CodeIgniter.php(355): CodeIgniter\CodeIgniter->handleRequest(null, Object(Config\Cache), false)
 4 SYSTEMPATH\Boot.php(312): CodeIgniter\CodeIgniter->run()
 5 SYSTEMPATH\Boot.php(67): CodeIgniter\Boot::runCodeIgniter(Object(CodeIgniter\CodeIgniter))
 6 FCPATH\index.php(56): CodeIgniter\Boot::bootWeb(Object(Config\Paths))
 7 SYSTEMPATH\Commands\Server\rewrite.php(49): require_once('C:\\xampp\\htdocs\\siput_umkm\\public\\index.php')
WARNING - 2024-08-03 09:01:52 --> [DEPRECATED] Creation of dynamic property App\Controllers\Home::$db is deprecated in APPPATH\Controllers\BaseController.php on line 57.
 1 SYSTEMPATH\CodeIgniter.php(904): App\Controllers\BaseController->initController(Object(CodeIgniter\HTTP\IncomingRequest), Object(CodeIgniter\HTTP\Response), Object(CodeIgniter\Log\Logger))
 2 SYSTEMPATH\CodeIgniter.php(500): CodeIgniter\CodeIgniter->createController()
 3 SYSTEMPATH\CodeIgniter.php(355): CodeIgniter\CodeIgniter->handleRequest(null, Object(Config\Cache), false)
 4 SYSTEMPATH\Boot.php(312): CodeIgniter\CodeIgniter->run()
 5 SYSTEMPATH\Boot.php(67): CodeIgniter\Boot::runCodeIgniter(Object(CodeIgniter\CodeIgniter))
 6 FCPATH\index.php(56): CodeIgniter\Boot::bootWeb(Object(Config\Paths))
 7 SYSTEMPATH\Commands\Server\rewrite.php(49): require_once('C:\\xampp\\htdocs\\siput_umkm\\public\\index.php')
WARNING - 2024-08-03 09:02:49 --> [DEPRECATED] Creation of dynamic property App\Controllers\Home::$db is deprecated in APPPATH\Controllers\BaseController.php on line 57.
 1 SYSTEMPATH\CodeIgniter.php(904): App\Controllers\BaseController->initController(Object(CodeIgniter\HTTP\IncomingRequest), Object(CodeIgniter\HTTP\Response), Object(CodeIgniter\Log\Logger))
 2 SYSTEMPATH\CodeIgniter.php(500): CodeIgniter\CodeIgniter->createController()
 3 SYSTEMPATH\CodeIgniter.php(355): CodeIgniter\CodeIgniter->handleRequest(null, Object(Config\Cache), false)
 4 SYSTEMPATH\Boot.php(312): CodeIgniter\CodeIgniter->run()
 5 SYSTEMPATH\Boot.php(67): CodeIgniter\Boot::runCodeIgniter(Object(CodeIgniter\CodeIgniter))
 6 FCPATH\index.php(56): CodeIgniter\Boot::bootWeb(Object(Config\Paths))
 7 SYSTEMPATH\Commands\Server\rewrite.php(49): require_once('C:\\xampp\\htdocs\\siput_umkm\\public\\index.php')
WARNING - 2024-08-03 12:23:16 --> [DEPRECATED] Creation of dynamic property App\Controllers\Home::$db is deprecated in APPPATH\Controllers\BaseController.php on line 57.
 1 SYSTEMPATH\CodeIgniter.php(904): App\Controllers\BaseController->initController(Object(CodeIgniter\HTTP\IncomingRequest), Object(CodeIgniter\HTTP\Response), Object(CodeIgniter\Log\Logger))
 2 SYSTEMPATH\CodeIgniter.php(500): CodeIgniter\CodeIgniter->createController()
 3 SYSTEMPATH\CodeIgniter.php(355): CodeIgniter\CodeIgniter->handleRequest(null, Object(Config\Cache), false)
 4 SYSTEMPATH\Boot.php(312): CodeIgniter\CodeIgniter->run()
 5 SYSTEMPATH\Boot.php(67): CodeIgniter\Boot::runCodeIgniter(Object(CodeIgniter\CodeIgniter))
 6 FCPATH\index.php(56): CodeIgniter\Boot::bootWeb(Object(Config\Paths))
 7 SYSTEMPATH\Commands\Server\rewrite.php(49): require_once('C:\\xampp\\htdocs\\siput_umkm\\public\\index.php')
WARNING - 2024-08-03 12:43:16 --> [DEPRECATED] Creation of dynamic property App\Controllers\Home::$db is deprecated in APPPATH\Controllers\BaseController.php on line 57.
 1 SYSTEMPATH\CodeIgniter.php(904): App\Controllers\BaseController->initController(Object(CodeIgniter\HTTP\IncomingRequest), Object(CodeIgniter\HTTP\Response), Object(CodeIgniter\Log\Logger))
 2 SYSTEMPATH\CodeIgniter.php(500): CodeIgniter\CodeIgniter->createController()
 3 SYSTEMPATH\CodeIgniter.php(355): CodeIgniter\CodeIgniter->handleRequest(null, Object(Config\Cache), false)
 4 SYSTEMPATH\Boot.php(312): CodeIgniter\CodeIgniter->run()
 5 SYSTEMPATH\Boot.php(67): CodeIgniter\Boot::runCodeIgniter(Object(CodeIgniter\CodeIgniter))
 6 FCPATH\index.php(56): CodeIgniter\Boot::bootWeb(Object(Config\Paths))
 7 SYSTEMPATH\Commands\Server\rewrite.php(49): require_once('C:\\xampp\\htdocs\\siput_umkm\\public\\index.php')
WARNING - 2024-08-03 12:43:24 --> [DEPRECATED] Creation of dynamic property App\Controllers\Home::$db is deprecated in APPPATH\Controllers\BaseController.php on line 57.
 1 SYSTEMPATH\CodeIgniter.php(904): App\Controllers\BaseController->initController(Object(CodeIgniter\HTTP\IncomingRequest), Object(CodeIgniter\HTTP\Response), Object(CodeIgniter\Log\Logger))
 2 SYSTEMPATH\CodeIgniter.php(500): CodeIgniter\CodeIgniter->createController()
 3 SYSTEMPATH\CodeIgniter.php(355): CodeIgniter\CodeIgniter->handleRequest(null, Object(Config\Cache), false)
 4 SYSTEMPATH\Boot.php(312): CodeIgniter\CodeIgniter->run()
 5 SYSTEMPATH\Boot.php(67): CodeIgniter\Boot::runCodeIgniter(Object(CodeIgniter\CodeIgniter))
 6 FCPATH\index.php(56): CodeIgniter\Boot::bootWeb(Object(Config\Paths))
 7 SYSTEMPATH\Commands\Server\rewrite.php(49): require_once('C:\\xampp\\htdocs\\siput_umkm\\public\\index.php')
WARNING - 2024-08-03 12:43:36 --> [DEPRECATED] Creation of dynamic property App\Controllers\Home::$db is deprecated in APPPATH\Controllers\BaseController.php on line 57.
 1 SYSTEMPATH\CodeIgniter.php(904): App\Controllers\BaseController->initController(Object(CodeIgniter\HTTP\IncomingRequest), Object(CodeIgniter\HTTP\Response), Object(CodeIgniter\Log\Logger))
 2 SYSTEMPATH\CodeIgniter.php(500): CodeIgniter\CodeIgniter->createController()
 3 SYSTEMPATH\CodeIgniter.php(355): CodeIgniter\CodeIgniter->handleRequest(null, Object(Config\Cache), false)
 4 SYSTEMPATH\Boot.php(312): CodeIgniter\CodeIgniter->run()
 5 SYSTEMPATH\Boot.php(67): CodeIgniter\Boot::runCodeIgniter(Object(CodeIgniter\CodeIgniter))
 6 FCPATH\index.php(56): CodeIgniter\Boot::bootWeb(Object(Config\Paths))
 7 SYSTEMPATH\Commands\Server\rewrite.php(49): require_once('C:\\xampp\\htdocs\\siput_umkm\\public\\index.php')
WARNING - 2024-08-03 12:45:22 --> [DEPRECATED] Creation of dynamic property App\Controllers\Home::$db is deprecated in APPPATH\Controllers\BaseController.php on line 57.
 1 SYSTEMPATH\CodeIgniter.php(904): App\Controllers\BaseController->initController(Object(CodeIgniter\HTTP\IncomingRequest), Object(CodeIgniter\HTTP\Response), Object(CodeIgniter\Log\Logger))
 2 SYSTEMPATH\CodeIgniter.php(500): CodeIgniter\CodeIgniter->createController()
 3 SYSTEMPATH\CodeIgniter.php(355): CodeIgniter\CodeIgniter->handleRequest(null, Object(Config\Cache), false)
 4 SYSTEMPATH\Boot.php(312): CodeIgniter\CodeIgniter->run()
 5 SYSTEMPATH\Boot.php(67): CodeIgniter\Boot::runCodeIgniter(Object(CodeIgniter\CodeIgniter))
 6 FCPATH\index.php(56): CodeIgniter\Boot::bootWeb(Object(Config\Paths))
 7 SYSTEMPATH\Commands\Server\rewrite.php(49): require_once('C:\\xampp\\htdocs\\siput_umkm\\public\\index.php')
WARNING - 2024-08-03 12:45:58 --> [DEPRECATED] Creation of dynamic property App\Controllers\Home::$db is deprecated in APPPATH\Controllers\BaseController.php on line 57.
 1 SYSTEMPATH\CodeIgniter.php(904): App\Controllers\BaseController->initController(Object(CodeIgniter\HTTP\IncomingRequest), Object(CodeIgniter\HTTP\Response), Object(CodeIgniter\Log\Logger))
 2 SYSTEMPATH\CodeIgniter.php(500): CodeIgniter\CodeIgniter->createController()
 3 SYSTEMPATH\CodeIgniter.php(355): CodeIgniter\CodeIgniter->handleRequest(null, Object(Config\Cache), false)
 4 SYSTEMPATH\Boot.php(312): CodeIgniter\CodeIgniter->run()
 5 SYSTEMPATH\Boot.php(67): CodeIgniter\Boot::runCodeIgniter(Object(CodeIgniter\CodeIgniter))
 6 FCPATH\index.php(56): CodeIgniter\Boot::bootWeb(Object(Config\Paths))
 7 SYSTEMPATH\Commands\Server\rewrite.php(49): require_once('C:\\xampp\\htdocs\\siput_umkm\\public\\index.php')
WARNING - 2024-08-03 12:49:10 --> [DEPRECATED] Creation of dynamic property App\Controllers\Home::$db is deprecated in APPPATH\Controllers\BaseController.php on line 57.
 1 SYSTEMPATH\CodeIgniter.php(904): App\Controllers\BaseController->initController(Object(CodeIgniter\HTTP\IncomingRequest), Object(CodeIgniter\HTTP\Response), Object(CodeIgniter\Log\Logger))
 2 SYSTEMPATH\CodeIgniter.php(500): CodeIgniter\CodeIgniter->createController()
 3 SYSTEMPATH\CodeIgniter.php(355): CodeIgniter\CodeIgniter->handleRequest(null, Object(Config\Cache), false)
 4 SYSTEMPATH\Boot.php(312): CodeIgniter\CodeIgniter->run()
 5 SYSTEMPATH\Boot.php(67): CodeIgniter\Boot::runCodeIgniter(Object(CodeIgniter\CodeIgniter))
 6 FCPATH\index.php(56): CodeIgniter\Boot::bootWeb(Object(Config\Paths))
 7 SYSTEMPATH\Commands\Server\rewrite.php(49): require_once('C:\\xampp\\htdocs\\siput_umkm\\public\\index.php')
WARNING - 2024-08-03 12:57:56 --> [DEPRECATED] Creation of dynamic property App\Controllers\Home::$db is deprecated in APPPATH\Controllers\BaseController.php on line 57.
 1 SYSTEMPATH\CodeIgniter.php(904): App\Controllers\BaseController->initController(Object(CodeIgniter\HTTP\IncomingRequest), Object(CodeIgniter\HTTP\Response), Object(CodeIgniter\Log\Logger))
 2 SYSTEMPATH\CodeIgniter.php(500): CodeIgniter\CodeIgniter->createController()
 3 SYSTEMPATH\CodeIgniter.php(355): CodeIgniter\CodeIgniter->handleRequest(null, Object(Config\Cache), false)
 4 SYSTEMPATH\Boot.php(312): CodeIgniter\CodeIgniter->run()
 5 SYSTEMPATH\Boot.php(67): CodeIgniter\Boot::runCodeIgniter(Object(CodeIgniter\CodeIgniter))
 6 FCPATH\index.php(56): CodeIgniter\Boot::bootWeb(Object(Config\Paths))
 7 SYSTEMPATH\Commands\Server\rewrite.php(49): require_once('C:\\xampp\\htdocs\\siput_umkm\\public\\index.php')
WARNING - 2024-08-03 12:58:19 --> [DEPRECATED] Creation of dynamic property App\Controllers\Home::$db is deprecated in APPPATH\Controllers\BaseController.php on line 57.
 1 SYSTEMPATH\CodeIgniter.php(904): App\Controllers\BaseController->initController(Object(CodeIgniter\HTTP\IncomingRequest), Object(CodeIgniter\HTTP\Response), Object(CodeIgniter\Log\Logger))
 2 SYSTEMPATH\CodeIgniter.php(500): CodeIgniter\CodeIgniter->createController()
 3 SYSTEMPATH\CodeIgniter.php(355): CodeIgniter\CodeIgniter->handleRequest(null, Object(Config\Cache), false)
 4 SYSTEMPATH\Boot.php(312): CodeIgniter\CodeIgniter->run()
 5 SYSTEMPATH\Boot.php(67): CodeIgniter\Boot::runCodeIgniter(Object(CodeIgniter\CodeIgniter))
 6 FCPATH\index.php(56): CodeIgniter\Boot::bootWeb(Object(Config\Paths))
 7 SYSTEMPATH\Commands\Server\rewrite.php(49): require_once('C:\\xampp\\htdocs\\siput_umkm\\public\\index.php')
WARNING - 2024-08-03 12:58:38 --> [DEPRECATED] Creation of dynamic property App\Controllers\Home::$db is deprecated in APPPATH\Controllers\BaseController.php on line 57.
 1 SYSTEMPATH\CodeIgniter.php(904): App\Controllers\BaseController->initController(Object(CodeIgniter\HTTP\IncomingRequest), Object(CodeIgniter\HTTP\Response), Object(CodeIgniter\Log\Logger))
 2 SYSTEMPATH\CodeIgniter.php(500): CodeIgniter\CodeIgniter->createController()
 3 SYSTEMPATH\CodeIgniter.php(355): CodeIgniter\CodeIgniter->handleRequest(null, Object(Config\Cache), false)
 4 SYSTEMPATH\Boot.php(312): CodeIgniter\CodeIgniter->run()
 5 SYSTEMPATH\Boot.php(67): CodeIgniter\Boot::runCodeIgniter(Object(CodeIgniter\CodeIgniter))
 6 FCPATH\index.php(56): CodeIgniter\Boot::bootWeb(Object(Config\Paths))
 7 SYSTEMPATH\Commands\Server\rewrite.php(49): require_once('C:\\xampp\\htdocs\\siput_umkm\\public\\index.php')
WARNING - 2024-08-03 13:03:20 --> [DEPRECATED] Creation of dynamic property App\Controllers\Home::$db is deprecated in APPPATH\Controllers\BaseController.php on line 57.
 1 SYSTEMPATH\CodeIgniter.php(904): App\Controllers\BaseController->initController(Object(CodeIgniter\HTTP\IncomingRequest), Object(CodeIgniter\HTTP\Response), Object(CodeIgniter\Log\Logger))
 2 SYSTEMPATH\CodeIgniter.php(500): CodeIgniter\CodeIgniter->createController()
 3 SYSTEMPATH\CodeIgniter.php(355): CodeIgniter\CodeIgniter->handleRequest(null, Object(Config\Cache), false)
 4 SYSTEMPATH\Boot.php(312): CodeIgniter\CodeIgniter->run()
 5 SYSTEMPATH\Boot.php(67): CodeIgniter\Boot::runCodeIgniter(Object(CodeIgniter\CodeIgniter))
 6 FCPATH\index.php(56): CodeIgniter\Boot::bootWeb(Object(Config\Paths))
 7 SYSTEMPATH\Commands\Server\rewrite.php(49): require_once('C:\\xampp\\htdocs\\siput_umkm\\public\\index.php')
WARNING - 2024-08-03 13:04:53 --> [DEPRECATED] Creation of dynamic property App\Controllers\Home::$db is deprecated in APPPATH\Controllers\BaseController.php on line 57.
 1 SYSTEMPATH\CodeIgniter.php(904): App\Controllers\BaseController->initController(Object(CodeIgniter\HTTP\IncomingRequest), Object(CodeIgniter\HTTP\Response), Object(CodeIgniter\Log\Logger))
 2 SYSTEMPATH\CodeIgniter.php(500): CodeIgniter\CodeIgniter->createController()
 3 SYSTEMPATH\CodeIgniter.php(355): CodeIgniter\CodeIgniter->handleRequest(null, Object(Config\Cache), false)
 4 SYSTEMPATH\Boot.php(312): CodeIgniter\CodeIgniter->run()
 5 SYSTEMPATH\Boot.php(67): CodeIgniter\Boot::runCodeIgniter(Object(CodeIgniter\CodeIgniter))
 6 FCPATH\index.php(56): CodeIgniter\Boot::bootWeb(Object(Config\Paths))
 7 SYSTEMPATH\Commands\Server\rewrite.php(49): require_once('C:\\xampp\\htdocs\\siput_umkm\\public\\index.php')
WARNING - 2024-08-03 13:05:51 --> [DEPRECATED] Creation of dynamic property App\Controllers\Home::$db is deprecated in APPPATH\Controllers\BaseController.php on line 57.
 1 SYSTEMPATH\CodeIgniter.php(904): App\Controllers\BaseController->initController(Object(CodeIgniter\HTTP\IncomingRequest), Object(CodeIgniter\HTTP\Response), Object(CodeIgniter\Log\Logger))
 2 SYSTEMPATH\CodeIgniter.php(500): CodeIgniter\CodeIgniter->createController()
 3 SYSTEMPATH\CodeIgniter.php(355): CodeIgniter\CodeIgniter->handleRequest(null, Object(Config\Cache), false)
 4 SYSTEMPATH\Boot.php(312): CodeIgniter\CodeIgniter->run()
 5 SYSTEMPATH\Boot.php(67): CodeIgniter\Boot::runCodeIgniter(Object(CodeIgniter\CodeIgniter))
 6 FCPATH\index.php(56): CodeIgniter\Boot::bootWeb(Object(Config\Paths))
 7 SYSTEMPATH\Commands\Server\rewrite.php(49): require_once('C:\\xampp\\htdocs\\siput_umkm\\public\\index.php')
WARNING - 2024-08-03 13:28:23 --> [DEPRECATED] Creation of dynamic property App\Controllers\Home::$db is deprecated in APPPATH\Controllers\BaseController.php on line 57.
 1 SYSTEMPATH\CodeIgniter.php(904): App\Controllers\BaseController->initController(Object(CodeIgniter\HTTP\IncomingRequest), Object(CodeIgniter\HTTP\Response), Object(CodeIgniter\Log\Logger))
 2 SYSTEMPATH\CodeIgniter.php(500): CodeIgniter\CodeIgniter->createController()
 3 SYSTEMPATH\CodeIgniter.php(355): CodeIgniter\CodeIgniter->handleRequest(null, Object(Config\Cache), false)
 4 SYSTEMPATH\Boot.php(312): CodeIgniter\CodeIgniter->run()
 5 SYSTEMPATH\Boot.php(67): CodeIgniter\Boot::runCodeIgniter(Object(CodeIgniter\CodeIgniter))
 6 FCPATH\index.php(56): CodeIgniter\Boot::bootWeb(Object(Config\Paths))
 7 SYSTEMPATH\Commands\Server\rewrite.php(49): require_once('C:\\xampp\\htdocs\\siput_umkm\\public\\index.php')
WARNING - 2024-08-03 13:29:22 --> [DEPRECATED] Creation of dynamic property App\Controllers\Home::$db is deprecated in APPPATH\Controllers\BaseController.php on line 57.
 1 SYSTEMPATH\CodeIgniter.php(904): App\Controllers\BaseController->initController(Object(CodeIgniter\HTTP\IncomingRequest), Object(CodeIgniter\HTTP\Response), Object(CodeIgniter\Log\Logger))
 2 SYSTEMPATH\CodeIgniter.php(500): CodeIgniter\CodeIgniter->createController()
 3 SYSTEMPATH\CodeIgniter.php(355): CodeIgniter\CodeIgniter->handleRequest(null, Object(Config\Cache), false)
 4 SYSTEMPATH\Boot.php(312): CodeIgniter\CodeIgniter->run()
 5 SYSTEMPATH\Boot.php(67): CodeIgniter\Boot::runCodeIgniter(Object(CodeIgniter\CodeIgniter))
 6 FCPATH\index.php(56): CodeIgniter\Boot::bootWeb(Object(Config\Paths))
 7 SYSTEMPATH\Commands\Server\rewrite.php(49): require_once('C:\\xampp\\htdocs\\siput_umkm\\public\\index.php')
WARNING - 2024-08-03 13:30:23 --> [DEPRECATED] Creation of dynamic property App\Controllers\Home::$db is deprecated in APPPATH\Controllers\BaseController.php on line 57.
 1 SYSTEMPATH\CodeIgniter.php(904): App\Controllers\BaseController->initController(Object(CodeIgniter\HTTP\IncomingRequest), Object(CodeIgniter\HTTP\Response), Object(CodeIgniter\Log\Logger))
 2 SYSTEMPATH\CodeIgniter.php(500): CodeIgniter\CodeIgniter->createController()
 3 SYSTEMPATH\CodeIgniter.php(355): CodeIgniter\CodeIgniter->handleRequest(null, Object(Config\Cache), false)
 4 SYSTEMPATH\Boot.php(312): CodeIgniter\CodeIgniter->run()
 5 SYSTEMPATH\Boot.php(67): CodeIgniter\Boot::runCodeIgniter(Object(CodeIgniter\CodeIgniter))
 6 FCPATH\index.php(56): CodeIgniter\Boot::bootWeb(Object(Config\Paths))
 7 SYSTEMPATH\Commands\Server\rewrite.php(49): require_once('C:\\xampp\\htdocs\\siput_umkm\\public\\index.php')
WARNING - 2024-08-03 13:30:51 --> [DEPRECATED] Creation of dynamic property App\Controllers\Home::$db is deprecated in APPPATH\Controllers\BaseController.php on line 57.
 1 SYSTEMPATH\CodeIgniter.php(904): App\Controllers\BaseController->initController(Object(CodeIgniter\HTTP\IncomingRequest), Object(CodeIgniter\HTTP\Response), Object(CodeIgniter\Log\Logger))
 2 SYSTEMPATH\CodeIgniter.php(500): CodeIgniter\CodeIgniter->createController()
 3 SYSTEMPATH\CodeIgniter.php(355): CodeIgniter\CodeIgniter->handleRequest(null, Object(Config\Cache), false)
 4 SYSTEMPATH\Boot.php(312): CodeIgniter\CodeIgniter->run()
 5 SYSTEMPATH\Boot.php(67): CodeIgniter\Boot::runCodeIgniter(Object(CodeIgniter\CodeIgniter))
 6 FCPATH\index.php(56): CodeIgniter\Boot::bootWeb(Object(Config\Paths))
 7 SYSTEMPATH\Commands\Server\rewrite.php(49): require_once('C:\\xampp\\htdocs\\siput_umkm\\public\\index.php')
WARNING - 2024-08-03 13:31:36 --> [DEPRECATED] Creation of dynamic property App\Controllers\Home::$db is deprecated in APPPATH\Controllers\BaseController.php on line 57.
 1 SYSTEMPATH\CodeIgniter.php(904): App\Controllers\BaseController->initController(Object(CodeIgniter\HTTP\IncomingRequest), Object(CodeIgniter\HTTP\Response), Object(CodeIgniter\Log\Logger))
 2 SYSTEMPATH\CodeIgniter.php(500): CodeIgniter\CodeIgniter->createController()
 3 SYSTEMPATH\CodeIgniter.php(355): CodeIgniter\CodeIgniter->handleRequest(null, Object(Config\Cache), false)
 4 SYSTEMPATH\Boot.php(312): CodeIgniter\CodeIgniter->run()
 5 SYSTEMPATH\Boot.php(67): CodeIgniter\Boot::runCodeIgniter(Object(CodeIgniter\CodeIgniter))
 6 FCPATH\index.php(56): CodeIgniter\Boot::bootWeb(Object(Config\Paths))
 7 SYSTEMPATH\Commands\Server\rewrite.php(49): require_once('C:\\xampp\\htdocs\\siput_umkm\\public\\index.php')
WARNING - 2024-08-03 13:32:06 --> [DEPRECATED] Creation of dynamic property App\Controllers\Home::$db is deprecated in APPPATH\Controllers\BaseController.php on line 57.
 1 SYSTEMPATH\CodeIgniter.php(904): App\Controllers\BaseController->initController(Object(CodeIgniter\HTTP\IncomingRequest), Object(CodeIgniter\HTTP\Response), Object(CodeIgniter\Log\Logger))
 2 SYSTEMPATH\CodeIgniter.php(500): CodeIgniter\CodeIgniter->createController()
 3 SYSTEMPATH\CodeIgniter.php(355): CodeIgniter\CodeIgniter->handleRequest(null, Object(Config\Cache), false)
 4 SYSTEMPATH\Boot.php(312): CodeIgniter\CodeIgniter->run()
 5 SYSTEMPATH\Boot.php(67): CodeIgniter\Boot::runCodeIgniter(Object(CodeIgniter\CodeIgniter))
 6 FCPATH\index.php(56): CodeIgniter\Boot::bootWeb(Object(Config\Paths))
 7 SYSTEMPATH\Commands\Server\rewrite.php(49): require_once('C:\\xampp\\htdocs\\siput_umkm\\public\\index.php')
WARNING - 2024-08-03 13:40:12 --> [DEPRECATED] Creation of dynamic property App\Controllers\Home::$db is deprecated in APPPATH\Controllers\BaseController.php on line 57.
 1 SYSTEMPATH\CodeIgniter.php(904): App\Controllers\BaseController->initController(Object(CodeIgniter\HTTP\IncomingRequest), Object(CodeIgniter\HTTP\Response), Object(CodeIgniter\Log\Logger))
 2 SYSTEMPATH\CodeIgniter.php(500): CodeIgniter\CodeIgniter->createController()
 3 SYSTEMPATH\CodeIgniter.php(355): CodeIgniter\CodeIgniter->handleRequest(null, Object(Config\Cache), false)
 4 SYSTEMPATH\Boot.php(312): CodeIgniter\CodeIgniter->run()
 5 SYSTEMPATH\Boot.php(67): CodeIgniter\Boot::runCodeIgniter(Object(CodeIgniter\CodeIgniter))
 6 FCPATH\index.php(56): CodeIgniter\Boot::bootWeb(Object(Config\Paths))
 7 SYSTEMPATH\Commands\Server\rewrite.php(49): require_once('C:\\xampp\\htdocs\\siput_umkm\\public\\index.php')
WARNING - 2024-08-03 13:40:42 --> [DEPRECATED] Creation of dynamic property App\Controllers\Home::$db is deprecated in APPPATH\Controllers\BaseController.php on line 57.
 1 SYSTEMPATH\CodeIgniter.php(904): App\Controllers\BaseController->initController(Object(CodeIgniter\HTTP\IncomingRequest), Object(CodeIgniter\HTTP\Response), Object(CodeIgniter\Log\Logger))
 2 SYSTEMPATH\CodeIgniter.php(500): CodeIgniter\CodeIgniter->createController()
 3 SYSTEMPATH\CodeIgniter.php(355): CodeIgniter\CodeIgniter->handleRequest(null, Object(Config\Cache), false)
 4 SYSTEMPATH\Boot.php(312): CodeIgniter\CodeIgniter->run()
 5 SYSTEMPATH\Boot.php(67): CodeIgniter\Boot::runCodeIgniter(Object(CodeIgniter\CodeIgniter))
 6 FCPATH\index.php(56): CodeIgniter\Boot::bootWeb(Object(Config\Paths))
 7 SYSTEMPATH\Commands\Server\rewrite.php(49): require_once('C:\\xampp\\htdocs\\siput_umkm\\public\\index.php')
WARNING - 2024-08-03 13:41:15 --> [DEPRECATED] Creation of dynamic property App\Controllers\Home::$db is deprecated in APPPATH\Controllers\BaseController.php on line 57.
 1 SYSTEMPATH\CodeIgniter.php(904): App\Controllers\BaseController->initController(Object(CodeIgniter\HTTP\IncomingRequest), Object(CodeIgniter\HTTP\Response), Object(CodeIgniter\Log\Logger))
 2 SYSTEMPATH\CodeIgniter.php(500): CodeIgniter\CodeIgniter->createController()
 3 SYSTEMPATH\CodeIgniter.php(355): CodeIgniter\CodeIgniter->handleRequest(null, Object(Config\Cache), false)
 4 SYSTEMPATH\Boot.php(312): CodeIgniter\CodeIgniter->run()
 5 SYSTEMPATH\Boot.php(67): CodeIgniter\Boot::runCodeIgniter(Object(CodeIgniter\CodeIgniter))
 6 FCPATH\index.php(56): CodeIgniter\Boot::bootWeb(Object(Config\Paths))
 7 SYSTEMPATH\Commands\Server\rewrite.php(49): require_once('C:\\xampp\\htdocs\\siput_umkm\\public\\index.php')
WARNING - 2024-08-03 13:42:39 --> [DEPRECATED] Creation of dynamic property App\Controllers\Home::$db is deprecated in APPPATH\Controllers\BaseController.php on line 57.
 1 SYSTEMPATH\CodeIgniter.php(904): App\Controllers\BaseController->initController(Object(CodeIgniter\HTTP\IncomingRequest), Object(CodeIgniter\HTTP\Response), Object(CodeIgniter\Log\Logger))
 2 SYSTEMPATH\CodeIgniter.php(500): CodeIgniter\CodeIgniter->createController()
 3 SYSTEMPATH\CodeIgniter.php(355): CodeIgniter\CodeIgniter->handleRequest(null, Object(Config\Cache), false)
 4 SYSTEMPATH\Boot.php(312): CodeIgniter\CodeIgniter->run()
 5 SYSTEMPATH\Boot.php(67): CodeIgniter\Boot::runCodeIgniter(Object(CodeIgniter\CodeIgniter))
 6 FCPATH\index.php(56): CodeIgniter\Boot::bootWeb(Object(Config\Paths))
 7 SYSTEMPATH\Commands\Server\rewrite.php(49): require_once('C:\\xampp\\htdocs\\siput_umkm\\public\\index.php')
WARNING - 2024-08-03 13:44:02 --> [DEPRECATED] Creation of dynamic property App\Controllers\Home::$db is deprecated in APPPATH\Controllers\BaseController.php on line 57.
 1 SYSTEMPATH\CodeIgniter.php(904): App\Controllers\BaseController->initController(Object(CodeIgniter\HTTP\IncomingRequest), Object(CodeIgniter\HTTP\Response), Object(CodeIgniter\Log\Logger))
 2 SYSTEMPATH\CodeIgniter.php(500): CodeIgniter\CodeIgniter->createController()
 3 SYSTEMPATH\CodeIgniter.php(355): CodeIgniter\CodeIgniter->handleRequest(null, Object(Config\Cache), false)
 4 SYSTEMPATH\Boot.php(312): CodeIgniter\CodeIgniter->run()
 5 SYSTEMPATH\Boot.php(67): CodeIgniter\Boot::runCodeIgniter(Object(CodeIgniter\CodeIgniter))
 6 FCPATH\index.php(56): CodeIgniter\Boot::bootWeb(Object(Config\Paths))
 7 SYSTEMPATH\Commands\Server\rewrite.php(49): require_once('C:\\xampp\\htdocs\\siput_umkm\\public\\index.php')
WARNING - 2024-08-03 13:46:32 --> [DEPRECATED] Creation of dynamic property App\Controllers\Home::$db is deprecated in APPPATH\Controllers\BaseController.php on line 57.
 1 SYSTEMPATH\CodeIgniter.php(904): App\Controllers\BaseController->initController(Object(CodeIgniter\HTTP\IncomingRequest), Object(CodeIgniter\HTTP\Response), Object(CodeIgniter\Log\Logger))
 2 SYSTEMPATH\CodeIgniter.php(500): CodeIgniter\CodeIgniter->createController()
 3 SYSTEMPATH\CodeIgniter.php(355): CodeIgniter\CodeIgniter->handleRequest(null, Object(Config\Cache), false)
 4 SYSTEMPATH\Boot.php(312): CodeIgniter\CodeIgniter->run()
 5 SYSTEMPATH\Boot.php(67): CodeIgniter\Boot::runCodeIgniter(Object(CodeIgniter\CodeIgniter))
 6 FCPATH\index.php(56): CodeIgniter\Boot::bootWeb(Object(Config\Paths))
 7 SYSTEMPATH\Commands\Server\rewrite.php(49): require_once('C:\\xampp\\htdocs\\siput_umkm\\public\\index.php')
WARNING - 2024-08-03 13:47:09 --> [DEPRECATED] Creation of dynamic property App\Controllers\Home::$db is deprecated in APPPATH\Controllers\BaseController.php on line 57.
 1 SYSTEMPATH\CodeIgniter.php(904): App\Controllers\BaseController->initController(Object(CodeIgniter\HTTP\IncomingRequest), Object(CodeIgniter\HTTP\Response), Object(CodeIgniter\Log\Logger))
 2 SYSTEMPATH\CodeIgniter.php(500): CodeIgniter\CodeIgniter->createController()
 3 SYSTEMPATH\CodeIgniter.php(355): CodeIgniter\CodeIgniter->handleRequest(null, Object(Config\Cache), false)
 4 SYSTEMPATH\Boot.php(312): CodeIgniter\CodeIgniter->run()
 5 SYSTEMPATH\Boot.php(67): CodeIgniter\Boot::runCodeIgniter(Object(CodeIgniter\CodeIgniter))
 6 FCPATH\index.php(56): CodeIgniter\Boot::bootWeb(Object(Config\Paths))
 7 SYSTEMPATH\Commands\Server\rewrite.php(49): require_once('C:\\xampp\\htdocs\\siput_umkm\\public\\index.php')
WARNING - 2024-08-03 13:47:34 --> [DEPRECATED] Creation of dynamic property App\Controllers\Home::$db is deprecated in APPPATH\Controllers\BaseController.php on line 57.
 1 SYSTEMPATH\CodeIgniter.php(904): App\Controllers\BaseController->initController(Object(CodeIgniter\HTTP\IncomingRequest), Object(CodeIgniter\HTTP\Response), Object(CodeIgniter\Log\Logger))
 2 SYSTEMPATH\CodeIgniter.php(500): CodeIgniter\CodeIgniter->createController()
 3 SYSTEMPATH\CodeIgniter.php(355): CodeIgniter\CodeIgniter->handleRequest(null, Object(Config\Cache), false)
 4 SYSTEMPATH\Boot.php(312): CodeIgniter\CodeIgniter->run()
 5 SYSTEMPATH\Boot.php(67): CodeIgniter\Boot::runCodeIgniter(Object(CodeIgniter\CodeIgniter))
 6 FCPATH\index.php(56): CodeIgniter\Boot::bootWeb(Object(Config\Paths))
 7 SYSTEMPATH\Commands\Server\rewrite.php(49): require_once('C:\\xampp\\htdocs\\siput_umkm\\public\\index.php')
WARNING - 2024-08-03 13:48:11 --> [DEPRECATED] Creation of dynamic property App\Controllers\Home::$db is deprecated in APPPATH\Controllers\BaseController.php on line 57.
 1 SYSTEMPATH\CodeIgniter.php(904): App\Controllers\BaseController->initController(Object(CodeIgniter\HTTP\IncomingRequest), Object(CodeIgniter\HTTP\Response), Object(CodeIgniter\Log\Logger))
 2 SYSTEMPATH\CodeIgniter.php(500): CodeIgniter\CodeIgniter->createController()
 3 SYSTEMPATH\CodeIgniter.php(355): CodeIgniter\CodeIgniter->handleRequest(null, Object(Config\Cache), false)
 4 SYSTEMPATH\Boot.php(312): CodeIgniter\CodeIgniter->run()
 5 SYSTEMPATH\Boot.php(67): CodeIgniter\Boot::runCodeIgniter(Object(CodeIgniter\CodeIgniter))
 6 FCPATH\index.php(56): CodeIgniter\Boot::bootWeb(Object(Config\Paths))
 7 SYSTEMPATH\Commands\Server\rewrite.php(49): require_once('C:\\xampp\\htdocs\\siput_umkm\\public\\index.php')
WARNING - 2024-08-03 13:50:37 --> [DEPRECATED] Creation of dynamic property App\Controllers\Home::$db is deprecated in APPPATH\Controllers\BaseController.php on line 57.
 1 SYSTEMPATH\CodeIgniter.php(904): App\Controllers\BaseController->initController(Object(CodeIgniter\HTTP\IncomingRequest), Object(CodeIgniter\HTTP\Response), Object(CodeIgniter\Log\Logger))
 2 SYSTEMPATH\CodeIgniter.php(500): CodeIgniter\CodeIgniter->createController()
 3 SYSTEMPATH\CodeIgniter.php(355): CodeIgniter\CodeIgniter->handleRequest(null, Object(Config\Cache), false)
 4 SYSTEMPATH\Boot.php(312): CodeIgniter\CodeIgniter->run()
 5 SYSTEMPATH\Boot.php(67): CodeIgniter\Boot::runCodeIgniter(Object(CodeIgniter\CodeIgniter))
 6 FCPATH\index.php(56): CodeIgniter\Boot::bootWeb(Object(Config\Paths))
 7 SYSTEMPATH\Commands\Server\rewrite.php(49): require_once('C:\\xampp\\htdocs\\siput_umkm\\public\\index.php')
WARNING - 2024-08-03 13:50:56 --> [DEPRECATED] Creation of dynamic property App\Controllers\Home::$db is deprecated in APPPATH\Controllers\BaseController.php on line 57.
 1 SYSTEMPATH\CodeIgniter.php(904): App\Controllers\BaseController->initController(Object(CodeIgniter\HTTP\IncomingRequest), Object(CodeIgniter\HTTP\Response), Object(CodeIgniter\Log\Logger))
 2 SYSTEMPATH\CodeIgniter.php(500): CodeIgniter\CodeIgniter->createController()
 3 SYSTEMPATH\CodeIgniter.php(355): CodeIgniter\CodeIgniter->handleRequest(null, Object(Config\Cache), false)
 4 SYSTEMPATH\Boot.php(312): CodeIgniter\CodeIgniter->run()
 5 SYSTEMPATH\Boot.php(67): CodeIgniter\Boot::runCodeIgniter(Object(CodeIgniter\CodeIgniter))
 6 FCPATH\index.php(56): CodeIgniter\Boot::bootWeb(Object(Config\Paths))
 7 SYSTEMPATH\Commands\Server\rewrite.php(49): require_once('C:\\xampp\\htdocs\\siput_umkm\\public\\index.php')
WARNING - 2024-08-03 13:51:57 --> [DEPRECATED] Creation of dynamic property App\Controllers\Home::$db is deprecated in APPPATH\Controllers\BaseController.php on line 57.
 1 SYSTEMPATH\CodeIgniter.php(904): App\Controllers\BaseController->initController(Object(CodeIgniter\HTTP\IncomingRequest), Object(CodeIgniter\HTTP\Response), Object(CodeIgniter\Log\Logger))
 2 SYSTEMPATH\CodeIgniter.php(500): CodeIgniter\CodeIgniter->createController()
 3 SYSTEMPATH\CodeIgniter.php(355): CodeIgniter\CodeIgniter->handleRequest(null, Object(Config\Cache), false)
 4 SYSTEMPATH\Boot.php(312): CodeIgniter\CodeIgniter->run()
 5 SYSTEMPATH\Boot.php(67): CodeIgniter\Boot::runCodeIgniter(Object(CodeIgniter\CodeIgniter))
 6 FCPATH\index.php(56): CodeIgniter\Boot::bootWeb(Object(Config\Paths))
 7 SYSTEMPATH\Commands\Server\rewrite.php(49): require_once('C:\\xampp\\htdocs\\siput_umkm\\public\\index.php')
WARNING - 2024-08-03 13:52:56 --> [DEPRECATED] Creation of dynamic property App\Controllers\Home::$db is deprecated in APPPATH\Controllers\BaseController.php on line 57.
 1 SYSTEMPATH\CodeIgniter.php(904): App\Controllers\BaseController->initController(Object(CodeIgniter\HTTP\IncomingRequest), Object(CodeIgniter\HTTP\Response), Object(CodeIgniter\Log\Logger))
 2 SYSTEMPATH\CodeIgniter.php(500): CodeIgniter\CodeIgniter->createController()
 3 SYSTEMPATH\CodeIgniter.php(355): CodeIgniter\CodeIgniter->handleRequest(null, Object(Config\Cache), false)
 4 SYSTEMPATH\Boot.php(312): CodeIgniter\CodeIgniter->run()
 5 SYSTEMPATH\Boot.php(67): CodeIgniter\Boot::runCodeIgniter(Object(CodeIgniter\CodeIgniter))
 6 FCPATH\index.php(56): CodeIgniter\Boot::bootWeb(Object(Config\Paths))
 7 SYSTEMPATH\Commands\Server\rewrite.php(49): require_once('C:\\xampp\\htdocs\\siput_umkm\\public\\index.php')
WARNING - 2024-08-03 14:10:59 --> [DEPRECATED] Creation of dynamic property App\Controllers\Home::$db is deprecated in APPPATH\Controllers\BaseController.php on line 57.
 1 SYSTEMPATH\CodeIgniter.php(904): App\Controllers\BaseController->initController(Object(CodeIgniter\HTTP\IncomingRequest), Object(CodeIgniter\HTTP\Response), Object(CodeIgniter\Log\Logger))
 2 SYSTEMPATH\CodeIgniter.php(500): CodeIgniter\CodeIgniter->createController()
 3 SYSTEMPATH\CodeIgniter.php(355): CodeIgniter\CodeIgniter->handleRequest(null, Object(Config\Cache), false)
 4 SYSTEMPATH\Boot.php(312): CodeIgniter\CodeIgniter->run()
 5 SYSTEMPATH\Boot.php(67): CodeIgniter\Boot::runCodeIgniter(Object(CodeIgniter\CodeIgniter))
 6 FCPATH\index.php(56): CodeIgniter\Boot::bootWeb(Object(Config\Paths))
 7 SYSTEMPATH\Commands\Server\rewrite.php(49): require_once('C:\\xampp\\htdocs\\siput_umkm\\public\\index.php')
WARNING - 2024-08-03 14:16:00 --> [DEPRECATED] Creation of dynamic property App\Controllers\Home::$db is deprecated in APPPATH\Controllers\BaseController.php on line 57.
 1 SYSTEMPATH\CodeIgniter.php(904): App\Controllers\BaseController->initController(Object(CodeIgniter\HTTP\IncomingRequest), Object(CodeIgniter\HTTP\Response), Object(CodeIgniter\Log\Logger))
 2 SYSTEMPATH\CodeIgniter.php(500): CodeIgniter\CodeIgniter->createController()
 3 SYSTEMPATH\CodeIgniter.php(355): CodeIgniter\CodeIgniter->handleRequest(null, Object(Config\Cache), false)
 4 SYSTEMPATH\Boot.php(312): CodeIgniter\CodeIgniter->run()
 5 SYSTEMPATH\Boot.php(67): CodeIgniter\Boot::runCodeIgniter(Object(CodeIgniter\CodeIgniter))
 6 FCPATH\index.php(56): CodeIgniter\Boot::bootWeb(Object(Config\Paths))
 7 SYSTEMPATH\Commands\Server\rewrite.php(49): require_once('C:\\xampp\\htdocs\\siput_umkm\\public\\index.php')
WARNING - 2024-08-03 14:16:58 --> [DEPRECATED] Creation of dynamic property App\Controllers\Home::$db is deprecated in APPPATH\Controllers\BaseController.php on line 57.
 1 SYSTEMPATH\CodeIgniter.php(904): App\Controllers\BaseController->initController(Object(CodeIgniter\HTTP\IncomingRequest), Object(CodeIgniter\HTTP\Response), Object(CodeIgniter\Log\Logger))
 2 SYSTEMPATH\CodeIgniter.php(500): CodeIgniter\CodeIgniter->createController()
 3 SYSTEMPATH\CodeIgniter.php(355): CodeIgniter\CodeIgniter->handleRequest(null, Object(Config\Cache), false)
 4 SYSTEMPATH\Boot.php(312): CodeIgniter\CodeIgniter->run()
 5 SYSTEMPATH\Boot.php(67): CodeIgniter\Boot::runCodeIgniter(Object(CodeIgniter\CodeIgniter))
 6 FCPATH\index.php(56): CodeIgniter\Boot::bootWeb(Object(Config\Paths))
 7 SYSTEMPATH\Commands\Server\rewrite.php(49): require_once('C:\\xampp\\htdocs\\siput_umkm\\public\\index.php')
WARNING - 2024-08-03 14:17:10 --> [DEPRECATED] Creation of dynamic property App\Controllers\Home::$db is deprecated in APPPATH\Controllers\BaseController.php on line 57.
 1 SYSTEMPATH\CodeIgniter.php(904): App\Controllers\BaseController->initController(Object(CodeIgniter\HTTP\IncomingRequest), Object(CodeIgniter\HTTP\Response), Object(CodeIgniter\Log\Logger))
 2 SYSTEMPATH\CodeIgniter.php(500): CodeIgniter\CodeIgniter->createController()
 3 SYSTEMPATH\CodeIgniter.php(355): CodeIgniter\CodeIgniter->handleRequest(null, Object(Config\Cache), false)
 4 SYSTEMPATH\Boot.php(312): CodeIgniter\CodeIgniter->run()
 5 SYSTEMPATH\Boot.php(67): CodeIgniter\Boot::runCodeIgniter(Object(CodeIgniter\CodeIgniter))
 6 FCPATH\index.php(56): CodeIgniter\Boot::bootWeb(Object(Config\Paths))
 7 SYSTEMPATH\Commands\Server\rewrite.php(49): require_once('C:\\xampp\\htdocs\\siput_umkm\\public\\index.php')
WARNING - 2024-08-03 14:18:43 --> [DEPRECATED] Creation of dynamic property App\Controllers\Home::$db is deprecated in APPPATH\Controllers\BaseController.php on line 57.
 1 SYSTEMPATH\CodeIgniter.php(904): App\Controllers\BaseController->initController(Object(CodeIgniter\HTTP\IncomingRequest), Object(CodeIgniter\HTTP\Response), Object(CodeIgniter\Log\Logger))
 2 SYSTEMPATH\CodeIgniter.php(500): CodeIgniter\CodeIgniter->createController()
 3 SYSTEMPATH\CodeIgniter.php(355): CodeIgniter\CodeIgniter->handleRequest(null, Object(Config\Cache), false)
 4 SYSTEMPATH\Boot.php(312): CodeIgniter\CodeIgniter->run()
 5 SYSTEMPATH\Boot.php(67): CodeIgniter\Boot::runCodeIgniter(Object(CodeIgniter\CodeIgniter))
 6 FCPATH\index.php(56): CodeIgniter\Boot::bootWeb(Object(Config\Paths))
 7 SYSTEMPATH\Commands\Server\rewrite.php(49): require_once('C:\\xampp\\htdocs\\siput_umkm\\public\\index.php')
WARNING - 2024-08-03 14:20:46 --> [DEPRECATED] Creation of dynamic property App\Controllers\Home::$db is deprecated in APPPATH\Controllers\BaseController.php on line 57.
 1 SYSTEMPATH\CodeIgniter.php(904): App\Controllers\BaseController->initController(Object(CodeIgniter\HTTP\IncomingRequest), Object(CodeIgniter\HTTP\Response), Object(CodeIgniter\Log\Logger))
 2 SYSTEMPATH\CodeIgniter.php(500): CodeIgniter\CodeIgniter->createController()
 3 SYSTEMPATH\CodeIgniter.php(355): CodeIgniter\CodeIgniter->handleRequest(null, Object(Config\Cache), false)
 4 SYSTEMPATH\Boot.php(312): CodeIgniter\CodeIgniter->run()
 5 SYSTEMPATH\Boot.php(67): CodeIgniter\Boot::runCodeIgniter(Object(CodeIgniter\CodeIgniter))
 6 FCPATH\index.php(56): CodeIgniter\Boot::bootWeb(Object(Config\Paths))
 7 SYSTEMPATH\Commands\Server\rewrite.php(49): require_once('C:\\xampp\\htdocs\\siput_umkm\\public\\index.php')
WARNING - 2024-08-03 14:21:22 --> [DEPRECATED] Creation of dynamic property App\Controllers\Home::$db is deprecated in APPPATH\Controllers\BaseController.php on line 57.
 1 SYSTEMPATH\CodeIgniter.php(904): App\Controllers\BaseController->initController(Object(CodeIgniter\HTTP\IncomingRequest), Object(CodeIgniter\HTTP\Response), Object(CodeIgniter\Log\Logger))
 2 SYSTEMPATH\CodeIgniter.php(500): CodeIgniter\CodeIgniter->createController()
 3 SYSTEMPATH\CodeIgniter.php(355): CodeIgniter\CodeIgniter->handleRequest(null, Object(Config\Cache), false)
 4 SYSTEMPATH\Boot.php(312): CodeIgniter\CodeIgniter->run()
 5 SYSTEMPATH\Boot.php(67): CodeIgniter\Boot::runCodeIgniter(Object(CodeIgniter\CodeIgniter))
 6 FCPATH\index.php(56): CodeIgniter\Boot::bootWeb(Object(Config\Paths))
 7 SYSTEMPATH\Commands\Server\rewrite.php(49): require_once('C:\\xampp\\htdocs\\siput_umkm\\public\\index.php')
WARNING - 2024-08-03 14:26:12 --> [DEPRECATED] Creation of dynamic property App\Controllers\Home::$db is deprecated in APPPATH\Controllers\BaseController.php on line 57.
 1 SYSTEMPATH\CodeIgniter.php(904): App\Controllers\BaseController->initController(Object(CodeIgniter\HTTP\IncomingRequest), Object(CodeIgniter\HTTP\Response), Object(CodeIgniter\Log\Logger))
 2 SYSTEMPATH\CodeIgniter.php(500): CodeIgniter\CodeIgniter->createController()
 3 SYSTEMPATH\CodeIgniter.php(355): CodeIgniter\CodeIgniter->handleRequest(null, Object(Config\Cache), false)
 4 SYSTEMPATH\Boot.php(312): CodeIgniter\CodeIgniter->run()
 5 SYSTEMPATH\Boot.php(67): CodeIgniter\Boot::runCodeIgniter(Object(CodeIgniter\CodeIgniter))
 6 FCPATH\index.php(56): CodeIgniter\Boot::bootWeb(Object(Config\Paths))
 7 SYSTEMPATH\Commands\Server\rewrite.php(49): require_once('C:\\xampp\\htdocs\\siput_umkm\\public\\index.php')
WARNING - 2024-08-03 14:26:49 --> [DEPRECATED] Creation of dynamic property App\Controllers\Home::$db is deprecated in APPPATH\Controllers\BaseController.php on line 57.
 1 SYSTEMPATH\CodeIgniter.php(904): App\Controllers\BaseController->initController(Object(CodeIgniter\HTTP\IncomingRequest), Object(CodeIgniter\HTTP\Response), Object(CodeIgniter\Log\Logger))
 2 SYSTEMPATH\CodeIgniter.php(500): CodeIgniter\CodeIgniter->createController()
 3 SYSTEMPATH\CodeIgniter.php(355): CodeIgniter\CodeIgniter->handleRequest(null, Object(Config\Cache), false)
 4 SYSTEMPATH\Boot.php(312): CodeIgniter\CodeIgniter->run()
 5 SYSTEMPATH\Boot.php(67): CodeIgniter\Boot::runCodeIgniter(Object(CodeIgniter\CodeIgniter))
 6 FCPATH\index.php(56): CodeIgniter\Boot::bootWeb(Object(Config\Paths))
 7 SYSTEMPATH\Commands\Server\rewrite.php(49): require_once('C:\\xampp\\htdocs\\siput_umkm\\public\\index.php')
WARNING - 2024-08-03 14:28:11 --> [DEPRECATED] Creation of dynamic property App\Controllers\Home::$db is deprecated in APPPATH\Controllers\BaseController.php on line 57.
 1 SYSTEMPATH\CodeIgniter.php(904): App\Controllers\BaseController->initController(Object(CodeIgniter\HTTP\IncomingRequest), Object(CodeIgniter\HTTP\Response), Object(CodeIgniter\Log\Logger))
 2 SYSTEMPATH\CodeIgniter.php(500): CodeIgniter\CodeIgniter->createController()
 3 SYSTEMPATH\CodeIgniter.php(355): CodeIgniter\CodeIgniter->handleRequest(null, Object(Config\Cache), false)
 4 SYSTEMPATH\Boot.php(312): CodeIgniter\CodeIgniter->run()
 5 SYSTEMPATH\Boot.php(67): CodeIgniter\Boot::runCodeIgniter(Object(CodeIgniter\CodeIgniter))
 6 FCPATH\index.php(56): CodeIgniter\Boot::bootWeb(Object(Config\Paths))
 7 SYSTEMPATH\Commands\Server\rewrite.php(49): require_once('C:\\xampp\\htdocs\\siput_umkm\\public\\index.php')
WARNING - 2024-08-03 14:35:59 --> [DEPRECATED] Creation of dynamic property App\Controllers\Home::$db is deprecated in APPPATH\Controllers\BaseController.php on line 57.
 1 SYSTEMPATH\CodeIgniter.php(904): App\Controllers\BaseController->initController(Object(CodeIgniter\HTTP\IncomingRequest), Object(CodeIgniter\HTTP\Response), Object(CodeIgniter\Log\Logger))
 2 SYSTEMPATH\CodeIgniter.php(500): CodeIgniter\CodeIgniter->createController()
 3 SYSTEMPATH\CodeIgniter.php(355): CodeIgniter\CodeIgniter->handleRequest(null, Object(Config\Cache), false)
 4 SYSTEMPATH\Boot.php(312): CodeIgniter\CodeIgniter->run()
 5 SYSTEMPATH\Boot.php(67): CodeIgniter\Boot::runCodeIgniter(Object(CodeIgniter\CodeIgniter))
 6 FCPATH\index.php(56): CodeIgniter\Boot::bootWeb(Object(Config\Paths))
 7 SYSTEMPATH\Commands\Server\rewrite.php(49): require_once('C:\\xampp\\htdocs\\siput_umkm\\public\\index.php')
WARNING - 2024-08-03 14:36:44 --> [DEPRECATED] Creation of dynamic property App\Controllers\Home::$db is deprecated in APPPATH\Controllers\BaseController.php on line 57.
 1 SYSTEMPATH\CodeIgniter.php(904): App\Controllers\BaseController->initController(Object(CodeIgniter\HTTP\IncomingRequest), Object(CodeIgniter\HTTP\Response), Object(CodeIgniter\Log\Logger))
 2 SYSTEMPATH\CodeIgniter.php(500): CodeIgniter\CodeIgniter->createController()
 3 SYSTEMPATH\CodeIgniter.php(355): CodeIgniter\CodeIgniter->handleRequest(null, Object(Config\Cache), false)
 4 SYSTEMPATH\Boot.php(312): CodeIgniter\CodeIgniter->run()
 5 SYSTEMPATH\Boot.php(67): CodeIgniter\Boot::runCodeIgniter(Object(CodeIgniter\CodeIgniter))
 6 FCPATH\index.php(56): CodeIgniter\Boot::bootWeb(Object(Config\Paths))
 7 SYSTEMPATH\Commands\Server\rewrite.php(49): require_once('C:\\xampp\\htdocs\\siput_umkm\\public\\index.php')
WARNING - 2024-08-03 14:37:26 --> [DEPRECATED] Creation of dynamic property App\Controllers\Home::$db is deprecated in APPPATH\Controllers\BaseController.php on line 57.
 1 SYSTEMPATH\CodeIgniter.php(904): App\Controllers\BaseController->initController(Object(CodeIgniter\HTTP\IncomingRequest), Object(CodeIgniter\HTTP\Response), Object(CodeIgniter\Log\Logger))
 2 SYSTEMPATH\CodeIgniter.php(500): CodeIgniter\CodeIgniter->createController()
 3 SYSTEMPATH\CodeIgniter.php(355): CodeIgniter\CodeIgniter->handleRequest(null, Object(Config\Cache), false)
 4 SYSTEMPATH\Boot.php(312): CodeIgniter\CodeIgniter->run()
 5 SYSTEMPATH\Boot.php(67): CodeIgniter\Boot::runCodeIgniter(Object(CodeIgniter\CodeIgniter))
 6 FCPATH\index.php(56): CodeIgniter\Boot::bootWeb(Object(Config\Paths))
 7 SYSTEMPATH\Commands\Server\rewrite.php(49): require_once('C:\\xampp\\htdocs\\siput_umkm\\public\\index.php')
WARNING - 2024-08-03 14:38:33 --> [DEPRECATED] Creation of dynamic property App\Controllers\Home::$db is deprecated in APPPATH\Controllers\BaseController.php on line 57.
 1 SYSTEMPATH\CodeIgniter.php(904): App\Controllers\BaseController->initController(Object(CodeIgniter\HTTP\IncomingRequest), Object(CodeIgniter\HTTP\Response), Object(CodeIgniter\Log\Logger))
 2 SYSTEMPATH\CodeIgniter.php(500): CodeIgniter\CodeIgniter->createController()
 3 SYSTEMPATH\CodeIgniter.php(355): CodeIgniter\CodeIgniter->handleRequest(null, Object(Config\Cache), false)
 4 SYSTEMPATH\Boot.php(312): CodeIgniter\CodeIgniter->run()
 5 SYSTEMPATH\Boot.php(67): CodeIgniter\Boot::runCodeIgniter(Object(CodeIgniter\CodeIgniter))
 6 FCPATH\index.php(56): CodeIgniter\Boot::bootWeb(Object(Config\Paths))
 7 SYSTEMPATH\Commands\Server\rewrite.php(49): require_once('C:\\xampp\\htdocs\\siput_umkm\\public\\index.php')
WARNING - 2024-08-03 14:39:26 --> [DEPRECATED] Creation of dynamic property App\Controllers\Home::$db is deprecated in APPPATH\Controllers\BaseController.php on line 57.
 1 SYSTEMPATH\CodeIgniter.php(904): App\Controllers\BaseController->initController(Object(CodeIgniter\HTTP\IncomingRequest), Object(CodeIgniter\HTTP\Response), Object(CodeIgniter\Log\Logger))
 2 SYSTEMPATH\CodeIgniter.php(500): CodeIgniter\CodeIgniter->createController()
 3 SYSTEMPATH\CodeIgniter.php(355): CodeIgniter\CodeIgniter->handleRequest(null, Object(Config\Cache), false)
 4 SYSTEMPATH\Boot.php(312): CodeIgniter\CodeIgniter->run()
 5 SYSTEMPATH\Boot.php(67): CodeIgniter\Boot::runCodeIgniter(Object(CodeIgniter\CodeIgniter))
 6 FCPATH\index.php(56): CodeIgniter\Boot::bootWeb(Object(Config\Paths))
 7 SYSTEMPATH\Commands\Server\rewrite.php(49): require_once('C:\\xampp\\htdocs\\siput_umkm\\public\\index.php')
WARNING - 2024-08-03 14:41:15 --> [DEPRECATED] Creation of dynamic property App\Controllers\Home::$db is deprecated in APPPATH\Controllers\BaseController.php on line 57.
 1 SYSTEMPATH\CodeIgniter.php(904): App\Controllers\BaseController->initController(Object(CodeIgniter\HTTP\IncomingRequest), Object(CodeIgniter\HTTP\Response), Object(CodeIgniter\Log\Logger))
 2 SYSTEMPATH\CodeIgniter.php(500): CodeIgniter\CodeIgniter->createController()
 3 SYSTEMPATH\CodeIgniter.php(355): CodeIgniter\CodeIgniter->handleRequest(null, Object(Config\Cache), false)
 4 SYSTEMPATH\Boot.php(312): CodeIgniter\CodeIgniter->run()
 5 SYSTEMPATH\Boot.php(67): CodeIgniter\Boot::runCodeIgniter(Object(CodeIgniter\CodeIgniter))
 6 FCPATH\index.php(56): CodeIgniter\Boot::bootWeb(Object(Config\Paths))
 7 SYSTEMPATH\Commands\Server\rewrite.php(49): require_once('C:\\xampp\\htdocs\\siput_umkm\\public\\index.php')
WARNING - 2024-08-03 14:41:57 --> [DEPRECATED] Creation of dynamic property App\Controllers\Home::$db is deprecated in APPPATH\Controllers\BaseController.php on line 57.
 1 SYSTEMPATH\CodeIgniter.php(904): App\Controllers\BaseController->initController(Object(CodeIgniter\HTTP\IncomingRequest), Object(CodeIgniter\HTTP\Response), Object(CodeIgniter\Log\Logger))
 2 SYSTEMPATH\CodeIgniter.php(500): CodeIgniter\CodeIgniter->createController()
 3 SYSTEMPATH\CodeIgniter.php(355): CodeIgniter\CodeIgniter->handleRequest(null, Object(Config\Cache), false)
 4 SYSTEMPATH\Boot.php(312): CodeIgniter\CodeIgniter->run()
 5 SYSTEMPATH\Boot.php(67): CodeIgniter\Boot::runCodeIgniter(Object(CodeIgniter\CodeIgniter))
 6 FCPATH\index.php(56): CodeIgniter\Boot::bootWeb(Object(Config\Paths))
 7 SYSTEMPATH\Commands\Server\rewrite.php(49): require_once('C:\\xampp\\htdocs\\siput_umkm\\public\\index.php')
WARNING - 2024-08-03 14:43:03 --> [DEPRECATED] Creation of dynamic property App\Controllers\Home::$db is deprecated in APPPATH\Controllers\BaseController.php on line 57.
 1 SYSTEMPATH\CodeIgniter.php(904): App\Controllers\BaseController->initController(Object(CodeIgniter\HTTP\IncomingRequest), Object(CodeIgniter\HTTP\Response), Object(CodeIgniter\Log\Logger))
 2 SYSTEMPATH\CodeIgniter.php(500): CodeIgniter\CodeIgniter->createController()
 3 SYSTEMPATH\CodeIgniter.php(355): CodeIgniter\CodeIgniter->handleRequest(null, Object(Config\Cache), false)
 4 SYSTEMPATH\Boot.php(312): CodeIgniter\CodeIgniter->run()
 5 SYSTEMPATH\Boot.php(67): CodeIgniter\Boot::runCodeIgniter(Object(CodeIgniter\CodeIgniter))
 6 FCPATH\index.php(56): CodeIgniter\Boot::bootWeb(Object(Config\Paths))
 7 SYSTEMPATH\Commands\Server\rewrite.php(49): require_once('C:\\xampp\\htdocs\\siput_umkm\\public\\index.php')
WARNING - 2024-08-03 14:44:09 --> [DEPRECATED] Creation of dynamic property App\Controllers\Home::$db is deprecated in APPPATH\Controllers\BaseController.php on line 57.
 1 SYSTEMPATH\CodeIgniter.php(904): App\Controllers\BaseController->initController(Object(CodeIgniter\HTTP\IncomingRequest), Object(CodeIgniter\HTTP\Response), Object(CodeIgniter\Log\Logger))
 2 SYSTEMPATH\CodeIgniter.php(500): CodeIgniter\CodeIgniter->createController()
 3 SYSTEMPATH\CodeIgniter.php(355): CodeIgniter\CodeIgniter->handleRequest(null, Object(Config\Cache), false)
 4 SYSTEMPATH\Boot.php(312): CodeIgniter\CodeIgniter->run()
 5 SYSTEMPATH\Boot.php(67): CodeIgniter\Boot::runCodeIgniter(Object(CodeIgniter\CodeIgniter))
 6 FCPATH\index.php(56): CodeIgniter\Boot::bootWeb(Object(Config\Paths))
 7 SYSTEMPATH\Commands\Server\rewrite.php(49): require_once('C:\\xampp\\htdocs\\siput_umkm\\public\\index.php')
WARNING - 2024-08-03 14:46:24 --> [DEPRECATED] Creation of dynamic property App\Controllers\Home::$db is deprecated in APPPATH\Controllers\BaseController.php on line 57.
 1 SYSTEMPATH\CodeIgniter.php(904): App\Controllers\BaseController->initController(Object(CodeIgniter\HTTP\IncomingRequest), Object(CodeIgniter\HTTP\Response), Object(CodeIgniter\Log\Logger))
 2 SYSTEMPATH\CodeIgniter.php(500): CodeIgniter\CodeIgniter->createController()
 3 SYSTEMPATH\CodeIgniter.php(355): CodeIgniter\CodeIgniter->handleRequest(null, Object(Config\Cache), false)
 4 SYSTEMPATH\Boot.php(312): CodeIgniter\CodeIgniter->run()
 5 SYSTEMPATH\Boot.php(67): CodeIgniter\Boot::runCodeIgniter(Object(CodeIgniter\CodeIgniter))
 6 FCPATH\index.php(56): CodeIgniter\Boot::bootWeb(Object(Config\Paths))
 7 SYSTEMPATH\Commands\Server\rewrite.php(49): require_once('C:\\xampp\\htdocs\\siput_umkm\\public\\index.php')
WARNING - 2024-08-03 14:48:45 --> [DEPRECATED] Creation of dynamic property App\Controllers\Home::$db is deprecated in APPPATH\Controllers\BaseController.php on line 57.
 1 SYSTEMPATH\CodeIgniter.php(904): App\Controllers\BaseController->initController(Object(CodeIgniter\HTTP\IncomingRequest), Object(CodeIgniter\HTTP\Response), Object(CodeIgniter\Log\Logger))
 2 SYSTEMPATH\CodeIgniter.php(500): CodeIgniter\CodeIgniter->createController()
 3 SYSTEMPATH\CodeIgniter.php(355): CodeIgniter\CodeIgniter->handleRequest(null, Object(Config\Cache), false)
 4 SYSTEMPATH\Boot.php(312): CodeIgniter\CodeIgniter->run()
 5 SYSTEMPATH\Boot.php(67): CodeIgniter\Boot::runCodeIgniter(Object(CodeIgniter\CodeIgniter))
 6 FCPATH\index.php(56): CodeIgniter\Boot::bootWeb(Object(Config\Paths))
 7 SYSTEMPATH\Commands\Server\rewrite.php(49): require_once('C:\\xampp\\htdocs\\siput_umkm\\public\\index.php')
WARNING - 2024-08-03 14:49:21 --> [DEPRECATED] Creation of dynamic property App\Controllers\Home::$db is deprecated in APPPATH\Controllers\BaseController.php on line 57.
 1 SYSTEMPATH\CodeIgniter.php(904): App\Controllers\BaseController->initController(Object(CodeIgniter\HTTP\IncomingRequest), Object(CodeIgniter\HTTP\Response), Object(CodeIgniter\Log\Logger))
 2 SYSTEMPATH\CodeIgniter.php(500): CodeIgniter\CodeIgniter->createController()
 3 SYSTEMPATH\CodeIgniter.php(355): CodeIgniter\CodeIgniter->handleRequest(null, Object(Config\Cache), false)
 4 SYSTEMPATH\Boot.php(312): CodeIgniter\CodeIgniter->run()
 5 SYSTEMPATH\Boot.php(67): CodeIgniter\Boot::runCodeIgniter(Object(CodeIgniter\CodeIgniter))
 6 FCPATH\index.php(56): CodeIgniter\Boot::bootWeb(Object(Config\Paths))
 7 SYSTEMPATH\Commands\Server\rewrite.php(49): require_once('C:\\xampp\\htdocs\\siput_umkm\\public\\index.php')
WARNING - 2024-08-03 14:53:02 --> [DEPRECATED] Creation of dynamic property App\Controllers\Home::$db is deprecated in APPPATH\Controllers\BaseController.php on line 57.
 1 SYSTEMPATH\CodeIgniter.php(904): App\Controllers\BaseController->initController(Object(CodeIgniter\HTTP\IncomingRequest), Object(CodeIgniter\HTTP\Response), Object(CodeIgniter\Log\Logger))
 2 SYSTEMPATH\CodeIgniter.php(500): CodeIgniter\CodeIgniter->createController()
 3 SYSTEMPATH\CodeIgniter.php(355): CodeIgniter\CodeIgniter->handleRequest(null, Object(Config\Cache), false)
 4 SYSTEMPATH\Boot.php(312): CodeIgniter\CodeIgniter->run()
 5 SYSTEMPATH\Boot.php(67): CodeIgniter\Boot::runCodeIgniter(Object(CodeIgniter\CodeIgniter))
 6 FCPATH\index.php(56): CodeIgniter\Boot::bootWeb(Object(Config\Paths))
 7 SYSTEMPATH\Commands\Server\rewrite.php(49): require_once('C:\\xampp\\htdocs\\siput_umkm\\public\\index.php')
WARNING - 2024-08-03 14:53:31 --> [DEPRECATED] Creation of dynamic property App\Controllers\Home::$db is deprecated in APPPATH\Controllers\BaseController.php on line 57.
 1 SYSTEMPATH\CodeIgniter.php(904): App\Controllers\BaseController->initController(Object(CodeIgniter\HTTP\IncomingRequest), Object(CodeIgniter\HTTP\Response), Object(CodeIgniter\Log\Logger))
 2 SYSTEMPATH\CodeIgniter.php(500): CodeIgniter\CodeIgniter->createController()
 3 SYSTEMPATH\CodeIgniter.php(355): CodeIgniter\CodeIgniter->handleRequest(null, Object(Config\Cache), false)
 4 SYSTEMPATH\Boot.php(312): CodeIgniter\CodeIgniter->run()
 5 SYSTEMPATH\Boot.php(67): CodeIgniter\Boot::runCodeIgniter(Object(CodeIgniter\CodeIgniter))
 6 FCPATH\index.php(56): CodeIgniter\Boot::bootWeb(Object(Config\Paths))
 7 SYSTEMPATH\Commands\Server\rewrite.php(49): require_once('C:\\xampp\\htdocs\\siput_umkm\\public\\index.php')
WARNING - 2024-08-03 14:54:10 --> [DEPRECATED] Creation of dynamic property App\Controllers\Home::$db is deprecated in APPPATH\Controllers\BaseController.php on line 57.
 1 SYSTEMPATH\CodeIgniter.php(904): App\Controllers\BaseController->initController(Object(CodeIgniter\HTTP\IncomingRequest), Object(CodeIgniter\HTTP\Response), Object(CodeIgniter\Log\Logger))
 2 SYSTEMPATH\CodeIgniter.php(500): CodeIgniter\CodeIgniter->createController()
 3 SYSTEMPATH\CodeIgniter.php(355): CodeIgniter\CodeIgniter->handleRequest(null, Object(Config\Cache), false)
 4 SYSTEMPATH\Boot.php(312): CodeIgniter\CodeIgniter->run()
 5 SYSTEMPATH\Boot.php(67): CodeIgniter\Boot::runCodeIgniter(Object(CodeIgniter\CodeIgniter))
 6 FCPATH\index.php(56): CodeIgniter\Boot::bootWeb(Object(Config\Paths))
 7 SYSTEMPATH\Commands\Server\rewrite.php(49): require_once('C:\\xampp\\htdocs\\siput_umkm\\public\\index.php')
WARNING - 2024-08-03 14:54:34 --> [DEPRECATED] Creation of dynamic property App\Controllers\Home::$db is deprecated in APPPATH\Controllers\BaseController.php on line 57.
 1 SYSTEMPATH\CodeIgniter.php(904): App\Controllers\BaseController->initController(Object(CodeIgniter\HTTP\IncomingRequest), Object(CodeIgniter\HTTP\Response), Object(CodeIgniter\Log\Logger))
 2 SYSTEMPATH\CodeIgniter.php(500): CodeIgniter\CodeIgniter->createController()
 3 SYSTEMPATH\CodeIgniter.php(355): CodeIgniter\CodeIgniter->handleRequest(null, Object(Config\Cache), false)
 4 SYSTEMPATH\Boot.php(312): CodeIgniter\CodeIgniter->run()
 5 SYSTEMPATH\Boot.php(67): CodeIgniter\Boot::runCodeIgniter(Object(CodeIgniter\CodeIgniter))
 6 FCPATH\index.php(56): CodeIgniter\Boot::bootWeb(Object(Config\Paths))
 7 SYSTEMPATH\Commands\Server\rewrite.php(49): require_once('C:\\xampp\\htdocs\\siput_umkm\\public\\index.php')
WARNING - 2024-08-03 14:55:40 --> [DEPRECATED] Creation of dynamic property App\Controllers\Home::$db is deprecated in APPPATH\Controllers\BaseController.php on line 57.
 1 SYSTEMPATH\CodeIgniter.php(904): App\Controllers\BaseController->initController(Object(CodeIgniter\HTTP\IncomingRequest), Object(CodeIgniter\HTTP\Response), Object(CodeIgniter\Log\Logger))
 2 SYSTEMPATH\CodeIgniter.php(500): CodeIgniter\CodeIgniter->createController()
 3 SYSTEMPATH\CodeIgniter.php(355): CodeIgniter\CodeIgniter->handleRequest(null, Object(Config\Cache), false)
 4 SYSTEMPATH\Boot.php(312): CodeIgniter\CodeIgniter->run()
 5 SYSTEMPATH\Boot.php(67): CodeIgniter\Boot::runCodeIgniter(Object(CodeIgniter\CodeIgniter))
 6 FCPATH\index.php(56): CodeIgniter\Boot::bootWeb(Object(Config\Paths))
 7 SYSTEMPATH\Commands\Server\rewrite.php(49): require_once('C:\\xampp\\htdocs\\siput_umkm\\public\\index.php')
WARNING - 2024-08-03 14:56:03 --> [DEPRECATED] Creation of dynamic property App\Controllers\Home::$db is deprecated in APPPATH\Controllers\BaseController.php on line 57.
 1 SYSTEMPATH\CodeIgniter.php(904): App\Controllers\BaseController->initController(Object(CodeIgniter\HTTP\IncomingRequest), Object(CodeIgniter\HTTP\Response), Object(CodeIgniter\Log\Logger))
 2 SYSTEMPATH\CodeIgniter.php(500): CodeIgniter\CodeIgniter->createController()
 3 SYSTEMPATH\CodeIgniter.php(355): CodeIgniter\CodeIgniter->handleRequest(null, Object(Config\Cache), false)
 4 SYSTEMPATH\Boot.php(312): CodeIgniter\CodeIgniter->run()
 5 SYSTEMPATH\Boot.php(67): CodeIgniter\Boot::runCodeIgniter(Object(CodeIgniter\CodeIgniter))
 6 FCPATH\index.php(56): CodeIgniter\Boot::bootWeb(Object(Config\Paths))
 7 SYSTEMPATH\Commands\Server\rewrite.php(49): require_once('C:\\xampp\\htdocs\\siput_umkm\\public\\index.php')
WARNING - 2024-08-03 14:57:00 --> [DEPRECATED] Creation of dynamic property App\Controllers\Home::$db is deprecated in APPPATH\Controllers\BaseController.php on line 57.
 1 SYSTEMPATH\CodeIgniter.php(904): App\Controllers\BaseController->initController(Object(CodeIgniter\HTTP\IncomingRequest), Object(CodeIgniter\HTTP\Response), Object(CodeIgniter\Log\Logger))
 2 SYSTEMPATH\CodeIgniter.php(500): CodeIgniter\CodeIgniter->createController()
 3 SYSTEMPATH\CodeIgniter.php(355): CodeIgniter\CodeIgniter->handleRequest(null, Object(Config\Cache), false)
 4 SYSTEMPATH\Boot.php(312): CodeIgniter\CodeIgniter->run()
 5 SYSTEMPATH\Boot.php(67): CodeIgniter\Boot::runCodeIgniter(Object(CodeIgniter\CodeIgniter))
 6 FCPATH\index.php(56): CodeIgniter\Boot::bootWeb(Object(Config\Paths))
 7 SYSTEMPATH\Commands\Server\rewrite.php(49): require_once('C:\\xampp\\htdocs\\siput_umkm\\public\\index.php')
WARNING - 2024-08-03 14:57:31 --> [DEPRECATED] Creation of dynamic property App\Controllers\Home::$db is deprecated in APPPATH\Controllers\BaseController.php on line 57.
 1 SYSTEMPATH\CodeIgniter.php(904): App\Controllers\BaseController->initController(Object(CodeIgniter\HTTP\IncomingRequest), Object(CodeIgniter\HTTP\Response), Object(CodeIgniter\Log\Logger))
 2 SYSTEMPATH\CodeIgniter.php(500): CodeIgniter\CodeIgniter->createController()
 3 SYSTEMPATH\CodeIgniter.php(355): CodeIgniter\CodeIgniter->handleRequest(null, Object(Config\Cache), false)
 4 SYSTEMPATH\Boot.php(312): CodeIgniter\CodeIgniter->run()
 5 SYSTEMPATH\Boot.php(67): CodeIgniter\Boot::runCodeIgniter(Object(CodeIgniter\CodeIgniter))
 6 FCPATH\index.php(56): CodeIgniter\Boot::bootWeb(Object(Config\Paths))
 7 SYSTEMPATH\Commands\Server\rewrite.php(49): require_once('C:\\xampp\\htdocs\\siput_umkm\\public\\index.php')
WARNING - 2024-08-03 14:58:10 --> [DEPRECATED] Creation of dynamic property App\Controllers\Home::$db is deprecated in APPPATH\Controllers\BaseController.php on line 57.
 1 SYSTEMPATH\CodeIgniter.php(904): App\Controllers\BaseController->initController(Object(CodeIgniter\HTTP\IncomingRequest), Object(CodeIgniter\HTTP\Response), Object(CodeIgniter\Log\Logger))
 2 SYSTEMPATH\CodeIgniter.php(500): CodeIgniter\CodeIgniter->createController()
 3 SYSTEMPATH\CodeIgniter.php(355): CodeIgniter\CodeIgniter->handleRequest(null, Object(Config\Cache), false)
 4 SYSTEMPATH\Boot.php(312): CodeIgniter\CodeIgniter->run()
 5 SYSTEMPATH\Boot.php(67): CodeIgniter\Boot::runCodeIgniter(Object(CodeIgniter\CodeIgniter))
 6 FCPATH\index.php(56): CodeIgniter\Boot::bootWeb(Object(Config\Paths))
 7 SYSTEMPATH\Commands\Server\rewrite.php(49): require_once('C:\\xampp\\htdocs\\siput_umkm\\public\\index.php')
WARNING - 2024-08-03 14:58:41 --> [DEPRECATED] Creation of dynamic property App\Controllers\Home::$db is deprecated in APPPATH\Controllers\BaseController.php on line 57.
 1 SYSTEMPATH\CodeIgniter.php(904): App\Controllers\BaseController->initController(Object(CodeIgniter\HTTP\IncomingRequest), Object(CodeIgniter\HTTP\Response), Object(CodeIgniter\Log\Logger))
 2 SYSTEMPATH\CodeIgniter.php(500): CodeIgniter\CodeIgniter->createController()
 3 SYSTEMPATH\CodeIgniter.php(355): CodeIgniter\CodeIgniter->handleRequest(null, Object(Config\Cache), false)
 4 SYSTEMPATH\Boot.php(312): CodeIgniter\CodeIgniter->run()
 5 SYSTEMPATH\Boot.php(67): CodeIgniter\Boot::runCodeIgniter(Object(CodeIgniter\CodeIgniter))
 6 FCPATH\index.php(56): CodeIgniter\Boot::bootWeb(Object(Config\Paths))
 7 SYSTEMPATH\Commands\Server\rewrite.php(49): require_once('C:\\xampp\\htdocs\\siput_umkm\\public\\index.php')
WARNING - 2024-08-03 14:59:07 --> [DEPRECATED] Creation of dynamic property App\Controllers\Auth::$db is deprecated in APPPATH\Controllers\BaseController.php on line 57.
 1 SYSTEMPATH\CodeIgniter.php(904): App\Controllers\BaseController->initController(Object(CodeIgniter\HTTP\IncomingRequest), Object(CodeIgniter\HTTP\Response), Object(CodeIgniter\Log\Logger))
 2 SYSTEMPATH\CodeIgniter.php(500): CodeIgniter\CodeIgniter->createController()
 3 SYSTEMPATH\CodeIgniter.php(355): CodeIgniter\CodeIgniter->handleRequest(null, Object(Config\Cache), false)
 4 SYSTEMPATH\Boot.php(312): CodeIgniter\CodeIgniter->run()
 5 SYSTEMPATH\Boot.php(67): CodeIgniter\Boot::runCodeIgniter(Object(CodeIgniter\CodeIgniter))
 6 FCPATH\index.php(56): CodeIgniter\Boot::bootWeb(Object(Config\Paths))
 7 SYSTEMPATH\Commands\Server\rewrite.php(49): require_once('C:\\xampp\\htdocs\\siput_umkm\\public\\index.php')
INFO - 2024-08-03 14:59:07 --> Session: Class initialized using 'CodeIgniter\Session\Handlers\FileHandler' driver.
INFO - 2024-08-03 14:59:25 --> CSRF token verified.
WARNING - 2024-08-03 14:59:25 --> [DEPRECATED] Creation of dynamic property App\Controllers\Auth::$db is deprecated in APPPATH\Controllers\BaseController.php on line 57.
 1 SYSTEMPATH\CodeIgniter.php(904): App\Controllers\BaseController->initController(Object(CodeIgniter\HTTP\IncomingRequest), Object(CodeIgniter\HTTP\Response), Object(CodeIgniter\Log\Logger))
 2 SYSTEMPATH\CodeIgniter.php(500): CodeIgniter\CodeIgniter->createController()
 3 SYSTEMPATH\CodeIgniter.php(355): CodeIgniter\CodeIgniter->handleRequest(null, Object(Config\Cache), false)
 4 SYSTEMPATH\Boot.php(312): CodeIgniter\CodeIgniter->run()
 5 SYSTEMPATH\Boot.php(67): CodeIgniter\Boot::runCodeIgniter(Object(CodeIgniter\CodeIgniter))
 6 FCPATH\index.php(56): CodeIgniter\Boot::bootWeb(Object(Config\Paths))
 7 SYSTEMPATH\Commands\Server\rewrite.php(49): require_once('C:\\xampp\\htdocs\\siput_umkm\\public\\index.php')
INFO - 2024-08-03 14:59:30 --> Session: Class initialized using 'CodeIgniter\Session\Handlers\FileHandler' driver.
INFO - 2024-08-03 14:59:32 --> Session: Class initialized using 'CodeIgniter\Session\Handlers\FileHandler' driver.
WARNING - 2024-08-03 14:59:32 --> [DEPRECATED] Creation of dynamic property App\Controllers\Home::$db is deprecated in APPPATH\Controllers\BaseController.php on line 57.
 1 SYSTEMPATH\CodeIgniter.php(904): App\Controllers\BaseController->initController(Object(CodeIgniter\HTTP\IncomingRequest), Object(CodeIgniter\HTTP\Response), Object(CodeIgniter\Log\Logger))
 2 SYSTEMPATH\CodeIgniter.php(500): CodeIgniter\CodeIgniter->createController()
 3 SYSTEMPATH\CodeIgniter.php(355): CodeIgniter\CodeIgniter->handleRequest(null, Object(Config\Cache), false)
 4 SYSTEMPATH\Boot.php(312): CodeIgniter\CodeIgniter->run()
 5 SYSTEMPATH\Boot.php(67): CodeIgniter\Boot::runCodeIgniter(Object(CodeIgniter\CodeIgniter))
 6 FCPATH\index.php(56): CodeIgniter\Boot::bootWeb(Object(Config\Paths))
 7 SYSTEMPATH\Commands\Server\rewrite.php(49): require_once('C:\\xampp\\htdocs\\siput_umkm\\public\\index.php')
INFO - 2024-08-03 15:00:04 --> Session: Class initialized using 'CodeIgniter\Session\Handlers\FileHandler' driver.
WARNING - 2024-08-03 15:00:04 --> [DEPRECATED] Creation of dynamic property App\Controllers\Pelatihan::$db is deprecated in APPPATH\Controllers\BaseController.php on line 57.
 1 SYSTEMPATH\CodeIgniter.php(904): App\Controllers\BaseController->initController(Object(CodeIgniter\HTTP\IncomingRequest), Object(CodeIgniter\HTTP\Response), Object(CodeIgniter\Log\Logger))
 2 SYSTEMPATH\CodeIgniter.php(500): CodeIgniter\CodeIgniter->createController()
 3 SYSTEMPATH\CodeIgniter.php(355): CodeIgniter\CodeIgniter->handleRequest(null, Object(Config\Cache), false)
 4 SYSTEMPATH\Boot.php(312): CodeIgniter\CodeIgniter->run()
 5 SYSTEMPATH\Boot.php(67): CodeIgniter\Boot::runCodeIgniter(Object(CodeIgniter\CodeIgniter))
 6 FCPATH\index.php(56): CodeIgniter\Boot::bootWeb(Object(Config\Paths))
 7 SYSTEMPATH\Commands\Server\rewrite.php(49): require_once('C:\\xampp\\htdocs\\siput_umkm\\public\\index.php')
INFO - 2024-08-03 15:00:20 --> Session: Class initialized using 'CodeIgniter\Session\Handlers\FileHandler' driver.
WARNING - 2024-08-03 15:00:20 --> [DEPRECATED] Creation of dynamic property App\Controllers\Home::$db is deprecated in APPPATH\Controllers\BaseController.php on line 57.
 1 SYSTEMPATH\CodeIgniter.php(904): App\Controllers\BaseController->initController(Object(CodeIgniter\HTTP\IncomingRequest), Object(CodeIgniter\HTTP\Response), Object(CodeIgniter\Log\Logger))
 2 SYSTEMPATH\CodeIgniter.php(500): CodeIgniter\CodeIgniter->createController()
 3 SYSTEMPATH\CodeIgniter.php(355): CodeIgniter\CodeIgniter->handleRequest(null, Object(Config\Cache), false)
 4 SYSTEMPATH\Boot.php(312): CodeIgniter\CodeIgniter->run()
 5 SYSTEMPATH\Boot.php(67): CodeIgniter\Boot::runCodeIgniter(Object(CodeIgniter\CodeIgniter))
 6 FCPATH\index.php(56): CodeIgniter\Boot::bootWeb(Object(Config\Paths))
 7 SYSTEMPATH\Commands\Server\rewrite.php(49): require_once('C:\\xampp\\htdocs\\siput_umkm\\public\\index.php')
INFO - 2024-08-03 15:00:24 --> Session: Class initialized using 'CodeIgniter\Session\Handlers\FileHandler' driver.
WARNING - 2024-08-03 15:00:24 --> [DEPRECATED] Creation of dynamic property App\Controllers\Pelatihan::$db is deprecated in APPPATH\Controllers\BaseController.php on line 57.
 1 SYSTEMPATH\CodeIgniter.php(904): App\Controllers\BaseController->initController(Object(CodeIgniter\HTTP\IncomingRequest), Object(CodeIgniter\HTTP\Response), Object(CodeIgniter\Log\Logger))
 2 SYSTEMPATH\CodeIgniter.php(500): CodeIgniter\CodeIgniter->createController()
 3 SYSTEMPATH\CodeIgniter.php(355): CodeIgniter\CodeIgniter->handleRequest(null, Object(Config\Cache), false)
 4 SYSTEMPATH\Boot.php(312): CodeIgniter\CodeIgniter->run()
 5 SYSTEMPATH\Boot.php(67): CodeIgniter\Boot::runCodeIgniter(Object(CodeIgniter\CodeIgniter))
 6 FCPATH\index.php(56): CodeIgniter\Boot::bootWeb(Object(Config\Paths))
 7 SYSTEMPATH\Commands\Server\rewrite.php(49): require_once('C:\\xampp\\htdocs\\siput_umkm\\public\\index.php')
WARNING - 2024-08-03 15:00:28 --> [DEPRECATED] Creation of dynamic property App\Controllers\Auth::$db is deprecated in APPPATH\Controllers\BaseController.php on line 57.
 1 SYSTEMPATH\CodeIgniter.php(904): App\Controllers\BaseController->initController(Object(CodeIgniter\HTTP\IncomingRequest), Object(CodeIgniter\HTTP\Response), Object(CodeIgniter\Log\Logger))
 2 SYSTEMPATH\CodeIgniter.php(500): CodeIgniter\CodeIgniter->createController()
 3 SYSTEMPATH\CodeIgniter.php(355): CodeIgniter\CodeIgniter->handleRequest(null, Object(Config\Cache), false)
 4 SYSTEMPATH\Boot.php(312): CodeIgniter\CodeIgniter->run()
 5 SYSTEMPATH\Boot.php(67): CodeIgniter\Boot::runCodeIgniter(Object(CodeIgniter\CodeIgniter))
 6 FCPATH\index.php(56): CodeIgniter\Boot::bootWeb(Object(Config\Paths))
 7 SYSTEMPATH\Commands\Server\rewrite.php(49): require_once('C:\\xampp\\htdocs\\siput_umkm\\public\\index.php')
INFO - 2024-08-03 15:00:28 --> Session: Class initialized using 'CodeIgniter\Session\Handlers\FileHandler' driver.
WARNING - 2024-08-03 15:00:30 --> [DEPRECATED] Creation of dynamic property App\Controllers\Auth::$db is deprecated in APPPATH\Controllers\BaseController.php on line 57.
 1 SYSTEMPATH\CodeIgniter.php(904): App\Controllers\BaseController->initController(Object(CodeIgniter\HTTP\IncomingRequest), Object(CodeIgniter\HTTP\Response), Object(CodeIgniter\Log\Logger))
 2 SYSTEMPATH\CodeIgniter.php(500): CodeIgniter\CodeIgniter->createController()
 3 SYSTEMPATH\CodeIgniter.php(355): CodeIgniter\CodeIgniter->handleRequest(null, Object(Config\Cache), false)
 4 SYSTEMPATH\Boot.php(312): CodeIgniter\CodeIgniter->run()
 5 SYSTEMPATH\Boot.php(67): CodeIgniter\Boot::runCodeIgniter(Object(CodeIgniter\CodeIgniter))
 6 FCPATH\index.php(56): CodeIgniter\Boot::bootWeb(Object(Config\Paths))
 7 SYSTEMPATH\Commands\Server\rewrite.php(49): require_once('C:\\xampp\\htdocs\\siput_umkm\\public\\index.php')
INFO - 2024-08-03 15:00:30 --> Session: Class initialized using 'CodeIgniter\Session\Handlers\FileHandler' driver.
INFO - 2024-08-03 15:00:39 --> Session: Class initialized using 'CodeIgniter\Session\Handlers\FileHandler' driver.
WARNING - 2024-08-03 15:00:40 --> [DEPRECATED] Creation of dynamic property App\Controllers\Auth::$db is deprecated in APPPATH\Controllers\BaseController.php on line 57.
 1 SYSTEMPATH\CodeIgniter.php(904): App\Controllers\BaseController->initController(Object(CodeIgniter\HTTP\IncomingRequest), Object(CodeIgniter\HTTP\Response), Object(CodeIgniter\Log\Logger))
 2 SYSTEMPATH\CodeIgniter.php(500): CodeIgniter\CodeIgniter->createController()
 3 SYSTEMPATH\CodeIgniter.php(355): CodeIgniter\CodeIgniter->handleRequest(null, Object(Config\Cache), false)
 4 SYSTEMPATH\Boot.php(312): CodeIgniter\CodeIgniter->run()
 5 SYSTEMPATH\Boot.php(67): CodeIgniter\Boot::runCodeIgniter(Object(CodeIgniter\CodeIgniter))
 6 FCPATH\index.php(56): CodeIgniter\Boot::bootWeb(Object(Config\Paths))
 7 SYSTEMPATH\Commands\Server\rewrite.php(49): require_once('C:\\xampp\\htdocs\\siput_umkm\\public\\index.php')
INFO - 2024-08-03 15:00:40 --> Session: Class initialized using 'CodeIgniter\Session\Handlers\FileHandler' driver.
WARNING - 2024-08-03 15:02:42 --> [DEPRECATED] Creation of dynamic property App\Controllers\Home::$db is deprecated in APPPATH\Controllers\BaseController.php on line 57.
 1 SYSTEMPATH\CodeIgniter.php(904): App\Controllers\BaseController->initController(Object(CodeIgniter\HTTP\IncomingRequest), Object(CodeIgniter\HTTP\Response), Object(CodeIgniter\Log\Logger))
 2 SYSTEMPATH\CodeIgniter.php(500): CodeIgniter\CodeIgniter->createController()
 3 SYSTEMPATH\CodeIgniter.php(355): CodeIgniter\CodeIgniter->handleRequest(null, Object(Config\Cache), false)
 4 SYSTEMPATH\Boot.php(312): CodeIgniter\CodeIgniter->run()
 5 SYSTEMPATH\Boot.php(67): CodeIgniter\Boot::runCodeIgniter(Object(CodeIgniter\CodeIgniter))
 6 FCPATH\index.php(56): CodeIgniter\Boot::bootWeb(Object(Config\Paths))
 7 SYSTEMPATH\Commands\Server\rewrite.php(49): require_once('C:\\xampp\\htdocs\\siput_umkm\\public\\index.php')
